FreddyAmazin,"In case you missed it... watch me (and my friend 'Kermit The Frog') sing ""Islands In The Stream"" on @GMA! :) http://t.co/fanTkSlb"
FreddyAmazin,"My brand new book ""Dream More"" is available now! All proceeds go to benefit @DollysLibrary, too! Here's how to get it: http://t.co/PdTG0924"
FreddyAmazin,"Happy Thanksgiving, ya'll! What are you thankful for this year?"
FreddyAmazin,"Without a doubt, songwriting is my greatest source of joy and the best outlet for my creativity."
FreddyAmazin,"I know I have a gift that God gave me, and nobody can take it away."
FreddyAmazin,Show business is a money-making joke. And I've just always liked telling jokes. :)
FreddyAmazin,"If Im comfortable with me, youll be comfortable with me."
FreddyAmazin,Put a little glamour into your Halloween with a special discount on all shirts in the official Dolly merch store! http://t.co/3kOeAnly
FreddyAmazin,"Ill keep climbing, Ill keep climbing."
FreddyAmazin,The way I deal with the joy and the sadness of life is to write about it.
FreddyAmazin,"I feel glamorous on the inside, so I want to look like it on the outside."
FreddyAmazin,"I was told everything I know, so why not share it with others?"
FreddyAmazin,"I'm very excited to be working with @IGTNews with my very own video slot machines - Wanna play? Well, come on! http://t.co/grmypnjL"
FreddyAmazin,"Everyone knows I love Nashville, and I hope the work we've already done will spark more family entertainment in Nashville."
FreddyAmazin,Yeah I flirt - I'm not blind and I'm not dead!
FreddyAmazin,"Hone your skills, sharpen your wits, write those songs, and learn to play."
FreddyAmazin,"I never wanted you out of my life, and Ill never say goodbye."
FreddyAmazin,"My brothers used to throw us off of the cliffs at our old swimming hole, so you kids be careful out there!"
FreddyAmazin,"Ever since I was a little bitty kid, I could just rhyme everything. It was always fun, and it just kind of carried on over the years."
FreddyAmazin,Youre supposed to prepare for the worst and hope for the best.
FreddyAmazin,I do not sit in the seat of judgment. I love people for who they are. We're all God's children.
FreddyAmazin,I hope people realize that there is a brain underneath the hair and a heart underneath the boobs.
FreddyAmazin,"When someone shows you their true colors, believe them."
FreddyAmazin,So proud to be a part of @CrackerBarrel's first gold project! :) http://t.co/O6uMYJB3
FreddyAmazin,"No dream you cant accomplish. No mountain you cant climb. So, activate your love and faith. You can change."
FreddyAmazin,"If you dont take the reigns, its going to stay the same. Nothins gonna change it you dont change it."
FreddyAmazin,The magic is inside you. There aint no crystal ball.
FreddyAmazin,Dont let these false eyelashes lead you to believe that Im as shallow as I look cause I run true and deep.
FreddyAmazin,I look just like the girls next door... if you happen to live next door to an amusement park. :)
FreddyAmazin,Theres a great new world out there for those who dare to claim it. A better day is on the way and only you can change it.
FreddyAmazin,"The way I see it, if you want the rainbow, you gotta put up with the rain."
FreddyAmazin,"Ive got all I need, Jesus and gravity."
FreddyAmazin,Dreams are of no value if they're not equipped with wings.
FreddyAmazin,Freedom ain't free!! :) Happy 4th of July ya'll!
FreddyAmazin,Hey ya'll- take a look at some featured items in my online store for a limited time! Pick something up for this summer! http://t.co/G4cFU7WB
FreddyAmazin,My weaknesses have always been food and men - in that order. :)
FreddyAmazin,I wont miss a beat. I never have. I never will. :)
FreddyAmazin,"I'm old enough and cranky enough now that if someone tried to tell me what to do, I'd tell them where to put it."
FreddyAmazin,I'm thrilled to be bringing my brand spankin' new show @9to5official to the UK! Tickets are on sale now: http://t.co/NUNEasdV
FreddyAmazin,"Above the storm, the smallest prayer will still be heard."
FreddyAmazin,"We cannot direct the wind, but we can adjust the sails."
FreddyAmazin,It's Dolly Parton week in Platinum Life: Country! Ya'll get some cool Dolly gear this week only: http://t.co/QvUliZ4x
FreddyAmazin,I've got little feet because nothing grows in the shade :)
FreddyAmazin,"Don't forget, for every drop of rain a flower grows! :)"
FreddyAmazin,Hear what Dolly says about keeping cool this summer! http://t.co/2bO4422U
FreddyAmazin,Library of Congress selects Dolly Partons Coat of Many Colors for National Recording Registry! Read more at http://t.co/5vSErpKP!
FreddyAmazin,"I refuse to settle for something less than great... all I want is everything, is that too much to ask??"
FreddyAmazin,An Evening WithDolly continues to glitter on and off the stage by going GOLD!! Thank you everyone for your support!
FreddyAmazin,"I can't believe we've lost another wonderful singer. Donna, like Whitney, had one of the greatest voices ever..."
FreddyAmazin,"If there's a heaven, I hope to hell I go!"
FreddyAmazin,"If you talk bad about country music, it's like saying bad things about my momma. Them's fightin' words!"
FreddyAmazin,"If you see someone without a smile, give 'em yours! :)"
FreddyAmazin,"I'll be on The Balancing Act tomorrow morning, don't miss it!! Tune in to  Lifetime Television at 7:00-8 AM EST. &amp; PST., 6:00-7AM CST."
FreddyAmazin,"If I tried to jog with these boobs, I'd end up with two black eyes! Enjoy the beautiful weather!!"
FreddyAmazin,"Hey everyone, be sure to get your very own copy of Joyful Noise available now on Blu-ray and DVD!!  http://t.co/Ptw6UZz5"
FreddyAmazin,"Enter for a chance to win a Joyful Noise Blu-ray Combo Pack &amp; a 32"" HDTV! This DVD stars Queen Latifah &amp; @Dolly_Parton! http://t.co/1qOn1zRM"
FreddyAmazin,"I got the music in my soul and the rhythm in my feet. When I hear the music, you wont catch me standing still that's for sure!!"
FreddyAmazin,An Evening With Dolly Live has been #2 on the Billboard charts for three straight weeks! I can't believe it! Thanks so much y'all!!!
FreddyAmazin,"When I'm inspired, I get excited because I can't wait to see what I'll come up with next!!"
FreddyAmazin,"Im never going to be a Meryl Streep. But then, shell never be a Dolly Parton either. Be true to you! :)"
FreddyAmazin,"Always be true to yourself, what you believe, and where you came from...you'll need those roots sooner or later. :)"
FreddyAmazin,An Evening WithDolly debuts #2 on Billboards Top DVD Music Videos Chart! The DVD/CD set comes in just after @OfficialAdele's 19 wk #1 DVD.
FreddyAmazin,"I hope everyone had a good Easter. Remember ""family"" is not just made up of blood relatives. I'm thankful for my extended family too."
FreddyAmazin,"Great advice in this INSIDE EDITION interview! http://t.co/YQgQQS3J ""An Evening with Dolly""  @CrackerBarrel stores @ http://t.co/Bkf5RY0u."
FreddyAmazin,NEW Video Diary: Happy Easter! http://t.co/V2P8Dr7d
FreddyAmazin,Had a nice visit w/ @VicThompsonABC. Tune In to @Nightline tonight on ABC! http://t.co/VyDekH2D
FreddyAmazin,"We rocked the long press days out with style. For a list of upcoming media appearances, check out the article @ http://t.co/6xoUvaJ2."
FreddyAmazin,Today is the big day! An Evening with Dolly is available NOW @CrackerBarrel !  http://t.co/ztiedHyl Media day is going good. :)
FreddyAmazin,Preparing to meet the press...media day next week for ~An Evening with Dolly~...in @CrackerBarrel April 2nd.
FreddyAmazin,Everyone's got their own life to live and their own mistakes to make.
FreddyAmazin,My desire to do things &amp; know what's out there has always been greater than my fear. I was more scared of staying home than of leaving it.
FreddyAmazin,"A special video message for Australia: ""Thank you!"" http://t.co/y83SSAuU"
FreddyAmazin,Are you wearing green today? http://t.co/M1JAp5dB
FreddyAmazin,New Dolly's Video Diary: Hello Again! http://t.co/D4hiuB0d
FreddyAmazin,"Happy Wednesday everyone! You're halfway through the week, keep it up and remember... Leave something good in every day."
FreddyAmazin,I wish I could stay 21 forever.  Don't we all?  But I won't ever be old in my heart or in my mind.
FreddyAmazin,You'll never do a whole lot unless you're brave enough to try.
FreddyAmazin,Looking forward to my new @CrackerBarrel release: An Evening With...Dolly! Find out more @ http://t.co/g8lnQoUb.
FreddyAmazin,I think that all creative people are a little bit nuts.
FreddyAmazin,My music has taken me everywhere I've been & everywhere I'll go. It's my greatest love. I can't abandon it. I'll always keep making records.
FreddyAmazin,"To me, obligation is not love. Letting someone be open, honest and free - that's love. It's got to come natural and it's got to be real."
FreddyAmazin,Additional statement from Dolly re Whitney Houston: http://t.co/EYEJggaP
FreddyAmazin,Find out who you are and do it on purpose.
FreddyAmazin,"Happy Valentines Day everyone! Celebrate it with love, loved-ones, and maybe a little chocolate :)"
FreddyAmazin,Dolly re Whitney Houston: http://t.co/YePmkH24 #iwillalwaysloveyou #whitney
FreddyAmazin,"Always wanted a Dolly ""Tote of many colors""? Missed out on #BDWT merchandise? It's in the online store NOW! http://t.co/4tlwR9Ve"
FreddyAmazin,"I never, ever get involved in #politics. With politics you are not allowed to be honest. I don`t have time to deal with that."
FreddyAmazin,#joyfulnoise soundtrack is doing well on the charts! You never know :) Check it out for your daily dose of inspiration! http://t.co/eysZLBaH
FreddyAmazin,Thank you to @RyanSeacrest & staff at KIISFM On Air...we had a great visit this morning. :) http://t.co/UqZrEsoM
FreddyAmazin,Thank you everyone for all of the birthday wishes yesterday. Ya'll know how to make a country girl feel blessed. :)
FreddyAmazin,Thank you Joyful Noise choir for this great happy birthday performance! Looking forward to a great 66th year :) http://t.co/bmmMNv2a
FreddyAmazin,"#JoyfulNoise premiers TODAY! Check your local theater listings for times. A few more clips: http://t.co/vBYGxcuc, http://t.co/p8f7LVnh"
FreddyAmazin,NEW Joyful Noise Movie soundtrack available NOW!! Preview the new tracks or purchase at: http://t.co/gIlZgjPy
FreddyAmazin,"This is the big week! Check out another behind the scenes clip from Joyful Noise: http://t.co/oMeTkaC5 - Premiers this Friday, Jan. 13th!!"
FreddyAmazin,Check out another great Dolly clip from #JoyfulNoise! http://t.co/GiH4QzxT Jan.13
FreddyAmazin,Our amazing choir will sing custom messages to you! Send your message with the hashtag #sendsomejoyfulnoise. Watch Joyful Noise - Jan. 13th!
FreddyAmazin,Check Dolly out in this great Joyful Noise preview: the food fight scene! http://t.co/cRq1TK0Q Joyful Noise premiers January 13th!
FreddyAmazin,Make some #JoyfulNoise w/ @IAMQUEENLATIFAH & Dolly! Go behind-the-scenes of their new @wbpictures film @iTunesTrailers: http://t.co/WpmnA6o4
FreddyAmazin,Wishing everyone a Merry Christmas and a Happy New Year! Thank you all for a fantastic year :) I will always love you! http://t.co/g4Bvp0zu
FreddyAmazin,"NOW in US webstore: exclusive Holiday Gift Packs w/ Dolly's cook book (autographed!), Christmas decorations and more! http://t.co/086UcrcR"
FreddyAmazin,What's the latest with Dolly on Google+? See the #CauseILoveEm campaign in action in her latest update at http://t.co/D7Qg8X8f
FreddyAmazin,Video update from Australia! :) http://t.co/4HB61v40
FreddyAmazin,Happy Thanksgiving from Australia! Enjoy family and a nice turkey coma ;) http://t.co/AU7d0dbt http://t.co/zHsYqn9M  #dollythesacrifice
FreddyAmazin,"Dolly: Live From London CD/DVD combo has gone GOLD in Australia!! Thank you to everyone who purchased the record ""down under"" :)"
FreddyAmazin,Finally in Australia! Check out the last episode of Dolly Parton Tour TV and catch up if you've missed any :) http://t.co/ZZnnGLuF
FreddyAmazin,Now Available Hes Everything from @Dolly_Parton new movie Joyful Noise (In Theatres 1/13)! http://t.co/m98hSz5V @KekePalmer @QueenLatfiah
FreddyAmazin,"Dolly Parton and Queen Latifah appearing live in LA 10/28 at #HSTS finale featuring music from upcoming film #JoyfulNoise, in theaters 1/13"
FreddyAmazin,"The question I get asked most is 'are they real?' ...Well, of course not. They're acrylic. I could never grow my nails this long!!"
FreddyAmazin,Times running out on the Better Day with Dolly Sweeps! Visit the Grand Ole @Opry on Facebook to ENTER TO WIN! http://t.co/954enrND
FreddyAmazin,"Dreary day here in Hollywood, Florida but I am ready to bring some sunshine to the Sunshine State tonight!!"
FreddyAmazin,2nd Sydney Australia show presale tix now onsale for Dollyite members. Details @ http://t.co/Pvs0ydCF.
FreddyAmazin,"Beautiful Day in Clearwater, Florida for a show! Come on out if you're close by :) Ruth Eckerd Hall"
FreddyAmazin,For a limited time in the online store: Get a FREE 4-button set with every order over $30! http://t.co/5n0STBlR
FreddyAmazin,Free 4 button set with any merchandise purchase of $30 or more! Get them while they last :) http://t.co/quqlQTbv
FreddyAmazin,"Very excited for the show in Biloxi, Mississippi tonight! :)"
FreddyAmazin,NEW Australian date announced for Better Day World Tour! http://ow.ly/6RyUy
FreddyAmazin,"Hey All! Check out some more photos of the BDWT @ http://ow.ly/6Pzpe. We are looking forward to a fun show in Cedar Park, TX tomorrow :)"
FreddyAmazin,"""I still feel like I'm just starting out!  I don't ever want to retire."""
FreddyAmazin,"Dollyites: Log in & go to the ""On the Road"" photo gallery under ""Media"" for MORE new tour photos. :) http://ow.ly/6Mn5M"
FreddyAmazin,"Check out some new #BDWT photos from Europe @ http://ow.ly/6LVQX! We can't wait to hit the road in the US this week! Texas, here we come!"
FreddyAmazin,"Dollyite Members: Log in & go to the ""On the Road"" photo gallery under ""Media"" for some NEW Dolly photos on her Better Day World Tour!!"
FreddyAmazin,I don't really talk dirty to be dirty. It's just a way of communication. Some people are just born cussers. :)
FreddyAmazin,"Enter to win A Better Day w/ Dolly prize pack including the BETTER DAY CD, a signed guitar, @opry tickets at more! http://t.co/w0rMdURG"
FreddyAmazin,"RT @opry: Finish 2 WIN a BETTER DAY w/ @Dolly_Parton ""I look just like the girls next door, if you happen to live next door to an__""#Mee ..."
FreddyAmazin,RT @opry: Quote #2 in the #MeetDolly contest is coming up! Finish the quote for a chance at a M&G w/ @Dolly_Parton & her new BETTER DAY CD!
FreddyAmazin,Check out the newest edition of Dolly Parton Tour TV! We are up to episode 8! http://ow.ly/6zKMe
FreddyAmazin,"RT @opry: Finish the quote 2 make it a BETTER DAY w/ @Dolly_Parton ""The way I see it, if you want the __, you gotta put up with the rain ..."
FreddyAmazin,RT @opry: Win @Dolly_Parton new BETTER DAY CD & a chance to meet her at the Opry if you can finish the quotes we tweet today - Wed! #Mee ...
FreddyAmazin,"""If there's a heaven, I hope to hell I go!"""
FreddyAmazin,"Dolly will be performing her newest single ""Together You & I"" on BBC1's Strictly Come Dancing TONIGHT! Don't forget to tune in! #scd"
FreddyAmazin,Hello @Palomafaith! It was very nice to meet you @ the London show :) Stay beautiful!
FreddyAmazin,View from the stage @ the O2 in London. Full link this time! :) http://t.co/8hBeq0k
FreddyAmazin,View from the stage @ the O2 Arena in London! Looking forward to the show tonight...SOON all of these seats will be filled! http://ow.ly/...
FreddyAmazin,"Dolly's Better Day album debuts at #5 on Australia's Country Charts! Get ready Australia, we'll be there soon!"
FreddyAmazin,Dolly's Better Day album has entered the UK Charts at #9! Thank you everyone for your support!!
FreddyAmazin,"Getting ready to hit the stage in Cardiff, Wales! This next song is for people who are too bad to be good, and too good to be bad. :) #BDWT"
FreddyAmazin,Check Dolly out on QVC - Her NEW album BETTER DAY and bonus Live From London DVD/CD now available! http://ow.ly/6jSIx
FreddyAmazin,"Official Dolly Merchandise has gone global! Check out items in our NEW European, Australian, and United Kingdom stores @ http://ow.ly/6hDp8!"
FreddyAmazin,Dolly's newest album BETTER DAY now available in the UK! Pick up a copy today! http://ow.ly/6htSe
FreddyAmazin,"Pre-sale tickets and packages now available to EVERYBODY for the 10/18 Hollywood, FL Hard Rock Live show!! http://ow.ly/6d1H7"
FreddyAmazin,"NEW SHOW! Oct. 18 - Hard Rock Live / Hollywood, FL_ Dollyite Pre-Sale Tickets available TODAY! http://ow.ly/6ciPN"
FreddyAmazin,"After momma gave birth to twelve of us kids, we put her up on a pedestal. It was mostly to keep Daddy away from her."
FreddyAmazin,"2 additional #BDWT shows announced in Australia! Get dates, locations, & pre-sale information @ http://ow.ly/68JVf"
FreddyAmazin,"Dolly backstage before the first show in Glasgow, Scotland! http://ow.ly/68qB4"
FreddyAmazin,"And, if you are on Google+, don't forget to add her to your circles ;-)"
FreddyAmazin,"Dolly giggles over Google+, head on over to her new Google+ profile and see what she what the fuss is about http://t.co/IzV59ld"
FreddyAmazin,=&gt; Dolly Parton Tour TV! NEW video content every week leading up to the AU Tour. Don't miss an episode :) http://ow.ly/650l2
FreddyAmazin,Dollyite Members. European show meet and greets are now OPEN for application! Head to the website news section for info. http://ow.ly/63FnE
FreddyAmazin,"BDWT show added in Houston, TX! Dollyite Pre-sale begins @ Noon TODAY!  info =&gt; click the first news article @ http://ow.ly/5ZThb."
FreddyAmazin,"""I wish I could stay 21 forever.  Don't we all?  But I won't ever be old in my heart or in my mind."""
FreddyAmazin,"Dollyite Website Presale tix for Oct. 10th, Biloxi, MS concert available TODAY August 2nd @ NOON Central Time. http://ow.ly/5TeIa"
FreddyAmazin,"Tune in for Dolly on ""Access Hollywood"" tonight, BTS interview @ the Hollywood Bowl! Check local listings for schedules!"
FreddyAmazin,Cambio talks fashion with Dolly backstage at the Hollywood Bowl! Check out her advice @ http://ow.ly/5PM75.
FreddyAmazin,"""You know how they say somebody from the city is street smart? Well, I got country smarts. Common sense will win out any day."""
FreddyAmazin,PHOTO: Dolly backstage @jayleno before the show: http://t.co/QeOC2O4 via @twitpic
FreddyAmazin,"Don't miss Dolly on the Tonight Show with Jay Leno (@JayLenoTonight) as she performs her newest single ""Together You And I."""
FreddyAmazin,"""I love bald men. Just because you've lost your fuzz, don't mean you ain't a peach."""
FreddyAmazin,"Dollyite presale for Oct. 8th BOK Center in Tulsa, OK begins today at 12 noon! More details under news @ http://ow.ly/5I02f."
FreddyAmazin,Meet and greet information for Dolly's Better Day World Tour has been posted in the news section @ http://ow.ly/5FHBt.
FreddyAmazin,"""I'll take a sandwich and a shake over a joint and a jug anytime."""
FreddyAmazin,"""It costs a lot of money to look this cheap!"""
FreddyAmazin,Hey Everyone! We've added another run of Dolly BDWT Dates in October! Get ALL of the details @ http://ow.ly/5CzCj.
FreddyAmazin,"""If there's a heaven, I hope to hell I go!"""
FreddyAmazin,"""I have a strict policy that nobody cries alone in my presence."""
FreddyAmazin,Don't forget to tune into @FollowCMT Top 20 Countdown today and this weekend! Dolly is visiting with Evan Farmer! http://ow.ly/i/e3Kk
FreddyAmazin,Dolly's Better Day debuts @ #9 on Bilboard's Country Albums Chart! A BIG THANK YOU to all who purchased the record (digital or physical)! :)
FreddyAmazin,Dolly's getting ready to hit the road on her Better Day World Tour! She's packing her bags. Make sure she has everything! http://ow.ly/5xq71
FreddyAmazin,"Happy Fourth Everyone! Dolly's NEW music video ""Together You And I"" world premiered on @FollowCMT today! Check it out!  http://ow.ly/5wfoo"
FreddyAmazin,"""If you see someone without a smile, give 'em yours!"" Hope everyone is having a safe & fun holiday weekend. :)"
FreddyAmazin,Hey Everyone! Hope you all enjoy a long 4th of July weekend filled with fun! Check out a new Video Diary from Dolly @ http://t.co/sxXJgwX
FreddyAmazin,"Dolly is @FollowCMT Posted Artist of the Month for July! See live performances, videos, interviews, BTS photos & MORE @ http://t.co/GfA0yii"
FreddyAmazin,Just in! Dolly's BETTER DAY will be released in the UK on the 29th of August. It will be a #BetterDay
FreddyAmazin,"""Love will grow if one just lets it, Let Love Grow!"" Hope you picked up your copy of BETTER DAY...TODAY! RT to enter to win a signed copy!"
FreddyAmazin,"""Get out & stay out! I'm taking back my life."" TOMORROW is a BETTER DAY!!! Pick up your copy & let us know what you think! RT to enter..."
FreddyAmazin,"Hey Dollyite Members! Check out NEW behind the scenes photos from the making of the ""Together You And I"" music video @ http://ow.ly/5qMSB!"
FreddyAmazin,"""I'll be swinging on sunbeams so proud that I've finally won, & when the losings all done, I'm gonna shine like the sun!"" June 28th! RT"
FreddyAmazin,"""Lift the shades, fix my gaze on a Better Day."" RT to enter to win a signed copy of Better Day. Get ready for a ""Better Day"" this Tuesday!!"
FreddyAmazin,"""Nothing left to do but try. I might make it, I just might!"" Happy Friday everyone! RT to enter to win a signed Better Day CD :) June 28th!!"
FreddyAmazin,"Better Day is #1 on ""The Must List"" in Entertainment Weekly! Find out more @ http://ow.ly/5p8nE ! Woohoo!!!"
FreddyAmazin,"""Grindstones & rhinestones that made up my life. But I've shined like a diamond through sacrifice."" 5 Days until Better Day! RT to enter..."
FreddyAmazin,"""When I'm holding you, I'm holding everything!"" RT & enter to win a signed Better Day CD! June 28th! Get ready for a BETTER DAY!"
FreddyAmazin,"""I'm quite content with who I am, & if you ain't will kiss my ham cause I'm country to the bone!"" RT to enter to win a signed Better Day CD!"
FreddyAmazin,"Great chattin' with Suzanne Alexander @gactv! http://ow.ly/i/dh2M. Getting ready for a BETTER DAY, JUNE 28th! ;)"
FreddyAmazin,Hanging out with Nan Kelley and the folks over @gactv talkin' up the new album and tour! http://ow.ly/i/dgQ2
FreddyAmazin,"""Together You & I belong like a songbird and a song."" RT & enter to win a signed Better Day CD! June 28th = THE BIG DAY! http://t.co/S76DECH"
FreddyAmazin,"Dolly enjoyed talking about her new album and upcoming ""Better Day World Tour"" with @kixbrooks today!! http://ow.ly/i/de62"
FreddyAmazin,"""In case you're wondering, somebody's missing you."" RT to win a signed Better Day CD. Coming June 28th!! http://t.co/S76DECH."
FreddyAmazin,"""We're so consumed with the fear of dyin', the joy of livin' is lost."" RT to enter to win an autographed Better Day CD, Available June 28th!"
FreddyAmazin,"Pre-Order Better Day NOW @ http://t.co/S76DECH! Limited-edition vinyl, Dolly's handwritten lyrics on a collectible poster & much more!"
FreddyAmazin,"Pre-order Dolly's new album Better Day NOW! The limited deluxe pack comes w/signed LP, exclusive poster and bonus dvd. http://t.co/S4Lj1uD"
FreddyAmazin,We're all getting ready for meet and greets at #CMA Fest!
FreddyAmazin,Dolly's doing meet and greets @ #CMAFest! Find out how you can win @ http://ow.ly/5b9Cy.
FreddyAmazin,Watch a special edition of Dolly's Video Diary as she discusses Nashville's CMA Festival @ http://ow.ly/5aapy. #CMAFest @CountryMusic
FreddyAmazin,"Dolly's going ""down under"" with her Better Day World Tour!! Australia dates announced during November @ http://ow.ly/59B3Q."
FreddyAmazin,Watch Dolly's newest Video Diary @ http://ow.ly/58Jn6 as she talks about Summer and those pesky cicadas.
FreddyAmazin,"""I think that all creative people are a little bit nuts."" -Dolly :)"
FreddyAmazin,"Hey Everyone! Don't forget to watch @TheEllenShow today! @Dolly_Parton debuts her new single ""Together You and I"" & chats with Ellen! :)"
FreddyAmazin,"""Together You & I"" is now available on iTunes! Check it out and let us know what you think about the debut single! http://ow.ly/52WSh."
FreddyAmazin,Check out the Together You and I Video Contest! Hear a special message from Dolly & see how you can get involved @ http://ow.ly/51ebz!
FreddyAmazin,"""I always say, God is mighty, and I think He definitely knows what's happening."""
FreddyAmazin,Hey Everybody! Want the VIP Experience at Dolly's concerts this year? See how you can go see Dolly in style @ http://ow.ly/4WDF9.
FreddyAmazin,"""Yeh I flirt, I'm not blind and I'm not dead!"" :)"
FreddyAmazin,Hey everyone! Check out a couple of behind the scenes photos @ yesterday's shoot. http://ow.ly/4Soox & http://ow.ly/4SopC. :)
FreddyAmazin,"""My desire to do things and know what's out there has always been greater than my fear."""
FreddyAmazin,"Hey! Dolly's hair isn't the only ""platinum"" thing we're talking about today! Check her out in a new ""platinum"" game @ http://ow.ly/4QDcD."
FreddyAmazin,Hello Europe! Dolly's Better Day World Tour is now offering VIP Experience Upgrades for the European shows. Details @ http://ow.ly/4NCMd.
FreddyAmazin,"Hollywood Bowl presale added tomorrow morning at 10am PST. If you're in LA, get details @ http://ow.ly/4Lsf6."
FreddyAmazin,"""Above the storm, the smallest prayer will still be heard."""
FreddyAmazin,"I'm old enough and cranky enough now that if someone tried to tell me what to do, I'd tell them where to put it! :)"
FreddyAmazin,"""I've got something lifting me up, something holding me down,...I've got all I need, Jesus & gravity."" Happy Easter!!"
FreddyAmazin,"CMT's ""The Greatest"" banner contest winner announced! If you entered, check it @ http://ow.ly/4EjSA. Tune in & see if Dolly wins on May 7th."
FreddyAmazin,"""Men are no different than women as far as their hearts go. Its just that women love to tell everything!"" :)"
FreddyAmazin,"To celebrate 1 MILLION, we're choosing 100 followers to receive the new BETTER DAY album! We'll mail 'em out the week of release in July :)"
FreddyAmazin,Hey Everyone! We've reached 1 MILLION FOLLOWERS!!! Thank you!!
FreddyAmazin,"""If you talk bad about country music, it's like saying bad things about my momma. Them's fightin' words."""
FreddyAmazin,"Dolly is promoting the UK leg of the #BDWT this week! Tune in to ""The ONE Show"" tonight on BBC1. More appearances @ http://ow.ly/4yzqj."
FreddyAmazin,"""You'll never do a whole lot unless you're brave enough to try."" -Dolly"
FreddyAmazin,"""When someone shows you their true colors, believe them."" -Dolly"
FreddyAmazin,Last day to purchase #betterdayworldtour presale packages & tkts. Find out how @ http://ow.ly/4qAlW. Public on sale tomorrow!!
FreddyAmazin,"#BetterDayWorldTour US Presale tickets available to subscribers, social networks & online comm NOW @ http://ow.ly/4p3eD. Limited # avail!!"
FreddyAmazin,Dollyites: Check your email or head to the Dollyite Contest page for an important #BetterDayWorldTour Presale announcement!
FreddyAmazin,"Knoxville, TN presale tickets & VIP packages NOW available for July 17 show! NEW US tour dates posted! Get details @ http://ow.ly/4kQww."
FreddyAmazin,Happy Tuesday! Dolly is up for 'The Greatest' on @FollowCMT. VOTE now & find out how to WIN a copy of the new album @ http://ow.ly/4jNvc.
FreddyAmazin,Dollyites: Please check your email or go to the website Dollyite contest page for an important presale announcement! :) http://ow.ly/4juiD
FreddyAmazin,"Hey Everyone! Spring Sale on select Dolly items! 25% OFF, NEW 2011 Dolly Calendar, ALL posters, Contemporary T's & more @ http://ow.ly/4j8yX"
FreddyAmazin,"Morning everyone, Happy Monday. ""Leave something good in every day."" -Dolly"
FreddyAmazin,Did any Dolly fans wear their O'Dolly t-shirts today? :) Post a picture and tag @dolly_parton so we can see it! :)
FreddyAmazin,"""Home is anywhere I hang my hair."" -Dolly"
FreddyAmazin,"Dolly's July 31 show @ the Wolf Trap Filene Center in Vienna, VA is now on sale to the general public. Tickets. http://ow.ly/4d55I"
FreddyAmazin,"Dolly @ Wolf Trap in Vienna, VA July 31, pre-sale tkts and VIP bundles available NOW @ http://ow.ly/4cJst. User: dolly, Pass: parton"
FreddyAmazin,Rock on Dolly! http://t.co/k6f3ubA #iTunes
FreddyAmazin,"Pre-sale tix/VIP packages available to Dollyites for Wolf Trap July 31 Vienna, VA show TODAY 5PM ET. Head to http://ow.ly/4bXAf for details."
FreddyAmazin,Dolly & Friends gather to celebrate Kenny Rogers: The First 50 Years tonight @ 8:30pm ET on @gactv. More details @ http://ow.ly/4aa9E.
FreddyAmazin,"""I never let a rhinestone go unturned."" -Dolly"
FreddyAmazin,"Thanks to @TheBootGirls for asking Dolly to ""put on her boots"" for this great campaign! Read more @ http://ow.ly/421e5."
FreddyAmazin,Dollyites! 2nd O2 London show announced for Sept. 8. Dollyite Pre-Sale tickets are available now. Get details @ http://ow.ly/41R9a.
FreddyAmazin,Dolly will be doing a Q&A with British publication Q Magazine for the upcoming tour. Submit your question? Details @ http://ow.ly/41ikM.
FreddyAmazin,Enjoy a little blast from the past...Dolly guests on the Simpsons: http://ow.ly/41ezc
FreddyAmazin,"""I have little feet because nothing grows in the shade."" -Dolly"
FreddyAmazin,"Dolly's 2011 Grammy Acceptance Video @ http://ow.ly/3WXs4. ""Just because I got the Lifetime Achievement Award doesn't mean I'm done."" -Dolly"
FreddyAmazin,"Dollyite pre-sale ticket link for Aug. 25 Copenhagen, Denmark show has been posted in the Dollyite forum & email sent to fan club members."
FreddyAmazin,Dolly is 2011 Grammy Lifetime Achievement Award recipient! Ireland dates announced for Better Day Tour. Get details @ http://ow.ly/3W2cY.
FreddyAmazin,"Dollyite Members planning to attend the @dolly_parton Sweden shows in Aug., please check your email for pre-sale ticket information."
FreddyAmazin,More dates announced for Dolly's 2011 Better Day Tour @ http://ow.ly/3SNZU! Here we come Scandinavia!!
FreddyAmazin,Dolly announces new UK dates for her 2011 World Tour! Tickets on presale to all @LiveNationUK subscribers 9am Thursday http://bit.ly/ezh5CJ.
FreddyAmazin,"We're celebrating Valentine's Day early! Feb. 7-14, 50% OFF in the online store! Check it out @ http://ow.ly/3RDYQ."
FreddyAmazin,"""If you see someone without a smile, give 'em yours."" -Dolly"
FreddyAmazin,"""I hope people realize there is a brain underneath the hair and a heart underneath the boobs."" -Dolly (http://ow.ly/3KFgh)"
FreddyAmazin,"Thank you for all of the #birthdaywishes. See our 'Birthday Wishes' Contest winners @ http://ow.ly/3GNhY.  ""I Will Always Love You."" -Dolly"
FreddyAmazin,"""Find out who you are and do it on purpose."" -Dolly"
FreddyAmazin,"Dolly's birthday is only 1 week away! Check out Dolly's 2011 ""Birthday Wishes"" Contest @ http://ow.ly/3CGWg for your chance to win!"
FreddyAmazin,Happy New Year everybody! :) Dolly has announced the title of her upcoming 2011 album. Check it out @ http://ow.ly/3zApv.
FreddyAmazin,"""This next song is for people who are too bad to be good, and too good to be bad."" :) -Dolly"
FreddyAmazin,Merry Christmas!
FreddyAmazin,Dolly wishes everyone a Merry Christmas! Listen to her tell a touching Christmas story from her childhood at http://ow.ly/3qT5X
FreddyAmazin,Get your 2011 Dolly Calendar now! This unique calendar features all new Dolly photos taken just last October! http://ow.ly/3pIev
FreddyAmazin,Get 50% off in the Dolly store thru Wednesday! http://ow.ly/3oDky
FreddyAmazin,Check out some festive Dolly photos at http://ow.ly/3jBnf
FreddyAmazin,RT @mamoosie: And for a long drive do u use a DollyWood? ;) RT @OMGFactsSports: A putt on a hilly green is called a Dolly Parton
FreddyAmazin,New features in the Dolly app for Android and iPhone! Grab it at http://ow.ly/3igIJ and read about the new features at http://ow.ly/3igKh
FreddyAmazin,HUGE SALE TODAY & THROUGH THE WEEKEND! 30% off all Dolly Parton merch! Check it out at http://ow.ly/3fWzY
FreddyAmazin,"Dolly wishes everyone a Happy Thanksgiving! Though mostly an American tradition, everyone will love what she has to say! http://ow.ly/3f1FL"
FreddyAmazin,don't forget to catch Dolly on @LarryKing tomorrow! Check your local listings for showtimes
FreddyAmazin,Hey everyone! The #travelindolly video is posted @ http://ow.ly/3dS5s. Congratulations Damien on winning the grand prize! Happy Travelin'!
FreddyAmazin,My weaknesses have always been food and men - in that order.
FreddyAmazin,Dolly Parton to release new album/tour next year!!! Get the whole scoop at http://ow.ly/3aFMC
FreddyAmazin,I have a strict policy that nobody cries alone in my presence.
FreddyAmazin,The '3rd Annual Dress Like Dolly Contest' winning photos have been posted! Check them out @ http://ow.ly/36QEy. Awesome job!!
FreddyAmazin,We've made some new changes to Dolly's @facebook page! We've added a band page from @rootmusic. Check it out at http://ow.ly/34r4t
FreddyAmazin,Last #travelindolly Trivia winner and answer of the year posted @ http://ow.ly/33SRv ! Thank you everyone!
FreddyAmazin,I'm not going to limit myself just because people won't accept the fact that I can do something else.
FreddyAmazin,I look just like the girls next door... if you happen to live next door to an amusement park.
FreddyAmazin,Hey Everyone! It's time to enter the #travelindolly grand prize contest! Go to http://ow.ly/31Eb1 for details on how to enter! Happy Friday!
FreddyAmazin,"We've brought back 2 past shirt designs for $12.99 each! Check out ""flourish"" & ""studio shot"" at http://ow.ly/30Xcq"
FreddyAmazin,RT @jillwhit05: @Dolly_Parton I'm dressed as Dolly 4 Halloween & a top 10 finalist in Billboard's costume contest! Pls vote JILL:...
FreddyAmazin,"If you don't like the road you're walking, start paving another one."
FreddyAmazin,#travelindolly is making her last stop :( See where she is & enter to win a sweet Dolly t-shirt and signed vinyl album @ http://ow.ly/30n1r.
FreddyAmazin,See if you're this week's #travelindolly trivia winner & Dolly history expert @ http://ow.ly/2ZIzA. :)
FreddyAmazin,Tour Books added to our discounted merch and now $5.99! http://ow.ly/2YXYE
FreddyAmazin,"New popular shirts added to our ""sale"" section! Get 3 shirts for the price of 1 in one special package! Check it out at http://ow.ly/2XefR"
FreddyAmazin,"#travelindolly trivia tests you with a bit of Dolly history @ http://ow.ly/2Xdlq. Enter to win a SWEET framed, personalized signed vinyl LP."
FreddyAmazin,"#travelindolly trivia tests you with a bit of Dolly history @ http://ow.ly/2XcMy. Enter to win a SWEET framed, personalized signed vinyl LP."
FreddyAmazin,Did you answer this week's #travelindolly trivia correctly? Get the answer & take a break to watch the music video @ http://ow.ly/2VYCN.
FreddyAmazin,RT @daraobriain: Dolly and I have gone our separate ways. Our wildlife detective agency was closed a decade ago. I was getting more gigs ...
FreddyAmazin,"After momma gave birth to twelve of us kids, we put her up on a pedestal. It was mostly to keep Daddy away from her."
FreddyAmazin,Last of the new merch is up! Check out 2 new shirts & 1 new mug... and be ready for a few surprises with some old favs soon....
FreddyAmazin,"Have you added ""Live From London"" to your netflix queue yet? Log in to your account and check it out at http://ow.ly/2TJ85"
FreddyAmazin,#travelindolly is in HOLLYWOOD!! Check out this week's TD Trivia @ http://ow.ly/2T1yU for your chance to win some cool prizes! :)
FreddyAmazin,Dolly's got a new video diary or you! She what she has to say on YouTube http://ow.ly/2SlM6 or on her website http://ow.ly/2SlJC
FreddyAmazin,Get the answer to this week's #travelindolly trivia @ http://ow.ly/2SiTn. Did you win?! Look for another TD sighting tomorrow!
FreddyAmazin,The magic is inside you.  There aint no crystal ball.
FreddyAmazin,"Want to win some Dolly merch! Check out this years ""Dress Like Dolly"" contest for halloween! http://ow.ly/2QjgE"
FreddyAmazin,What are all of those things?! Check out this week's #travelindolly trivia @ http://ow.ly/2PwEz. Don't be a boob. :) Enter to win!!
FreddyAmazin,"Check out some new Dolly merch, including a pair of crystal etched pint glasses! You've got to see these! http://ow.ly/2PqPY"
FreddyAmazin,See if you won this week's #travelindolly trivia @ http://ow.ly/2OQkb! Congratulations! Look for another TD visit tomorrow!
FreddyAmazin,I can relate to people who are struggling and trying to find their true identity
FreddyAmazin,"If kids can read, you can stir their imaginations. They can educate themselves, even if they dont have the best opportunities."" -Dolly"
FreddyAmazin,Enter to win this week's #travelindolly trivia prize @ http://ow.ly/2LNKm. This is an easy one. :)
FreddyAmazin,My weaknesses have always been food and men - in that order.
FreddyAmazin,Do you know this week's #travelindolly trivia answer? Enter to win this week's prize @ http://ow.ly/2IpUi ! Hint: Doralee would know it...
FreddyAmazin,New Dolly fan art posted! Did yours make it up yet? http://ow.ly/2Ie54
FreddyAmazin,See 9 to 5: The Musical in Ft. Worth at Bass Performance Hall July 26-31. Tickets ONSALE Now at http://bit.ly/97o2VW  or call 817-212-4280!
FreddyAmazin,Hey Everyone! Find out if you're this week's #travelindolly Trivia winner @ http://ow.ly/2HFcv! Look for another chance to win tomorrow!
FreddyAmazin,"9 to 5 is workin its way to St. Louis and tickets are on sale. Tickets available by phone, 314-534-1111 or by visiting http://bit.ly/czCGcS"
FreddyAmazin,#travelindolly is in Australia this week! Answer this week's trivia @ http://ow.ly/2Fohi and be entered to win some great Dolly prizes!
FreddyAmazin,Hey Tampa! Are you workin 9 to 5? Tickets on-sale now at the Straz Center by calling 813.229.STAR or visiting http://bit.ly/strazctr
FreddyAmazin,See if you won this week's #travelindolly trivia & get the answer here: http://ow.ly/2EUav. Look for another TD appearance tomorrow!
FreddyAmazin,Dolly will be making an appearance on The @Nate_Berkus Show today! Be sure and check your local channel listings for showtimes
FreddyAmazin,"Save ""Live From London"" to your @Netflix queue! Read more at http://ow.ly/2E1rb or go straight to Netflix and and check it out!"
FreddyAmazin,"""A peacock who sits on its tail feathers is just another turkey."" -Dolly"
FreddyAmazin,#travelindolly has landed again. See where she is and enter to win a personalized autographed CD @ http://ow.ly/2BTAP.
FreddyAmazin,See if you won this week's #travelindolly trivia @ http://ow.ly/2Bhb7. There will be another chance to win a great Dolly prize tomorrow!
FreddyAmazin,"Dolly To Play This Year's ""We're All For The Hall"" Benefit in Nashville! Read the full story at http://ow.ly/2AIH8"
FreddyAmazin,"Don't have ""Live From London"" yet? Grab the MP3 album now for $5 at Amazon.com! http://ow.ly/2zgNT"
FreddyAmazin,New Dolly merch available! Previously only available at her downtown Nashville store! http://ow.ly/2yGb5
FreddyAmazin,#travelindolly toured our nation's capital! Check out the photo & enter to win a personalized autographed Dolly poster @ http://ow.ly/2y7tc.
FreddyAmazin,I hope people realize that there is a brain underneath the hair and a heart underneath the boobs.
FreddyAmazin,Find out if you won #travelindolly trivia this week @ http://ow.ly/2wW12. Look for another TD Trivia question & great prize later this week.
FreddyAmazin,"Sometimes I just want to copy someone elses status, word for word, and see if they notice."
FreddyAmazin,Be entered to win a personalized autographed poster of Dolly if you can answer this week's #travelindolly trivia @ http://ow.ly/2vhqn.
FreddyAmazin,"Find out who you are, and do it on purpose"
FreddyAmazin,Find out if you're this week's #travelindolly trivia winner and get the answer here: http://ow.ly/2uxTR. :)
FreddyAmazin,Dolly has a new video diary out! See what she has to say about @9to5themusical at http://ow.ly/2u74x
FreddyAmazin,RT @MusicRow: @EDirections Just Added @Dolly_Parton to the @musicrow country twitter chart. Wow! She's already No. 2
FreddyAmazin,"Dolly is returning to the silver screen alongside @IAMQUEENLATIFAH in ""Joyful Noise."" Read a statement from Dolly at http://ow.ly/2tpUp"
FreddyAmazin,#travelindolly is visiting a beautiful castle in England. Find out where she went and get this week's trivia question @ http://ow.ly/2rnry.
FreddyAmazin,"The secret word is ""Dolly."" See what it's for at http://ow.ly/2qcrp"
FreddyAmazin,"National Tour of 9 to 5: The Musical opens in Charlotte, NC - Tuesday, October 5th!  Tickets On Sale this TODAY! http://bit.ly/charncon"
FreddyAmazin,"""Some of my dreams are so big they would scare you!"" :)"
FreddyAmazin,Congratulations to this week's #travelindolly trivia winner! Is it you?: http://ow.ly/2oVDH. Look for TD to appear soon in a city near you!
FreddyAmazin,"9 to 5: The Musical Premiering in Nashville, TN @tpac!  Tickets onsale 8/13 at 10AM! http://bit.ly/9to5tpac"
FreddyAmazin,Motorcycle signed by Dolly and others for charity STOLEN! Read more at http://ow.ly/2obBH and hope they can get it back!
FreddyAmazin,Big Dolly news coming tomorrow! What could it be? You'll just have to wait and see ;-) only at dollypartonmusic.net
FreddyAmazin,New Dolly fan art posted! Did yours make it up yet? http://ow.ly/2nHfH
FreddyAmazin,"""Don't get so busy making a living that you forget to make a life."""
FreddyAmazin,#travelindolly is in NEW YORK CITY!!! See the sights and get this week's trivia question @ http://ow.ly/2m4bC.
FreddyAmazin,Happy Thursday! We have (even) more new Dolly merch today! 2 shirts and a new mug! Check it out at http://ow.ly/2lv1z
FreddyAmazin,Get the answer to last week's #travelindolly trivia and see if you're the big winner @ http://ow.ly/2l8Gu !!
FreddyAmazin,"Dolly takes time to answer your questions in the second episode of ""Ask Dolly"" http://ow.ly/2k0Ja"
FreddyAmazin,"""Smile, it enhances your face value."" :)"
FreddyAmazin,#travelindolly is taking in the mountain scenery today! Find out where she is and get this week's trivia question @ http://ow.ly/2ir3G.
FreddyAmazin,Did you win this week's #travelindolly trivia? Find out here: http://ow.ly/2hOJw.
FreddyAmazin,Ha! Dolly makes @billboarddotcom Top 20 tweets of last week! http://ow.ly/2hdn8
FreddyAmazin,"""Love is something sent from HEAVEN to worry the HELL out of you!"" :) - Dolly"
FreddyAmazin,We've made some changes to our online store! A little less cluttered... and check back soon for some great items on sale! http://ow.ly/2fGk5
FreddyAmazin,I think that all creative people are a little bit nuts.
FreddyAmazin,"#travelindolly is in Orange, CT this week! Find out where she went and answer this week's ""cluster"" trivia question @ http://ow.ly/2fkMm."
FreddyAmazin,Find out who won this week's #travelindolly trivia and see if your answer was correct @ http://ow.ly/2ebJW !!
FreddyAmazin,Have fun showing off your country trivia knowledge & help #nashvillefloodrelief. There's even some Dolly questions at http://ow.ly/2e0Rl
FreddyAmazin,"When I'm inspired, I get excited because I can't wait to see what I'll come up with next!"
FreddyAmazin,New (some) never-before-seen photos in the Dolly #iPhone and #Android app. Grab the app for FREE at http://road.ie/dolly-parton
FreddyAmazin,want to submit your Dolly inspired art for her website? Read how to submit in the news section at http://ow.ly/2c0VK
FreddyAmazin,New Dolly fan art! Did yours make it into the gallery yet? http://ow.ly/2bqtq
FreddyAmazin,#travelindolly in sunny Las Vegas this week. See where she went and get this week's quiz question @ http://ow.ly/2boF8.
FreddyAmazin,I hope people realize that there is a brain underneath the hair and a heart underneath the boobs.
FreddyAmazin,Find out who won this weeks #travelindolly quiz prize and check to see if your answer was correct @ http://ow.ly/2aoK6! Look for TD#3...
FreddyAmazin,European Tour 2007 - Part 2 video is now available for everyone to check out at http://ow.ly/2ainV
FreddyAmazin,"It's a good thing I was born a girl, otherwise I'd be a drag queen"
FreddyAmazin,"for those that are curious, we are working on an @GelaSkins iPhone skin. What types do fans have?"
FreddyAmazin,"In keeping up with giving you more merch choices, Dolly introduces 2 new shirts and ballcap today. http://ow.ly/28I4Z"
FreddyAmazin,"#travelindolly is in Anaheim, CA this week visiting some ""angels"". Get more details and enter this weeks contest here: http://ow.ly/28kat"
FreddyAmazin,"After momma gave birth to twelve of us kids, we put her up on a pedestal. It was mostly to keep Daddy away from her."
FreddyAmazin,"Dolly has a new Video Diary! Check it out on the site, slice or youtube link at http://ow.ly/26nqv"
FreddyAmazin,"Dolly has a new Video Diary! Check it out on the site, slice or youtube link at http://ow.ly/26np0"
FreddyAmazin,Don't forget to catch the 25 Years of Dollywood Special on @hallmarkchannel this Saturday!
FreddyAmazin,#travelindolly in Florida this week! Find out where on @dolly_parton official website here: http://ow.ly/25YGL.  Send in the answer to...
FreddyAmazin,"Miss Dolly on ""Good Day New York""? Catch it in our news section at http://ow.ly/25WJq"
FreddyAmazin,@aullberg please follow the account so I can send you a direct message
FreddyAmazin,Miss Dolly on @late_show last night? Check it out at http://ow.ly/25ulN
FreddyAmazin,don't forget to catch Dolly on @late_show tonight! You can also see her tomorrow on @regis_and_kelly and more! http://ow.ly/24KGe
FreddyAmazin,New Dolly USA bundles! Just in time for the 4th of July! Get yours today at http://ow.ly/24mxR
FreddyAmazin,"Happy Birthday @KelliePickler, petite blondes unite! Love you Pickler - Dolly P."
FreddyAmazin,"you can catch Dolly on many television appearances tomorrow! @GMA, @accesshollywood, @late_show and more. Check it out at http://ow.ly/24fgL"
FreddyAmazin,"Due to overwhelming popularity, we have made Dolly's #iPhone #Android App free! You can grab the app at http://ow.ly/23if1"
FreddyAmazin,Win some great prizes with #travelindolly this summer! Get contest details here: http://ow.ly/22rac
FreddyAmazin,My weaknesses have always been food and men - in that order...
FreddyAmazin,"LIMITED QUANTITY! 2008 All Access passes and stickys! Very collectible, only 11 All Access passes available. http://ow.ly/20nPi"
FreddyAmazin,@dollyslibrary has just given away it's 25 millionth book! Congrats to everyone involved! http://ow.ly/1Zha8  #win
FreddyAmazin,Congrats to our winners from CMA Music Fest! See what they won at http://ow.ly/1YZ84
FreddyAmazin,"Are you coming to CMA Music Fest this year? Be sure and check out Dolly's booth, number 701, inside the Convention Center for cool giveaways"
FreddyAmazin,"RT @invoker: Just got news that we had our 100,000,000th tweet on HootSuite!!! Surprisingly, it came from @Dolly_Parton. Yah team."
FreddyAmazin,Watch Dolly's entire press conference on her donation efforts for the Nashville flood anytime on her website or youtube http://ow.ly/1UjwN
FreddyAmazin,A @Facebook page petitions for Dolly to be on the cover of @vogueparislive. worked for betty white & SNL! check it out at http://ow.ly/1U6DM
FreddyAmazin,"Dolly announces flood relief total of $250,000! Check out the full release at http://ow.ly/1T5dx"
FreddyAmazin,LIVE BROADCAST TODAY @ 12 Noon / EDT on TheSmokies.TV - thesmokies live on http://ow.ly/1T5EX
FreddyAmazin,A peacock who rests on its feathers is just another turkey.
FreddyAmazin,Dolly has a special video diary reflecting on Memorial Day.  See what she has to say at http://ow.ly/1Rbnj
FreddyAmazin,I can relate to people who are struggling and trying to find their true identity
FreddyAmazin,we've heard some folks want Dolly @gelaskins for their iPhones.  Should we add that to the product list?
FreddyAmazin,A special thanks to all who donated or visited Dolly's attractions over the weekend to help Nashville!
FreddyAmazin,"Winner announced for ""Watch Dolly on Oprah"" Big Wig Mission: http://ow.ly/1OmYG Congratulations!!"
FreddyAmazin,Two new tees! Big Butterfly and Dolly Racing! Check them out at http://ow.ly/1Obqj
FreddyAmazin,Don't forget to catch Dolly on @Oprah today!
FreddyAmazin,Big Wigs! Find out how you can win a signed Dolly vinyl! Check the latest news on the homepage http://ow.ly/1N9oz
FreddyAmazin,Catch Dolly on @Oprah this Friday!!! Check your local listings for channel and showtimes!
FreddyAmazin,@dolly_parton to receive the Applause Award from @tpac in August
FreddyAmazin,Dolly is helping Nashville flood victims as only Dolly can! See how you can help her at http://ow.ly/1M76l
FreddyAmazin,Catch Dolly on the @WendyShow today! Check local listings for showtimes.
FreddyAmazin,Tote Bags are in and featured! Gear up for summer now http://ow.ly/1La3H
FreddyAmazin,New Dolly Fan Art posted at http://ow.ly/1KHtn check it out! Submit your fan art at info@dollypartonmusic.net
FreddyAmazin,Blast from the (recent) past! See the commercial for Dolly's 2007 Tour on our site at http://ow.ly/1Kb79
FreddyAmazin,"We cannot direct the wind, but we can adjust the sails"
FreddyAmazin,It's Thursday! New merch for sale online! Save with the bundle package at http://ow.ly/1HMoD
FreddyAmazin,Dolly to appear on Oprah and more! Check out the news on http://ow.ly/1Hnyr to also see how you may be able to be in the audience!
FreddyAmazin,Summer Adventures of Travelin' Dolly (#TravelinDolly): Are you ready for an adventure?? http://ow.ly/1H0zJ
FreddyAmazin,Thoughts and prayers go out to all affected by the flooding in Nashville and the surrounding areas
FreddyAmazin,"I was the first woman to burn my bra, it took the fire department four days to put it out."
FreddyAmazin,We got new accessories up in Dolly's store. Previously only available in the Nashville location. Check it out at http://ow.ly/1ENs5
FreddyAmazin,What is your favorite Dolly duet?
FreddyAmazin,New Behind the Scenes video of Dolly's 2007 European Tour! See her rise from below the stage and sing a classic song! http://ow.ly/1DQlK
FreddyAmazin,What is your favorite @dolly_parton quote/Dollyism?
FreddyAmazin,"To me, dreaming is just a part of being alive, inspired and curious about the world."
FreddyAmazin,New shirt and even two front license plates previously only available @ nashville store now online at http://ow.ly/1BMPh
FreddyAmazin,Live From London Available Online and in HD! See where in the news section at http://ow.ly/1Bo9b
FreddyAmazin,"Stand up, grab a hold, give everything you got. When the road is dark and cold, walk on fearing not."
FreddyAmazin,You'll never do a whole lot unless you're brave enough to try
FreddyAmazin,Winter Blowout Packages available! One fleece/shawl package and another for juinors! http://su.pr/1g7yGr
FreddyAmazin,"New items in the store, including prints in accessories and the infamous dumb blonde tee! check it all out at http://su.pr/1g7yGr"
FreddyAmazin,Dolly loves spring and has a new video diary to show it!  Check it out at http://su.pr/1WmPhA
FreddyAmazin,Dolly's store will have a booth at the Southern Women's Show! Are you going to be there? More info at http://su.pr/1WmPhA
FreddyAmazin,"I got the music in my soul and the rhythm in my feet. When I hear the music, you wont catch me standing still. -Dolly"
FreddyAmazin,"If you talk bad about country music, it's like saying bad things about my momma. Them's fightin' words."
FreddyAmazin,Check out Dolly's recent interview with Access Hollywood under news here: http://su.pr/1vzFHw
FreddyAmazin,"I refuse to settle for something less than great. And if it takes a lifetime, then thats how long Ill wait."
FreddyAmazin,Dolly is going to take a little time off.  Find out why in her latest video diary at http://su.pr/1WmPhA
FreddyAmazin,"""If there's one thing this blonde has learned, blondes have more fun!"" -Dolly"
FreddyAmazin,"Dolly wanted to thank her fans for their support in a special video diary! Head over to the website, iPhone/Andoid app or slice to check it!"
FreddyAmazin,"""I've got all I need! I've got Jesus & gravity."" -Dolly"
FreddyAmazin,Dolly Fans! Check out the ribbon cutting and press conference from the grand opening at http://su.pr/7oCQ7G
FreddyAmazin,RT @FollowCMT: Dolly Parton Opens Shop on Nashville's Main Drag. Read about it and see photos! http://bit.ly/aKHZ1d
FreddyAmazin,Crazy video of all the fans that came out to support the grand opening of Dolly's store!  Check it out at http://su.pr/7oCQ7G
FreddyAmazin,Yesterday's Grand Opening was a great success! Check out the meet & greet photos under news here: http://su.pr/1vzFHw
FreddyAmazin,"If you want the rainbow, you gotta put up with the rain... even during your own Grand Opening!"
FreddyAmazin,"We cannot direct the wind, but we can adjust the sails"
FreddyAmazin,Dolly filmed a commercial for her new downtown store and it is so Dolly! Check it out on her website at http://su.pr/7oCQ7G
FreddyAmazin,"Check out the first in a series of videos from 2007!  Part 1 is available now in the ""On the Road"" section of Media at http://su.pr/1WmPhA"
FreddyAmazin,"Don't have ""Dolly: Live From London"" yet? You can grab it right now for $5 on Amazon.com at http://su.pr/AXUGYu"
FreddyAmazin,Congrats MySpace Top Friends Contest Winners! check 'em out at www.myspace.com/dollyparton
FreddyAmazin,How can you meet Dolly in Nashville on March 12th?  Get the lowdown at http://su.pr/1WmPhA
FreddyAmazin,O'Dolly! Don't get pinched on March 17. Check out the NEW St. Patrick's Day Bundle: http://su.pr/24EI2y
FreddyAmazin,"Official press release for the store grand opening and new fan art in the gallery at http://su.pr/1WmPhA, did yours get posted yet?"
FreddyAmazin,"I refuse to settle for something less than great. And if it takes a lifetime, then thats how long Ill wait."""
FreddyAmazin,New MySpace Top Friends contest!  Get the details on Dolly's MySpace page at http://su.pr/1f46wJ
FreddyAmazin,RT @mobileroadie: Exciting! @Dolly_Parton joins the @MobileRoadie family. Check out her app! http://bit.ly/au0ndj (for Android & iPhone)
FreddyAmazin,"Dolly not only has an iPhone app, thx to @mobileroadie, she also has an app for android! check both out at  http://su.pr/78P1lo"
FreddyAmazin,What is your favorite Dolly quote?  use the hashtag #Dollyism so that others can easily search for the results!
FreddyAmazin,Get your Dolly App from iTunes and keep up with Dolly everywhere!  Get the link at http://www.dollypartonmusic.net
FreddyAmazin,"We've added a new benefit to being a Dollyite!  Whether you are one, or not one yet... you're gonna wanna check this out http://su.pr/1WmPhA"
FreddyAmazin,Dollyites... keep an eye out tomorrow for a special treat for all members!
FreddyAmazin,What's your favorite Dolly song?
FreddyAmazin,Dolly wishes everyone a Happy Valentine's Day in her latest video diary! http://su.pr/7L2zYq
FreddyAmazin,"Get your People Magazine Country playlist featuring ""Jolene"" from ""Live From London"" for free at http://su.pr/1wkTHM"
FreddyAmazin,"See the last video of the making of the ""Guitar of Many Colors"" @ http://su.pr/1WmPhA"
FreddyAmazin,"check out the latest video in the making of the ""Guitar of Many Colors"" series at http://www.dollypartonmusic.net"
FreddyAmazin,"Congrats to all Twitter Meet & Greet Contest Winners! @jessicakatie and @morgand2012, please chk your direct message & respond soon."
FreddyAmazin,"Check out part 2 of the making of the ""Guitar of Many Colors"" at http://www.dollypartonmusic.net"
FreddyAmazin,"""For every drop of rain a flower grows"" - Dolly"
FreddyAmazin,"For serious Dolly collectors only!  Get your hands on a ""Coat of Many Colors"" guitar! http://su.pr/1g7yGr"
FreddyAmazin,"For serious Dolly collectors only!  Get your hands on a ""Coat of Many Colors"" guitar! http://su.pr/2O9FJi"
FreddyAmazin,"Check out how a ""Coat of Many Colors"" guitar is made at http://su.pr/1WmPhA"
FreddyAmazin,"Above the storm, the smallest prayer will still be heard. -Dolly"
FreddyAmazin,Win a Meet & Greet with Dolly at the Grand Opening of her store using twitter!  Get full details at http://su.pr/6dm8FL
FreddyAmazin,"Dollyite members and Big Wigs, check out the NEW meet & greet contests posted under news here: http://su.pr/1vzFHw"
FreddyAmazin,@kasarr try the link in the news section of www.dollypartonmusic.net.  that should work
FreddyAmazin,"You can buy ""Live from London"" in HD from iTunes! Also in SD and for rent on many Apple devices. Get the link at http://su.pr/1WmPhA"
FreddyAmazin,"does Dolly really sign all those autographs? find out at http://su.pr/1WmPhA in the misc. videos section under media, or on your webslice!"
FreddyAmazin,Want to see the winning cakes in the Dolly Cake Contest? Check 'em out under news here: http://su.pr/1vzFHw
FreddyAmazin,Dont let these false eyelashes lead you to believe that Im as shallow as I look cause I run true and deep. Dolly in Backwoods Barbie
FreddyAmazin,"""If you see someone without a smile, give 'em yours"" - Dolly"
FreddyAmazin,Want to see your Dolly art featured on the official website? Find out how under the news section here: http://su.pr/1vzFHw
FreddyAmazin,Hope for Haiti Now telethon is on CMT + others now. Watch and donate. We need your help! http://su.pr/27XkOk #igave PLEASE RT
FreddyAmazin,We need your help! Hope for Haiti Now telethon airs tonight at 8/7c on CMT/others. Watch and donate. http://www.cmt.com #igave
FreddyAmazin,The way I look is just a country girls idea of glam! Dolly in Backwoods Barbie
FreddyAmazin,"Hey Dolly Fans in the UK! Check out Dolly's commercial for you and locally order your copy of ""Live From London"" at http://su.pr/1WmPhA"
FreddyAmazin,"""I look just like the girls next door...if you happen to live next door to an amusement park!"" -Dolly :)"
FreddyAmazin,"Dollyites -  we have fixed the audio in your video blog section for ""Ask Dolly.""  The other locations are being fixed now."
FreddyAmazin,our present to you for dolly's bday: a special video where dolly answers some of your questions. watch it at http://su.pr/1WmPhA
FreddyAmazin,Happy Birthday Dolly!
FreddyAmazin,"Bake a ""Dolly Cake"" & win some great prizes! Find out how under the news section @ http://su.pr/1vzFHw"
FreddyAmazin,New pictures posted in the public and Dollyite media sections!  Check them out at http://su.pr/1WmPhA
FreddyAmazin,"""I'm kinda like a little cartoon character & cartoon characters dont get old. I'm animated, over-exaggerated & I will never change."" -Dol"
FreddyAmazin,Valentines is just around the corner!  Be sure and pick up your Dolly Valentines pkg early.  Check it out at http://su.pr/81nic9
FreddyAmazin,"The ""Live from London"" movie is now available as a digital purchase on Amazon.com.  Get the link in the news at http://su.pr/1WmPhA"
FreddyAmazin,CMT interviews Dolly about her past performances & experiences along with Live from London. Get the link in the news at http://su.pr/1WmPhA
FreddyAmazin,"Congratulations to Rose Zadik, our Dollyite Wallpaper Design Winner! Check out her Vintage Dolly wallpaper here: http://su.pr/1vzFHw"
FreddyAmazin,"""The thing that's always worked for me is the fact that I look so totally artificial, but am so totally real."" - Dolly"
FreddyAmazin,Be sure and catch Dolly on GAC Master Jan. 5 at 10pm EST and Jan. 10 at 6pm EST!
FreddyAmazin,Dolly wishes everyone a Happy New Year in her latest video diary at www.dollypartonmusic.net!
FreddyAmazin,Dolly wishes everyone a Merry Christmas in her new video diary at http://su.pr/1WmPhA
FreddyAmazin,Keep a look out this week for a special Christmas message from DOLLY!
FreddyAmazin,Catch Dolly this weekend on Entertaiment Tonight's Weekend show!  Check local listings for channel and showtimes.
FreddyAmazin,"""Come any closer and you're going to get your Christmas punch early!"" -Dolly ~ Lorna Davis in A Smoky Mtn Christmas :)"
FreddyAmazin,"""I'm comin' home for Christmas, you can count on that"" - Dolly http://su.pr/2D3Ehk"
FreddyAmazin,Dolly on TV twice tonight!  Check her out on ET and on Fox.  Find out more at http://su.pr/1WmPhA
FreddyAmazin,Catch this sneak-peek of Dolly on Entertainment Tonight tomorrow!  Get the link at http://su.pr/1WmPhA
FreddyAmazin,"Dolly loves her Big Wigs! Not her hair...her street team, the Big Wigs! Check out a new video from Dolly: http://su.pr/7L2zYq"
FreddyAmazin,Winner announced for the London Tee worn by Dolly. Details under news: http://su.pr/1vzFHw
FreddyAmazin,"Want to watch the designing, building and completion of Dolly's new store in Nashville? Take your own tour here: http://su.pr/7oCQ7G"
FreddyAmazin,Want your artwork featured on Dolly's website? Details here: http://su.pr/1vzFHw
FreddyAmazin,"""9 to 5: The Musical"" Cast Album is nominated for a Grammy Award!"
FreddyAmazin,"Get Dolly's latest single, ""Comin' Home for Christmas"" now!  Available at Amazon or iTunes.  Get the links at http://su.pr/1WmPhA"
FreddyAmazin,"""Where is Jolene when I need her?"" - Dolly (from ""Dolly: Live From London"")"
FreddyAmazin,Dolly will guest-star on Carrie Underwood television Christmas Special. Details: http://su.pr/1vzFHw
FreddyAmazin,Dolly wants to wish everyone a safe and happy Thanksgiving in her latest video diary! http://su.pr/2ELTu8
FreddyAmazin,"If you live in Nashville, head down to 2nd Ave to check out Dolly's new store today! Check back next week for a video! http://su.pr/1WmPhA"
FreddyAmazin,ET has been rescheduled to this coming Tuesday. She will be interviewed by the lovely Kellie Pickler. Check tv listings for times
FreddyAmazin,Hey Everyone! Don't forget to tune in and catch Dolly's television interview tonight: http://su.pr/1vzFHw
FreddyAmazin,"""My weaknesses have always been food and men - in that order."" -Dolly"
FreddyAmazin,Have you seen Dolly's new MySpace page yet? It really is a work of art - http://su.pr/1f46wJ
FreddyAmazin,Catch Kellie Pickler's interview with Dolly Parton on Entertainment Tonight Thursday evening! It's a must see :)
FreddyAmazin,Catch Dolly again tonight on the Joy Behar show at 9pm EST on HLN!
FreddyAmazin,Watch the clip of Dolly on the Joy Behar show at http://joybehar.blogs.cnn.com/ and catch the re-airing Monday Night!
FreddyAmazin,Dolly News Roundup! Check the latest interviews with Dolly and learn more about your favorite country icon! Get links at http://su.pr/1WmPhA
FreddyAmazin,Congratulations to Deanna Mendoza for winning our London Tweet Trivia contest. Want to see the answers? http://su.pr/1vzFHw
FreddyAmazin,"Check out a pic of our ""2nd Annual Dress Like Dolly Contest"" Winner here: http://su.pr/1vzFHw"
FreddyAmazin,"Get your free mp3 download of Dolly's well-known song ""Jolene"" as performed Live From London here: http://su.pr/2a35LH! :)"
FreddyAmazin,"Want to win the ""Wild Thing"" outfit worn in the ""Shinola"" video?  Find out how and where at http://su.pr/1WmPhA!"
FreddyAmazin,Dolly adds a webslice to her website!  Check out the video in the news section of http://su.pr/1WmPhA and get the slice!
FreddyAmazin,Dolly's bringing London to you TODAY!! Dolly: Live From London! DVD/Live CD combo in stores NOW! For more info: http://su.pr/1vzFHw
FreddyAmazin,Dolly!! Live From London DVD/CD combo! Coming 11-10-09! Get READY!
FreddyAmazin,London Tweet Trivia #10 (last question!): Where was I Will Always Love You 1st recorded? Final contest instructions: http://su.pr/1vzFHw.
FreddyAmazin,"RT @followcmt Need a boost this Christmas? How about a $2,500 SHOP.COM shopping spree and call from Dolly Parton !? http://bit.ly/kBV9o"
FreddyAmazin,Please take a minute to vote for Dolly's Backwoods Barbie video! All it takes is the push of a button:) http://su.pr/1iNwzy. Thanks!
FreddyAmazin,London Tweet Trivia #9: What singing trio of brothers wrote the hit song Islands in the Stream for Dolly and Kenny?
FreddyAmazin,DollySHOP! Dolly is rocking shop.com as their artist of the month. Hear a word from Dolly and check out the store here: http://su.pr/2D0pNv
FreddyAmazin,Congratulations to Solomon Willis for receiving the most member votes on his Dolly Collection photo! http://su.pr/1WmPhA
FreddyAmazin,London Tweet Trivia #8: Where did Dolly write the lyrics for Only Dreamin? Hint: check out her CMT 330 sessions. news: http://su.pr/1vzFHw
FreddyAmazin,London Tweet Trivia #7: What American Idol contestant covered Do I Ever Cross Your Mind during the competition? Info&gt; http://su.pr/1vzFHw.
FreddyAmazin,Aahhh chiropractor... Hurts so good :-) you lug these around and see if your back don't hurt!
FreddyAmazin,London Tweet Trivia #6: What is the first and last name of the character Dolly played in the hit film 9 to 5? Contest=&gt; http://su.pr/1vzFHw.
FreddyAmazin,London Tweet Trivia #5: Who performed The Grass is Blue with Dolly on the 2003 CMA Awards? Contest details here: http://su.pr/1vzFHw.
FreddyAmazin,London Tweet Trivia #4:What city and state was Better Get to Livin music video filmed in? Details under news here: http://su.pr/1vzFHw.
FreddyAmazin,"London Tweet Trivia #3: What is Dolly's heart wrapped around in ""Here You Come Again?"" Contest details under news here: http://su.pr/1vzFHw."
FreddyAmazin,London Tweets Trivia #2: What record label released Dollys latest album Backwoods Barbie? Get contest details here: http://su.pr/1vzFHw :)
FreddyAmazin,London Tweets Trivia RT Question 1: What did Dolly first pen the lyrics for Coat of Many Colors on? Details here: http://su.pr/1vzFHw.
FreddyAmazin,London Tweet Trivia Question 1: What did Dolly 1st pen the lyrics for Coat of Many Colors on? contest details here: http://su.pr/1vzFH
FreddyAmazin,London Tweets Trivia 10-day contest starts TODAY! Get details from the news section @ http://su.pr/1vzFHw. How well do you know Dolly? :)
FreddyAmazin,"CMT and shop.com host the Holly Dolly Christmas Sweeps! Enter to win a phone call from Dolly, $2,500 shopping spree @ http://su.pr/2kFwTA."
FreddyAmazin,"@therealpickler mine is ""the little engine that could"" ;-)"
FreddyAmazin,What album release features Dolly on a carousel as the cover art?  Send your answer via the @ reply function :-)
FreddyAmazin,"Dolly's heart is 'wrapped around your little finger' in this live recording of ""Here You Come Again"" http://su.pr/1vzFHw."
FreddyAmazin,We are running out fast of this popular presale package that includes an autographed hatch print poster! Order soon! http://su.pr/2fksPo
FreddyAmazin,just watched Miley's youtube rap http://su.pr/30Am0j cracked me up! love you miley
FreddyAmazin,"watch ""Jolene"" live from London!!! Find out where this exclusive clip is in the ""news"" section at http://su.pr/1WmPhA"
FreddyAmazin,New items! For a limited time you can grab a $24.99 Dollyite membership plus $27.99 tee for only $34.99! Check it out at http://su.pr/1g7yGr
FreddyAmazin,"Support the Cure. My friends are bowling for boobs tonight in atlanta, strike!"
FreddyAmazin,"Autographed Dolly Hatch, VIP Fan Laminates & more available with her new DVD/CD combo in some great pre-order packages: http://su.pr/24EI2y!"
FreddyAmazin,Top Pre-Order package sold out within minutes! Thanks Dolly Fans!
FreddyAmazin,Check out the pre-order packages now available in the store. Only 2 left of the top tier package! http://su.pr/1WmPhA
FreddyAmazin,Want your own personal Dolly holiday greeting on DVD? Check out the pre-order packages now available in the store at http://su.pr/1WmPhA
FreddyAmazin,"Want to dress like Dolly? Here's your chance! Send your best ""DOLLY"" photo to info@dollypartonmusic.net by Nov. 7 for a chance to WIN BIG!"
FreddyAmazin,"""the only one stopping you from living your dreams is you"" - Dolly"
FreddyAmazin,"We posted new video content on Dolly's website!  Get all the details in the ""News"" section following the link ---&gt; http://su.pr/1WmPhA"
FreddyAmazin,We searched Dolly's warehouse and found some discontinued items!  You'll want to grab these before they're gone forever http://su.pr/5MQZWj
FreddyAmazin,Want to be kissed by Dolly? Check out the featured Glitter Lips Tee @ http://su.pr/31xBf6 in the new Trinkets & Treasures store! :)
FreddyAmazin,NEW webstore launched! All new designed merch! http://www.dollypartonmusic.net
FreddyAmazin,"http://www.dollypartonmusic.net is having their 2nd Annual ""Dress Like Dolly"" Halloween contest!  Head there to see what you can win :-)"
FreddyAmazin,"Big things are coming soon on the website!  Keep a sharp lookout, you won't want to miss this... http://www.dollypartonmusic.net"
FreddyAmazin,Be sure and check out the new behind-the-scenes interview with Amy Sedaris from Better Get to Livin on Dolly's site under Media/Videos/Misc
FreddyAmazin,"""I'll never harden my heart, but I've toughened the muscles around it."" -Dolly"
FreddyAmazin,Win NEW Dolly Merchandise! Head to http://su.pr/1vzFHw for details :)
FreddyAmazin,"new webpages added to http://www.dollypartonmusic.net! Hit up the ""News"" section for all the details."
FreddyAmazin,"Hey Dolly Fans! If you're a Dollyite, head to http://su.pr/1vzFHw for a NEW behind the scenes video."
FreddyAmazin,"Hey Dolly Fans! Take a minute to vote for Dolly's video ""Change It"" @ http://su.pr/5BBcQ0. Let's slingshot her back to #1!"
FreddyAmazin,"""If you don't like the road you're walking, start paving another one."""
FreddyAmazin,Everyone have a safe and happy Labor Day Weekend!
FreddyAmazin,"Congrats to Shelley Landers from Waynesboro, VA for winning the personalized autographed Dolly vintage vinyl photo contest!"
FreddyAmazin,"""Storms make trees take deeper roots"" - Dolly"
FreddyAmazin,"A clip of Dolly ""Live From London"" during the 44th Annual Jerry Lewis MDA Telethon this Labor Day weekend! http://www.mda.org"
FreddyAmazin,"""It's a good thing I was born a girl.  Otherwise I'd be a drag queen."" - Dolly"
FreddyAmazin,"Hey Dolly Fans! Take a minute and vote for Dolly's ""Change It"" video on CMT's Pure 12 Pack. http://su.pr/5BBcQ0. Let's take Dolly to #1!"
FreddyAmazin,Win personalized autographed Dolly vinyl! Go to the news section at  http://su.pr/1vzFHw for details!
FreddyAmazin,"""The thing that's always worked for me is the fact that I look so totally artificial, but am so totally real."" - Dolly"
FreddyAmazin,"""You'll never do a whole lot unless you're brave enough to try"" - Dolly"
FreddyAmazin,"""Change It"" MySpace Top 8 Friends Contest, details at myspace.com/dollyparton. ""Nothing's gonna change if you don't change it!"" -Dolly"
FreddyAmazin,"""Change It"" debutes today in the ""video"" tab of http://www.myspace.com! Check it out Dolly fans :-) It was a blast to do"
FreddyAmazin,"""The magic is inside you... there ain't no crystal ball!"" - Dolly"
FreddyAmazin,"Ch-ch-ch-change IT! Call your local AC & Country radio station to request ""Change It"". Radio download on AirPlay Direct: http://su.pr/AsvVfU"
FreddyAmazin,"""Change It"" now available for streaming at http://www.myspace.com/dollyparton add it to your profile!"
FreddyAmazin,"Radio needs change...call your local Adult Contemporary and Country radio stations and request ""Change It""! http://www.dollypartonmusic.net"
FreddyAmazin,Dolly's Imagination Library Video On-Demand is available now at http://www.thesmokies.tv
FreddyAmazin,look out for the Dolly Dispatch...monthly newsletter in your inbox SOON!
FreddyAmazin,"@mileycyrus noticed my ""rainbow"" quote on your twitter feed.  They have been affectionately called ""Dollyisms by fans. thanks niece hannah"
FreddyAmazin,"""Leave something good in every day!"""
FreddyAmazin,"Dolly responds to ""9 to 5"" departing from Broadway.  Read what she has to say at http://su.pr/1WmPhA"
FreddyAmazin,"""Nothin's gonna change if you don't change it"" - Dolly (""Change It"" single at iTunes now!) iTunes link - http://su.pr/1vNqFU"
FreddyAmazin,"Can't wait to see ""Live from London?"" New APTV schedule is posted at http://su.pr/1WmPhA. Watch it on your local Public Television station!"
FreddyAmazin,Dolly is getting her photo taken...a lot! Photo shoot today!
FreddyAmazin,"""Find out who you are and do it on purpose."""
FreddyAmazin,"""If you want the rainbow, you've got to put up with the rain"" - Dolly"
FreddyAmazin,"Dolly thanks her UK fans for helping her achieve recent Platinum sales status.  Watch the video in the ""news"" section at http://su.pr/1WmPhA"
FreddyAmazin,"Want the ""9 to 5"" Cast Album digitally from Dolly? Head on over to http://su.pr/1f46wJ to download directly from Dolly's Bandbox instantly!"
FreddyAmazin,"""9 to 5: The Musical"" Cast Album now available at http://su.pr/A2zhNH"
FreddyAmazin,Hello to @gacnightsradio!
FreddyAmazin,"About to go live on WMAD in Madison, WI"
FreddyAmazin,"Dolly taping radio show for air monday on WGNE in Jacksonville, FL"
FreddyAmazin,"Kansas City, KBEQ right now!"
FreddyAmazin,"Coming up for dolly's radio day: wncy-green bay, kbeq-kansas city, kscs-dallas, wksj-mobile, wdaf-kansas city and more all morning long!"
FreddyAmazin,@JimDebKevin looking foward to it as well :-)
FreddyAmazin,Now on WLXX in Lexington! Look for the b-roll footage to appear on http://www.dollypartonmusic.net soon!
FreddyAmazin,On KBWF San Fran now!
FreddyAmazin,Listen for dolly in a few minutes on KBWF-FM in San Francisco!
FreddyAmazin,Dolly is in the studio right now doing radio interviews!
FreddyAmazin,Hey Dollyites! Check your exclusive pix sections for some new photos! Also look for a special video blog from Dolly tomorrow just for you!!!
FreddyAmazin,Dolly is featured on the front page of Youtube today.  You can check out the screenshot at www.dollypartonmusic.net.
FreddyAmazin,check http://www.dollypartonmusic.net for your information regarding how to get a FREE 3 Month Dollyite Membership trial!
FreddyAmazin,New Dolly Video Diary on her website.  Rest in Peace Michael Jackson.  http://su.pr/1WmPhA
FreddyAmazin,many are having some trouble with their Dollyite accounts. We are working to get this fixed as soon as possible.
FreddyAmazin,Dolly's new website is now launched!!! Thanks for sticking with us for this incredible redesign!  See it now at http://su.pr/1WmPhA
FreddyAmazin,"""The Very Best of Dolly Parton"" has gone PLATINUM in the UK! Thanks fans for your love and support of Dolly Parton!"
FreddyAmazin,"Hey Dolly Fans!  ""Backwoods Barbie"" is now #3 on the CMC Australia Countdown!  Let's make her #1!"
FreddyAmazin,we're back and updated with pics of the winners of the raffle prizes from CMA Music Fest!  Check out the rockers and iPod pics!
FreddyAmazin,Hold tight Dollyites! Dolly's site is down for just a bit while some stuff for the new site is being tested out. We should be back soon
FreddyAmazin,"Check out the latest ""Dolly's Video Diary"" only at www.dollypartonmusic.net!  Dolly talks about releasing the cast album for 9 to 5!"
FreddyAmazin,Dolly is #5 on the Country Music Channel Australia Top 50 Countdown!  Everyone in Australia vote for Backwoods Barbie and let's make her #1
FreddyAmazin,"Dolly broke 1 million plays on MySpace with the singles from her latest album, Backwoods Barbie!  http://www.myspace.com/dollyparton"
FreddyAmazin,Buy Dolly's used guitar strings made into a bracelet for Imagination Library at http://tinyurl.com/lzy6bp and check out @wearyourmusic
FreddyAmazin,Dolly's website is back up and running.  News updates will start back again soon :-)
FreddyAmazin,DollyPartonMusic.net has been temporarily down.  The problem is being resolved as quickly as possible. Sorry for the invconvenience.
FreddyAmazin,Are any Dollyites in Australia checking out the Dolly iPod contest at CMC Australia's website? You can also win a CD you can't buy there!
FreddyAmazin,"Dolly's video, ""Backwoods Barbie,"" is #7 at Country Music Channel Australia! Thanks to all the fans ""down under"" :-)"
FreddyAmazin,Watch Dolly's interview from today's episode of The Early Show @ http://www.dollyon-line.com/news/
FreddyAmazin,"News, News, News at www.dollypartonmusic.net!  what could it be about?  hint... website and Dolly on CBS!"
FreddyAmazin,Happy Friday!Please take a minute and vote for Dolly on GAC. Click http://tinyurl.com/232dnp. She dropped to #17 last week.Help keep her in!
FreddyAmazin,More Tony Awards news at www.dollypartonmusic.net!  You won't want to miss this!
FreddyAmazin,New MySpace Top Friend's contest... see www.dollypartonmusic.net for details and look for the new website in t-minus ~25 days
FreddyAmazin,Everyone have a safe and happy Memorial Day weekend from Dolly Parton Management/Dolly Records
FreddyAmazin,Dolly Live in London trailer?  Better check out www.dollypartonmusic.net to find out
FreddyAmazin,Vote for 9 to 5 in fan choice awards at http://tinyurl.com/q4936x and http://tinyurl.com/peugoj and check out @9to5themusical
FreddyAmazin,More information available about Live in London @ www.dollypartonmusic.net!
FreddyAmazin,Dolly has a new facebook address!  www.facebook.com/dollyparton
FreddyAmazin,Happy Monday! Dolly is #3 on GAC for this week!! Awesome work everyone...let's keep it up. Vote when you can at http://tinyurl.com/232dnp.
FreddyAmazin,Watch Dolly RIGHT NOW sing during UT's Graduations at http://tinyurl.com/pymo2m
FreddyAmazin,Watch Dolly get her Honorary Doctorate LIVE!  www.dollypartonmusic.net has the link!
FreddyAmazin,Dolly will be getting her Doctorate tomorrow from the University of Tennessee! Congratulations Dolly!
FreddyAmazin,"""9 to 5"" has been nominated for 4 Tony Awards!  Head over to www.dollypartonmusic.net to see the her video blog about this event!"
FreddyAmazin,watch Dolly's interview from The View @ http://www.dollyon-line.com/news/
FreddyAmazin,"Want more ""9 to 5"" news, reviews, and photos?  Hit up the links over in the ""news"" section of www.dollypartonmusic.net"
FreddyAmazin,"Don't forget to watch Dolly and the cast from ""9 to 5"" on ""The View"" tomorrow!  Check local listings for showtimes :-)"
FreddyAmazin,CMT Power Picks today @ 10am CT. Dolly's BWB video will come up for voting before 11am. Click http://tinyurl.com/cyuhms and vote for Dolly.
FreddyAmazin,Don't forget to watch Dolly on Letterman tomorrow night!
FreddyAmazin,9 to 5: The Musical broke the record for single season nominations for the Drama Desk Awards! more at www.dollypartonmusic.net
FreddyAmazin,Check out http://www.dollypartonmusic.net for important information concerning Dollyite memberships.
FreddyAmazin,Watch Dolly's full interview on the Today Show @ http://www.dollyon-line.com/news/
FreddyAmazin,Don't miss Dolly on the Today Show this morning on NBC!
FreddyAmazin,"Dolly on ""Today"" tomorrow and more TV appearances! Check www.dollypartonmusic.net for details on TV and more recent news r.e. ""9 to 5"""
FreddyAmazin,VOTE NOW at http://tinyurl.com/cyuhms now! You can click repeatedly! THANKS! Tune in to CMT for results!
FreddyAmazin,"CMT Power Picks starts @ 10am.  Dolly's BWB will come up for voting before 11am. Go to http://tinyurl.com/jakjy, click vote now & get ready!"
FreddyAmazin,Morning all! Happy Wednesday. Take a minute to VOTE for Dolly on GAC's Top 20 Country Countdown. Click http://tinyurl.com/232dnp to vote!
FreddyAmazin,"CMT Power Picks is starting now!! Click http://tinyurl.com/jakjy and vote for Dolly's ""Backwoods Barbie"" video. Scroll down and click vote!"
FreddyAmazin,"Click http://tinyurl.com/aegrvq and vote for Dolly's ""Backwoods Barbie"" video on CMT's Top 20 Countdown. Vote often!"
FreddyAmazin,Dolly's Big Wigs have a twitter feed now!  Sign up to receive updates and activities or mission updates at http://twitter.com/dollysbigwigs
FreddyAmazin,"Dolly Parton will deliver a rare Nashville performance on Feb. 2 at the Wildhorse Saloon, as part of the 2nd annual Gift of Music concert."
FreddyAmazin,is among this year's inductees into the Gospel Music Hall of Fame. The ceremony will take place in Nashville on Feb. 2!
FreddyAmazin,"was named #1 on Glamour Magazine's 9 Best One-Liners of All Time with the quote, ""It takes a lot of money to look this cheap."" Jan 09 issue"
FreddyAmazin,Congrats to the GAC Top 50 contest winners! Check back to the street team site for the next contest coming soon!
FreddyAmazin,There's a great review of Dolly from Des Moines from her tour. You can read it on her site now!
FreddyAmazin,gift certificates now available for the Dolly online store! The perfect gift for any Dolly fan at dollypartonmusic.net!
FreddyAmazin,Rolling Stone names Dolly on their 100 Greatest Singers of All Time List!
FreddyAmazin,Dolly ranked #4 on AOL's most played video list in any genre during October!
FreddyAmazin,"October 31 show in Newark, NJ cancelled. See dollypartonmusic.net for more details."
FreddyAmazin,Dolly-Ites exclusive October contest. Visit Dollypartonmusic.net for all the details.  Join or renew today for only $19.99!
FreddyAmazin,"Check out the October issue of Acoustic Guitar Magazine for a transcription of ""Jolene!"" For more details go to dollypartonmusic.net."
FreddyAmazin,"Never shy of her poor upbringing, Dolly is the driving force behind a child literacy program that runs across the United States and the UK."
FreddyAmazin,Dolly Partons unveiled her Imagination Library program Tuesday. The program aims to instill a love of reading in youngsters up to age 5.
FreddyAmazin,Dolly-ite members can get a glimpse of Dolly rehearsing for her 2008 Backwoods Barbie Tour. Members can view the pics on her site!
FreddyAmazin,Dolly Parton is back from the most successful European tour of her career and is ready to take on America with a new leg of shows in August!
FreddyAmazin,"Dolly Parton is a ""feminist icon... a role model to us all"" check out the article: http://www.guardian.co.uk/commentisfree/2008/jul/09/1"
FreddyAmazin,"George Jones will be releasing a new album on August 19th, ""Unreleased Duets"", which features a song with Dolly! Find out more on her site."
FreddyAmazin,"Dolly wrote a song for Jessica Simpson's new country album and sang on the record titled ""Do You Know""! Check out the story on GACTV.com!"
FreddyAmazin,Dolly has lined up additional US dates for her Backwoods Barbie tour. Go to www.dollypartonmusic.net and grab tickets before they sell out!
FreddyAmazin,"Dolly Parton will be in Fairfax, VA tomorrow. Buy or win your tickets before they sell out! www.dollypartonmusic.net"
FreddyAmazin,Welcome to Dolly Parton's official Twitter page!
FreddyAmazin,all i need now is a seesmic invite and i'll be **very web 2.0** - or is the 2.0 expression dated already?
FreddyAmazin,"so people actually use this to communicate, do they?"
FreddyAmazin,i am still alive
