MrPeterAndre,"Kastamonunun bir baka zellii ise, nfusunun ounluunun stanbulda yayor olmas."
MrPeterAndre,lin en byk eksiklii havaliman; o da nmzdeki gnlerde alacak. Havaliman ehrin kaderini deitirecek.
MrPeterAndre,Dnyann ikinci en byk kanyonunun Kastamonuda olduunu orada bana sylediler.
MrPeterAndre,Yeil ve tarih gzellikler bakmndan ilin ok byk potansiyeli var.
MrPeterAndre,eyh aban- Veli Klliyesi iinde bulunan tarih konaklar http://t.co/P9C1aARN
MrPeterAndre,Kastamonu niversitesi Rektrlk Binas ve arka planda Kastamonu Kalesi http://t.co/LIFBCrnx
MrPeterAndre,Bu binalardaki kimlik ve asalet maalesef bugnk kamu binalarnda yok. http://t.co/yhdH2iUe
MrPeterAndre,1902 ylnda yaplan Kastamonu Valilik Binas http://t.co/s0Dgr9jF
MrPeterAndre,"zellikle 1900l yllarda, Cumhuriyet ncesine kadar, ok grkemli kamu binalar yaplm ki bunlar birok ilimizde gremeyiz."
MrPeterAndre,Kurtulu Savanda da ok nemli rol oynam.
MrPeterAndre,"Kastamonu, Osmanl dneminde byk merkezlerden birisi olmu. anakkalede en ok ehit veren illerden birisi olduu gibi,"
MrPeterAndre,Gsterdikleri sevgiden dolay herkese ok teekkr ederim. http://t.co/DHPzzkPH
MrPeterAndre,27 yl sonra Kastamonuya giden ilk Cumhurbakan olduum iin byk bir heyecan ve coku ile karlandm. http://t.co/JkvUoSOQ
MrPeterAndre,Dn ve evvelki gn Kastamonu ilimizi ziyaret ettim.
MrPeterAndre,http://t.co/RTblavau
MrPeterAndre,"Bize eski gnleri hatrlatan, soba zerinde pimi kestane ve patates ikram ettiler. http://t.co/EIWrcsIU"
MrPeterAndre,Hazimiye Medresesinde (Buday Pazar) bizi belediye bakannn ei misafir etti.
MrPeterAndre,restore edilerek ehre kazandrlmasndan memnun oldum.
MrPeterAndre,"ankr, tarihi ve gelenei olan bir ilimiz. Osmanl dneminden kalma ahap konaklar ve evlerin olduu mahallelerin"
MrPeterAndre,"ankrllar, yamur altnda slanma pahasna byk sevgi ve coku gsterdiler. Herkese ok teekkr ediyorum. http://t.co/IZhSRV9V"
MrPeterAndre,"Dn ankrya gittim. Seyahatim, uzun bir yaz dneminden sonra, yamurlu bir havaya denk geldi. http://t.co/UUu384oY"
MrPeterAndre,Herkese ok teekkr ediyorum.
MrPeterAndre,"Biliyorsunuz, ben istesem de doum gnm saklayamyorum. Dn, Trkiyenin drt bir yanndan ok sayda doum gn tebrii aldm."
MrPeterAndre,Hepinizin Cumhuriyet Bayramn tebrik ediyorum. http://t.co/PHdWJ6E4
MrPeterAndre,"Dn, sabah erkenden akamn ge saatlerine kadar kutlamalarda olduum iin bayramnz tebrik etme frsat bulamadm."
MrPeterAndre,"Bir kez daha seyahat edenlere dikkatli olmalarn, kurallara uymalarn hatrlatmak istiyorum ki bayramlar acya dnmesin."
MrPeterAndre,http://t.co/MukOEkkH
MrPeterAndre,./. vazife bandaki tm gvenlik glerimizin de Bayram'n tebrik ediyorum. http://t.co/Px4q1V9t
MrPeterAndre,"Biz namazdayken snrlarda, zor artlar altnda nbette olan, hepimizin gvenlii iin byk fedakarlklarda bulunan./."
MrPeterAndre,http://t.co/p94VkxyB
MrPeterAndre,Bu sefer bayram namazn Muhafz Alay'nda mehmetiklerle beraber kldm. http://t.co/EKVtVG5b
MrPeterAndre,Hepinizin Kurban Bayram'n en iyi dileklerimle tebrik ediyorum.
MrPeterAndre,Geride byk bir hazine brakt. Tekrar ailesine ve tm sevenlerine basal diliyorum.
MrPeterAndre,mit ederim ki yeni nesiller Neet Ertan seslendirdii bu duygu ve hissiyata yabanc kalmazlar.
MrPeterAndre,Anadolu insannn hissiyatn derinden seslendiren olaanst bir deerdi.
MrPeterAndre,Allah rahmet etsin.
MrPeterAndre,Neet Ertan vefatna ok zldm. Hastaneye yattnda durumunun ok ciddi olduuyla ilgili bilgi vermilerdi. http://t.co/ZqnxKEc7
MrPeterAndre,"Sevgi ve dualaryla yanmda olan vatandalarma bir kez daha Allah'tan salk ve afiyet diliyor, herkese teekkr ediyorum."
MrPeterAndre,deerli hocalar ve tm salk personeli ile Cumhurbakanl salk ekibine can gnlden teekkr ediyorum.
MrPeterAndre,"hastanenin ilgili blm bakanlar ve tm hocalarna, ayrca dier hastanelerden konsltasyona katlarak tedavi srecine katkda bulunan"
MrPeterAndre,"Eski doktorlarm olarak tedaviyi organize eden Prof. Ergin Turan ve Prof. Erol Belgin Beyler bata olmak zere,"
MrPeterAndre,Hacettepe Hastanesi'nin tm personeline teekkr ediyorum.
MrPeterAndre,Tedavi srecinin en iyi ekilde yrtlebilmesi iin her trl tedbiri alan bata Rektr Bey olmak zere
MrPeterAndre,Dn akam tedavimin hastanede yrtlmesi gereken ksm bitti ve eve dndm. ok kr gayet iyiyim. http://t.co/LkoKq3pF
MrPeterAndre,En ksa sre iinde sizlerle yeniden buluuncaya kadar Allaha emanet olun.
MrPeterAndre,"Bu arada, hastanedeki vaktimi de bo geirmiyorum. almalarma devam ediyorum, raporlar ve kitaplar okuyorum. http://t.co/Lx3x9GEK"
MrPeterAndre,"Selamlarnz, dualarnz alyorum. Allah hepinizden raz olsun."
MrPeterAndre,"Devlet kademesinin tesinde, Trkiyenin drt bir yanndan sevgi ve samimiyet ykl gemi olsun mesajlar yayor. http://t.co/M3WiNuVJ"
MrPeterAndre,"ok kr, salk durumum iyiye gidiyor. Doktorlarm gerekli aklamalar yapyor, en gncel bilgileri srekli sizlerle paylayorlar zaten."
MrPeterAndre,"Sa olsun, tm personel ellerinden gelen her eyi yapyor."
MrPeterAndre,Hacettepe niversite hastanesindeki tedavim sryor. Daha birka gn burada kalacam. http://t.co/proaB8id
MrPeterAndre,"ok istememe ramen, doktorlarn tavsiyesi zerine trenlere katlamyorum."
MrPeterAndre,Herkese merhaba. Bugn 30 Austos Zafer Bayram. Tm vatandalarmn 30 Austos Zafer Bayramn kutluyorum.
MrPeterAndre,Bayramda mahallenin ocuklar da yine bizleri yalnz brakmad. http://t.co/YrXHK82l
MrPeterAndre,Tarabyada her zaman olduu gibi komularmzla da bayramlatm.
MrPeterAndre,Eve dnerken dolmu ve taksi duranda da bayramlatk. http://t.co/s5rBv7Uo
MrPeterAndre,"Daha sonra imam odasnda; simit, peynir ve ayla  Ramazan sonras ilk kahvalty yapm olduk. http://t.co/S8fWl7sM"
MrPeterAndre,Namaz sonras btn cemaatle bayramlatk..
MrPeterAndre,"ok sayda, baka lkelerden gelen mslmalarn da olduu Camii'de her renkten insan grmek mmknd. http://t.co/Vr4mZP1j"
MrPeterAndre,Herkese hayrl bayramlar diliyorum. Bayram namazn Sultanahmet Camiinde  byk bir cemaatle kldk.
MrPeterAndre,Bata Altnda Belediyesi olmak zere burann mze olmasnda emei geen herkesi tebrik ediyorum.
MrPeterAndre,"Ulucanlar, demokrasinin ve adaletin olmad yerde zulmden baka bir ey olamayacan gsteren yaayan bir abide."
MrPeterAndre,...demokrasimizi ve haklarmz kskanlkla korumalyz. http://t.co/g2c8NHxD
MrPeterAndre,O hcrelerde ve koularda yaananlarn bir daha ebediyyen yaanmamas iin...
MrPeterAndre,"Ulucanlar bana bir kez daha, demokratik bir hukuk devleti olmann ne kadar kymetli olduunu hatrlatt."
MrPeterAndre,"Siyaset adamlar, dnce insanlar, entelekteller, gazeteciler, din limleri, genlik liderleri... http://t.co/WXmDBUZ4"
MrPeterAndre,"Cezaevinden yolu geenlerin dinledikleri trkler; mektuplar, eyalar, haklarndaki kararlar... http://t.co/U977pzfU"
MrPeterAndre,Her bir kede ac hatralar vard. http://t.co/dJvZpzqh
MrPeterAndre,"Merhum Babakan Ecevit'in de kald nl Hilton Kouu'ndan baladk, tecrit hcrelerini, avlular, koular gezdik."
MrPeterAndre,Ulucanlar'n eski halini bilirim; 1970 ylnda orada yatmakta olan bir arkadam ziyarete gitmitim.
MrPeterAndre,"Ama esas ziyaret sebebim, mze haline getirilen Ulucanlar Cezaevini grmekti."
MrPeterAndre,"Eski Ankara evleri yeniden ortaya kartlmaya balanm, ok gzel olmu."
MrPeterAndre,Dn stanbul'a hareketimden nce Ankara'nn en zellikli tarih semtlerinden Hamamn'n ziyaret ettim.
MrPeterAndre,"Hepsine Allah'tan rahmet, ailelerine ve tm milletimize de basal diliyorum."
MrPeterAndre,Maalesef yreimizi dalayan ehitlerimiz var.
MrPeterAndre,Buna frsat vermemek iin gvenlik glerimiz n tedbiri alp youn bir mcadeleye girdi.
MrPeterAndre,Terr rgt bu Ramazan aynda pervaszca bir plan ierisine girmiti.
MrPeterAndre,u anda da Yeilyurt'ta katlacam iftar yemeine deniz yolu ile geiyorum. http://t.co/XP0gnBKa
MrPeterAndre,"Ben, mmkn olduunca deniz yolu ile ulam tercih ediyorum."
MrPeterAndre,Bu elzem almalar sresince alternatif yollar ve deniz ulamn daha fazla kullanmamz gerek.
MrPeterAndre,stanbul'da devam eden almalar yznden trafikte ciddi bir younluk sz konusu.
MrPeterAndre,ftardan bir baka resim. http://t.co/reYRnneY
MrPeterAndre,Btn bir yl boyunca bir ok misafirim oluyor ama onlarn en deerlileri ehitlerimizin yaknlar ve gazilerimizdir. http://t.co/i8cWcyzi
MrPeterAndre,Dolmabahe Saray'nn cennet gibi gzel bahesinde hep birlikte iftar yaptk. http://t.co/z1FmmqM0
MrPeterAndre,http://t.co/hAohvxB1
MrPeterAndre,Dn 53 ilden 310 misafirimiz vard. Eimle birlikte tek tek btn misafirlerimizi kabul edip hal ve hatrlarn sorduk http://t.co/vjwokjhT
MrPeterAndre,Cumhurbakan olduumdan beri dzenli olarak ilk iftarlar hep ehitlerimizin aileleri ile yaptm.
MrPeterAndre,Akamda ehit yaknlarmz ve gazilerimiz iin iftar verdim.
MrPeterAndre,Dn ok duygu dolu bir gn geirdim. Gndz Van'da ehit olan Jandarma Er  mit Akba'n cenaze merasimine  katldm.
MrPeterAndre,Herkese merhabalar.
MrPeterAndre,"Hem Beikta'a, hem de dier kulplerimize baarlar diliyorum."
MrPeterAndre,Bugn Beikta takmnn ziyareti srasnda bu baarnn tesadf olmadn grdm; ok memnun oldum.
MrPeterAndre,...lke olduunu sylemilerdi.
MrPeterAndre,"Geen ay yaptm ABD ziyaretinde bulutuum mill basketbolcularmz Mehmet ve mer,Trkiye'nin NBA'e en fazla oyuncu gnderen..."
MrPeterAndre,...byk bir baarya imza atm.
MrPeterAndre,"Beikta bu yl EuroChallenge Kupas'n, Beko Basketbol Ligi'ni ve Trkiye Kupas'n kazanarak... http://t.co/AXCh5jq0"
MrPeterAndre,...beni Tarabya'da ziyaret etti.
MrPeterAndre,"Beikta kulb yneticileri, erkek basketbol takm teknik heyeti ve oyuncular bugn kupalaryla birlikte... http://t.co/nx0bz11F"
MrPeterAndre,"Merhaba. Beiktal olduumu biliyorsunuz. Beikta bu yl futbolda baarl olamad, ama basketbolda ok baarl oldu."
MrPeterAndre,"Ar Dann 2000 metre yksekliindeki eteklerinde hala erimemi kar, gl ve yeil meralar birarda. http://t.co/GkxpkRdK"
MrPeterAndre,Idr ve Ar tabiat gzellikleriyle insan bylyor.
MrPeterAndre,"klim olarak Dounun ukurovas olarak bilinen Idrda, bayraklar ve sevgiyle karlandm. http://t.co/cNCMpM0i"
MrPeterAndre,Idrda helikopterden indikten sonra. smi her ne kadar Ar Da olsa da Idrdan daha gzel gzkyor. http://t.co/qwOgcA5V
MrPeterAndre,"Bugn, bu ziyaretle ilgili fotoraf ve bilgileri Trkiyenin en u noktasndaki bir okulun web sayfasnda grmek beni gerekten mutlu etti."
MrPeterAndre,Durdum ve onlarla beraber fotoraf ektirdik. http://t.co/h4eoRc8O
MrPeterAndre,shak Paa Saray'na trmanrken yolda Sargl lkretim Okulu'nun rencileri karne almlar beni bekliyorlard.
MrPeterAndre,Ahmed-i Hani Trbesi. http://t.co/qEdxEcdk
MrPeterAndre,"Daha sonra eserlerini; Krte, Trke, Farsa ve Arapa yazan, Mem  Znin yazar byk mtefekkir Ahmed-i Hannin trbesini ziyaret ettim"
MrPeterAndre,"shak Paa Saray'ndan sonra bugnn kimliksiz, estetikten yoksun binalarn grnce insan hayflanyor."
MrPeterAndre,shak Paa Saray'ndan baka br kare. http://t.co/rVm981MZ
MrPeterAndre,shak Paa Saray... http://t.co/k0xDCH1x
MrPeterAndre,"17. yzylda ina edilen Saray tamamen ta ileme. Tasarmdaki estetik, simetrik ller harikulade. http://t.co/zN2maIPJ"
MrPeterAndre,"Doubeyaztta shak Paa Saray, adeta bir kartal yuvasna ina edilmi bir aheser. http://t.co/FniZEgAd"
MrPeterAndre,"Genelkurmay Bakan, Jandarma Genel Komutan, 3. Ordu Komutan ve vatandalarmzn katld tren, her zaman olduu gibi muhteem oldu."
MrPeterAndre,Patnosda ayrca Jandarma Komando Alayna sancak verdim. http://t.co/ATA06gK2
MrPeterAndre,Patnoslularn gsterdikleri sevgi ve muhabbete teekkr ederim. http://t.co/qCa3XcWN
MrPeterAndre,Patnos yaklak 100 bin nfusuyla byk bir ile. le merkezinde halkla selamlarken byk izdiham yaadk.
MrPeterAndre,Arda Cumhuriyet Caddesi'nde yrrken bir kraathanenin nnde vatandalarla sohbet ettik. http://t.co/X0B1OlAK
MrPeterAndre,Ar Da'nn ykseklii 5137 metre ve Haziran aynda olmamza ramen grdnz gibi bembeyaz. http://t.co/hzZhLLdy
MrPeterAndre,"Ar Da, insanlk tarihi ile ilgisinden dolay dnyaca mehur."
MrPeterAndre,Her iki ilimizde de huzur ve vatandalarmz arasnda karlkl sevgi grmekten byk mutluluk duydum.
MrPeterAndre,"Herkese iyi hafta sonlar. Azerbaycan, Ermenistan ve rana snr olan Ar ve Idrdan dn dndm."
MrPeterAndre,RT @Programs2012: We were honored to host the President of Turkey @cbabdullahgul and his family at Twitter today. Teekkrler! http://t. ...
MrPeterAndre,u an Twitter binasndayz. Trkiye'den bizimle beraber gelen gazetecilerle birlikteyiz. http://t.co/iePTuFxl
MrPeterAndre,"Bu byk teknoloji irketlerinde hepsi birbirinden parlak, dnyann en iyi niversitelerinden mezun genlerimizi grmek beni gururlandrd."
MrPeterAndre,Yine Microsoft'un ok baarl gen Trk alanlaryla hatra fotoraf ektirdik. http://t.co/pba0WSBl
MrPeterAndre,"Bugn son olarak Microsoft'a gittik. Windows 8 ile ilgili bize bilgi verdiler, ben de denedim. http://t.co/7RtWroDw"
MrPeterAndre,Facebookta alan gen Trk mhendislerle beraberiz.. http://t.co/60d0ffOy
MrPeterAndre,Bu fotrafta solumdaki kadn irketin COOsu Facebooku bugnk haline getiren Sherly Sandberg. http://t.co/XpvO8I0B
MrPeterAndre,kinci duramz Facebooktu. Bize btn kamps gezdirdiler. 3000 kiinin alt muhteem bir kampus.
MrPeterAndre,"Otobana ktk, araba 80 mile yakn srat yapt. Harikayd. Otobana aniden knca gvenlik ekipleri epey bir tela yaad."
MrPeterAndre,"Sergey, Hayrunnisa Hanm ve ben mz arabann arkasna oturduk. http://t.co/dwSvbVoz"
MrPeterAndre,Sergey bize Googlen insansz giden arabasn tantt. http://t.co/a4fDwQKg
MrPeterAndre,Gzln st kesindeki kk ekranda canl bir video vard.
MrPeterAndre,"Sergey Brin, bana Googlen en yeni bulularndan Google Glasses gsterdi. http://t.co/on6U9ygB"
MrPeterAndre,Googlen kurucularndan Sergey Brin bizi karlad ve Googledaki Trk mhendislerle beraber bu fotoraf ektirdik. http://t.co/3UxJx1T5
MrPeterAndre,Bugn Silikon Vadisinde ziyaretlerimize devam ettik. lk uradmz yer Googled.
MrPeterAndre,Bu vesileyle uzaktan da olsa kandilinizi tebrik ederim.
MrPeterAndre,Bugn Apple ziyaret ettim. CEO Tim Cook ve dier yneticiler bize geni bilgi verdi. http://t.co/1s0xw7li
MrPeterAndre,"Stanford niversitesi Silikon Vadisinin ilk dou yeri; HP, Cisco, Google, Yahoo gibi irketler hep bu niversiteden kt."
MrPeterAndre,niversite gezisinden bir baka kare.. http://t.co/Y6XiwlLZ
MrPeterAndre,"Eski Dileri Bakan Condoleezza Rice, imdi burada profesr, bize niversiteyi gezdirdi. http://t.co/FTl98kd3"
MrPeterAndre,Bugn Stanford niversitesi Business Schoolda bir konferans verdim. http://t.co/qsW1hhW7
MrPeterAndre,lk defa bir Trk Cumhurbakan Amerikann bu blgesine geliyor. Hayatmz deitiren yeni teknolojilerin doduu yer buras.
MrPeterAndre,Chicagodaki NATO Zirvesinden sonra Silikon Vadisinin bulunduu San Franciscoya geldik.
MrPeterAndre,Hepinize selamlar. Amerika seyahatimiz devam ediyor.
MrPeterAndre,"Adyaman Belediye Bakan Necip Bykaslan bana, 1974 rencilik yllarmzdan kalan bu fotoraf hediye etti. http://t.co/cWQWeuaP"
MrPeterAndre,Belediyenin nnde toplanan halka ksa bir hitapta bulundum. http://t.co/wZLwglVA
MrPeterAndre,Adyaman' geni caddeleri ve yeilliiyle ok deimi buldum ve sevindim.
MrPeterAndre,Uzun yllar sonra Adyaman'a ilk Cumhurbakan ziyareti gereklemi. Gllerle karlandk. http://t.co/wYEyfAeJ
MrPeterAndre,"Helikopterden grdm kanallarn uzunluu 270 km, debisi saniyede 300 metre kpn zerinde. http://t.co/zL2dFMMk"
MrPeterAndre,"Aada gzken pompa istasyonundan alnan su, 26 km lik yeralt tnelleri ile kanallara tanyor. http://t.co/p8Jt6zN2"
MrPeterAndre,"Atatrk Baraj, Dnyann 5. byk baraj ve Trkiye'nin de 3. byk gl. http://t.co/2STYOFOt"
MrPeterAndre,Buralar ayn zamanda Trkiye'nin en byk enerji kayna. Bandan beri emei geen herkese ok teekkr ederim.
MrPeterAndre,"GAP, barajlar, sulama kanallar sadece Harran Ovasn deil, btn blgeyi inanlmaz ekilde deitirmi."
MrPeterAndre,Tabiki trkler sylenirken i kfte yoruldu. Yanmda oturan gen Faruk Bayrak'n olu Paa ve ben Onun kirvesiyim. http://t.co/96yfgi6Z
MrPeterAndre,Urfa'ya gitmiken sra gecesine katlmadan olmazd. Kaldmz otelin br ksm maarayd ve gzel bir akam geirdik. http://t.co/Qk9XBdFP
MrPeterAndre,Gbeklitepe'ye yryerek ktk ve indik. http://t.co/YzQVGZQS
MrPeterAndre,Kaz almalarn Alman Arkeolog Dr. Klaus Schmidt ve Trk ekibi beraber yrtyorlar. http://t.co/mftvuI5V
MrPeterAndre,Buras arkeoloji tarihi asndan ilk referans haline gelmi. Kazlar devam ediyor. leride dnyann en nemli kltr hazinesi olmaya aday.
MrPeterAndre,"Gbeklitepe, insanln yeryzndeki bilinen ilk izi ve 12 bin yl nceye gidiyor. http://t.co/WhOZ4UmL"
MrPeterAndre,Son yllarda ortaya kartlan Urfa'ya 10 km uzaklktaki Gbeklitepe kalntlar da nemli. http://t.co/w4MAZQIZ
MrPeterAndre,ki bin yldr toprak altnda kalan mozaikler gn yzne kartlyor ve buras byk br akhava mzesi olacak. http://t.co/ttGNSeCF
MrPeterAndre,Yakn zamanda Halepli Bahe'de Romallar'dan kalma harika mozaikler bulunmu ve Urfa'ya ayr br cazibe kazandrm. http://t.co/crlWL5Lp
MrPeterAndre,Balkl Gl'n bulunduu mekandan br baka kare... http://t.co/larra3AN
MrPeterAndre,Urfa denilince akla gelen Balkl Gl ve Hz. brahim Peygamberin doduu yeri ziyaret ettim ve balklara yem attm. http://t.co/6E7pImKz
MrPeterAndre,Her iki ilde de halkmzn gsterdii ilgi ve sevgiye teekkr ederim.
MrPeterAndre,Dn ve nceki gn Adyaman ve anlurfa'daydm. Cumhurbakan olarak bu illeri ilk defa ziyaret etmenin mutluluunu yaadm.
MrPeterAndre,Ayrca bugn anneler gn ve bu vesileyle tm annelerimizin anneler gnn kutluyorum.
MrPeterAndre,yi pazarlar. Akam ben de heyecanla ma seyrettim. Galatasaray'n ampiyonluunu tebrik ederim.
MrPeterAndre,Gsmz kabartan muhteem bir asker merasim yapld.
MrPeterAndre,kinci Kolordu stihkam Alay'na tevdi ettiim sancak merasiminde Genelkurmay Bakanmz ve Kara Kuvvetleri Komutanmz da vard.
MrPeterAndre,Alaylara sanca cumhurbakanlar verir ve sancak askerin erefi ve namusudur. http://t.co/5MzUp0yG
MrPeterAndre,Silahl Kuvvetlerimizin sancak merasimlerinin ok ayr bir deeri ve nemi vardr.
MrPeterAndre,"minnetle andk. ehitlikte, Anadolunun drt bir yanndan binlerce gen yata vatandamz grmek beni ok mutlu etti."
MrPeterAndre,"anakkale ve ehit kelimeleri adeta birbiriyle zdelemi. ehitliimizi ziyaret ettik ve tm ehitlerimizi rahmet, http://t.co/BjWuLUk2"
MrPeterAndre,Rum vatandalarmzn yaad Zeytinlik kyne gittik ve orada bize mehur dibek kahvesini Efi Hanm ikram etti. http://t.co/ET4Pa51I
MrPeterAndre,"Dn Gkeadaya getik. Ada bir taraftan geliirken, dier yandan gzelliinin korunmas nemli, bunu herkese hatrlattm."
MrPeterAndre,Btn ile halk bizi sevgi ile karlad. Herkese teekkr ediyorum. http://t.co/qcyEfoCB
MrPeterAndre,brahim Bodur beyin fabrikasna giderken ann iinden getik.
MrPeterAndre,Herkes bize gl verdi. http://t.co/PiUczHoZ
MrPeterAndre,Kordon boyunda ehrin ileri gelenleri ile ksa bir yry yaptk. Halkn youn ilgisi ile karlatk.
MrPeterAndre,Her ilde olduu gibi anakkalede de hayrseverlere plaket takdim ettim. http://t.co/Z5eqy9dO
MrPeterAndre,Herkese iyi pazarlar. Dn ve nceki gn eimle birlikte anakkale ziyareti yaptk.
MrPeterAndre,Her zaman olduu gibi heyetimde yine btn partilerimizden deerli milletvekillerimiz vard. http://t.co/vXzbMBQT
MrPeterAndre,Byk bir misafirperverlik ve scak bir ilgi grdmz Hollandadan Kralie bizi yine merasimle uurlad. http://t.co/9ptD5vAN
MrPeterAndre,Neyse Emirgan ile birlikte laleyi tekrar kefettik.
MrPeterAndre,Malum Hollandallar laleyi Trkiyeden gtrdklerini hi saklamyorlar. Lale imdi Hollandann simgesi haline gelmi.
MrPeterAndre,Keukenhofde kk bir bahe iinde olan bu bst 400 yl nce laleyi stanbuldan Hollandaya gtren adamn bst. http://t.co/DWybBaBq
MrPeterAndre,Baheden bir baka grnt http://t.co/L29eEP6g
MrPeterAndre,ektiim fotoraflar da Facebooktaki sayfamda (http://t.co/gwJKCXbk) paylatm.
MrPeterAndre,Bu muhteem bahedeki gzellikler bana fotoraf ektiim gnleri hatrlatt. Dayanamayp sizin iin fotoraflar ektim. http://t.co/548JAwzk
MrPeterAndre,Oray da Hayrnnisa hanmla birlikte gezdik. Bahenin peyzaj gerekten ok hotu.
MrPeterAndre,Keukenhof ok byk bir lale bahesi. Her sene sadece iki ay iin ak. http://t.co/lthcgSTB
MrPeterAndre,"Gnei, suyu ve topra bol olan bizim, bunun zerinde ok dnmemiz gerekiyor."
MrPeterAndre,"iekilik deyince, Konyadan daha kk olan ve gnei nadir gren  Hollandann akla gelmesi gerekten ok ilgin."
MrPeterAndre,"Bu smble, hem stanbul adn koydum hem de can suyunu verdim."
MrPeterAndre,Bu tr smbl 20 yllk bir almann neticesinde rettiklerini sylediler. http://t.co/Ailiw9s4
MrPeterAndre,iek fuarnn aln hep beraber yaptk. http://t.co/VC4Rgdrl
MrPeterAndre,nk 2016 ylnda bu fuar Antalyada yaplacak ve milyonlarca insan gelecek.
MrPeterAndre,stasyondan hep beraber uluslararas iek fuarna gittik. Bu bizim iin nemli.
MrPeterAndre,stasyonda Kralie bizi byle karlad. http://t.co/gXKMjEy0
MrPeterAndre,Seyahatimizin son gn Amsterdamdan Maastricht kentine tm heyetimiz ile birlikte Kraliyet treni ile gittik.
MrPeterAndre,25 farkl niversiteden seilen Hollandal genlerle Hayrnnisa hanmla birlikte bir sohbet yaptm. ok gzel oldu. http://t.co/eKec7Mx3
MrPeterAndre,Bu yemee Hollandada yaayan baarl birok Trk davetliydi. Onlar tanmaktan ok mutlu oldum.
MrPeterAndre,Akam sarayda onurumuza gzel bir yemek verdiler. http://t.co/RROaNREk
MrPeterAndre,ve Dileri Bakan iken beraber Kayseriye gitmitik.
MrPeterAndre,Kraliyet ailesinin Trkiyeye olan sevgilerini yakinen biliyorum. Birok vesile ile daha nce Trkiyeye geldiler
MrPeterAndre,"hemen arkasnda ei Prenses Maxima, Kralienin kz kardei Prenses Margriet ve ei Pieter Van Vollenhoven."
MrPeterAndre,"Fotorafta gzkenler Kralie Beatrix. En sada oturan Veliaht Prens Willem-Alexander,"
MrPeterAndre,Karlkl nian takdimi yapld. Kralienin boynundaki bizim verdiimiz nian. Onlar da bana ve eime nian verdiler. http://t.co/Dr5wrN03
MrPeterAndre,Ben de sarayn penceresinden grdke hep gururlandm.
MrPeterAndre,Ve meydanda o kadar ilgi oda oldu ki herkes nnde byle fotoraflar ektiriyordu.
MrPeterAndre,"Dam Meydanndaki Ant'a koyduum elengimize, 3 gn boyunca iki asker nbet tuttu. http://t.co/LldwO9Un"
MrPeterAndre,Tren ktasn denetledim. http://t.co/r9x5gLYj
MrPeterAndre,Ve resm tren Dam Meydannda sarayn nnde yapld. http://t.co/bu4SAeoC
MrPeterAndre,Uzun sre hibir resm trenin yaplmad Kraliyet saraynn ilk misafiri olduk.
MrPeterAndre,Hollanda hava sahasnda bizi iki F-16 karlad ve inene kadar bizimle beraber utular. Ortaya bu gzel grnt kt. http://t.co/ALptLI7y
MrPeterAndre,sizinle paylaarak deerlendireceim. Bakalm beenecek misiniz?
MrPeterAndre,"Hepinize iyi hafta sonlar diliyorum. Ben de hafta sonunu, iki gn nce Hollandaya yaptmz devlet ziyaretindeki baz gzellikleri"
MrPeterAndre,Donanmada ayrca ok modern silahlarla donatlm Kemal Reis Firkateynini de gezdim ve bilgi aldm. http://t.co/G4wuzXGI
MrPeterAndre,Denizaltn gezince denizcilerin kk bir alanda gnlerce denizin dibinde ne kadar zor artlarda grev yaptklarn grdm.
MrPeterAndre,Denizaltnda dary izleyebildikleri periskop http://t.co/ThI0c22f
MrPeterAndre,Denizaltna girerken http://t.co/MqumSt1d
MrPeterAndre,Glckte Donanma Komutanlmz da ziyaret ettim. Donanma Komutanmz Burak Reis Denizaltsn gezdirdi. http://t.co/J1gJeWLD
MrPeterAndre,Atatrkn gazetecilerle yapt mehur zmit Konferans da burada olmu.
MrPeterAndre,"Sultan Abdlaziz tarafndan yaptrlm, bugn btn gzelliiyle ayakta."
MrPeterAndre,stanbul dnda Anadoluda bulunan Osmanl Saray Kasr- Hmayun. http://t.co/bBmGfkan
MrPeterAndre,Park gezerken gl satan ieki kadnlar yolumu kesip iek verdiler. http://t.co/Rp8Vwd6I
MrPeterAndre,Kocaeli denilince SEKA unutulmaz. Uzun tartmalardan sonra SEKA arazisi gzel bir park haline getirildi.
MrPeterAndre,Bu vesile ile ehrin ileri gelenleri ile birlikte yediimiz yemekte de ok sayda hayrsevere plaket verdim. http://t.co/uYrDTxsW
MrPeterAndre,Bu cuma ve cumartesi Trkiyenin en sanayilemi illerinden birisi olan Kocaelini ziyaret ettim.
MrPeterAndre,anakkale savalar aclardan ders alnarak bara ulamann gzel bir rnei. ehitlerimizin ruhu ad olsun.
MrPeterAndre,ailesinin vaktiyle Kayseriden geldiini syledi.
MrPeterAndre,Rait Gannui ile birlikte Cuma namazna giderken kapal arda bir hanm bize srpriz yaparak... http://t.co/dXXZAFEY
MrPeterAndre,...istemesi ok dikkat ekiciydi. Yanmda bulunan Tunuslu Mill Eitim Bakan da buna mspet bakt.
MrPeterAndre,Bu okulda rencilerle sohbet ettim. Kz ocuklarndan birisi Tunusta Trkenin okullarda semeli dil olmasn... http://t.co/yB0TzZZw
MrPeterAndre,Kendisi reformist nitelikleriyle bilinen bir Osmanl paasyd ve Sultan Abdlhamitin sadrazamln yapmt.
MrPeterAndre,Heyetimdeki milletvekillerimiz ile beraber olduum bu fotorafta duvarda asl resimde gzken Hayrettin Paa. http://t.co/9FkVBtjJ
MrPeterAndre,1875te Hayrettin Paa tarafndan kurulmu ve uzun sre Tunusun aydn ve devlet adamlarn yetitirmi bir okul. http://t.co/wTcfG0G3
MrPeterAndre,Ziyaret ettiim Sadki Koleji ayn bizdeki Galatasaray Lisesi gibi. http://t.co/kKTgfeyT
MrPeterAndre,Meclis Bakan Mustafa bin Cafer de en zor zamanlarda yanllara direnmi saygn bir insan.
MrPeterAndre,Tunus Ulusal Meclisinde bir konuma yaptm. Beni byk bir heyecan ve coku ile dinlediler. http://t.co/qyMca4Zl
MrPeterAndre,O da yllarca hapis hayatndan sonra 20 yl srgnde yaad.
MrPeterAndre,...nderlii Tunusun gelecei ile ilgili byk gvence veriyor. Kendisini eskiden beri tanrm ve dncelerine de ok deer veririm.
MrPeterAndre,Devrimin esas liderlerinden Rait Gannui ise bir dnr ve filozof. Kendisinin sadelii ve bunun yannda etkin... http://t.co/JsUHTAXj
MrPeterAndre,Bunlarn hepsi de sadece siyasi dncelerinden dolay.
MrPeterAndre,Olgunluk ve hogrl tavrlarna baktmda sanki hi hapiste yatmam izlenimi veriyordu.
MrPeterAndre,Fotoraftaki Ennahda Partisinden Babakan Hammadi Cibali ise 14 hcrede olmak zere 17 yl hapiste kalm biri. http://t.co/ZlRL2OpQ
MrPeterAndre,hapiste 17 yln ikencelerle geirmi birisi. Kendisinin vaktiyle ektii ikencelerle ilgili ok hikyeler dinledim.
MrPeterAndre,...bilinen bir doktor ve mr uzun yllar tutukluluk ve srgnde gemi. Tokalatm ileri Bakan Ennahda Partisinden Seyit Ali de...
MrPeterAndre,"Fotoraftaki pelerinli Cumhurbakan Merzuki, sol gelenekten gelen, Arap dnyasnda insan haklar mcadelesiyle... http://t.co/ByytVE06"
MrPeterAndre,...grm insanlar olmasna ramen vakur durular hepimizi etkiledi.
MrPeterAndre,"Arap Baharn ilk balatan ve 14 Ocak Demokrasi Devrimini gerekletiren Tunuslu liderlerin hepsinin, ok zulm ve eziyet..."
MrPeterAndre,getirdi. 400 yl sren bu beraberliin hatralarna ve izlerine Tunuslularn sahip kyor olmas ve gururlanmas bizleri de ok mutlu etti.
MrPeterAndre,Btn marip lkelerini Endlsn akbetinden koruyan Osmanllar oldu. Trkler de maripli leventlerin desteiyle Akdenizi gl haline...
MrPeterAndre,"Aslnda marip lkeleriyle Trkiye arasnda dostluk o kadar gl ki krmz-beyaz, ay ve yldz bayraklarmzn ortak sembolleri."
MrPeterAndre,Geen hafta tarih bir Tunus ziyareti yaptm biliyorsunuz. http://t.co/lojY3FqN
MrPeterAndre,Dayanlmaz soukta nbette olan asker Mardinliymi. http://t.co/DikeQoef
MrPeterAndre,"Blent beyin vcuduna koyduum, askerlerin ""cep sobas"" dedikleri malzeme en souk havada bile saatlerce sizi styor. http://t.co/LrePJzQP"
MrPeterAndre,"Silahl kuvvetlerimizin sadece kulland tehizat deil, elbiseleri de en modern ordularnkine edeer."
MrPeterAndre,Genelkurmay Bakan ve 3. Ordu Komutan ile beraber... http://t.co/RczYRQKJ
MrPeterAndre,grevli komutanlar tebrik ederken bayan stemen ile karlatm. http://t.co/lwQ8SfVY
MrPeterAndre,2115 personelin kara ve hava unsurlarnn katlmyla gerekletirilen tatbikatn koordinasyonunda
MrPeterAndre,"Dn Karsta katldm silahl kuvvetlerin k tatbikat olaanst etkileyiciydi. 1,5 metre karda ve en zor iklim artlarnda"
MrPeterAndre,Kkn bahesinde ekilen kar fotoraflarm bu kez Facebook sayfamdan (http://t.co/gwJKCXbk) paylatm. yi pazarlar.
MrPeterAndre,"RT @tccankaya: Vatanda Aracsz Sordu, Cumhurbakan Gl Cevaplad http://t.co/1htnmo6f"
MrPeterAndre,Bugnlk bu kadar. Herkese iyi bir hafta sonu diliyorum.
MrPeterAndre,"Dzce, 1999 depreminin yol at yaralar sarmaya balam. Bunun planl bir ekilde yapldn grmekten ok memnun oldum."
MrPeterAndre,Dzce'de Cuma namazn Cedidiye Camisinde kldm. Ardndan caminin nndeki meydanda halkmzla kucaklatm http://t.co/HDjLjtcy
MrPeterAndre,Sepette elmalarla birlikte Hayrnnisa Hanm iin bir de yamak vard.
MrPeterAndre,Bolu'da kalabaln iinden bir teyze bahesinden getirdii bu elma sepetini verdi. http://t.co/8i8aex7H
MrPeterAndre,"Her ehrimizde olduu gibi, Bolu'da da, Dzce'de de vatandalarmz samimi sevgi ve muhabbet gsterdiler. Hepsine ok teekkr ediyorum."
MrPeterAndre,"Bolu Vali Kona'n grnce byk mutluluk duydum. 1800'lerin banda yaplm, gzel korunmu, tarih bir bina, http://t.co/hKf9zJYv"
MrPeterAndre,estetii ve simgesellii olmayan binalar var.
MrPeterAndre,"Ziyaret ettiim birok ilde vilayet binalarna ok zlrm. Eski vali konaklar gitmi, yerinde bask tavanl"
MrPeterAndre,"te bunlardan biri Glck'te, donmu gln kenarndaym.Eski dostlarmla arka plandaki villada gzel sohbet bir yaptk http://t.co/mQw6xmDo"
MrPeterAndre,"Burann harika gzellikleri, adeta saklanm gibi... Bunlar Trkiye ve dnyaya tantmamz gerekir."
MrPeterAndre,"Normalde, mavi ile yeil hep deniz seviyesinde buluur. Ama Bolu'da mavi ile yeil 1000 metrenin zerindeki bu gl ve ormanlarda buluuyor."
MrPeterAndre,"Mill parklar, yaylalar, kayak merkezleri..."
MrPeterAndre,"Bolu, harika tabiat gzellikleri ile dolu bir ilimiz. Abant bata, Yedi Gller, Snnet Gl gibi pek ok gl..."
MrPeterAndre,"Getiimiz Perembe - Cuma, Bolu ve Dzce'yi ziyaret ettim. Her iki ehri de iyi bilirim, ama uzun zamandr ziyaret etmemitim."
MrPeterAndre,Herkese merhaba. Bugn stanbul'da kapal bir hava var. Evde bilgisayarmn bandaym.
MrPeterAndre,"Eim ve ben, herkese gzel bir hafta sonu diliyoruz."
MrPeterAndre,Cumhurbakanna Sorun uygulamasna yarndan itibaren u adresten ulaabileceksiniz: http://t.co/JTCFptAV
MrPeterAndre,"En beendiiniz sorular, sahipleri bana ankaya Kk'nde sorabilecekler, cevaplarn kendilerine bizzat vereceim."
MrPeterAndre,"Bu uygulama ile bana dorudan sorularnz iletebileceksiniz, sorulan sorular deerlendirebilecek, en poplerlerini seebileceksiniz."
MrPeterAndre,"Sizlerle dorudan iletiimimde yeni bir kanal olmasn beklediim 'Cumhurbakanna Sorun uygulamas, yeni yln ilk gn balayacak."
MrPeterAndre,Yeni yl tebrikinin ardndan pek ounuzun beklemekte olduu bir konuyu da duyurmak istiyorum.
MrPeterAndre,"2012 ylnn lkemize ve tm insanla huzur, bar ve esenlik getirmesini diliyoruz."
MrPeterAndre,Gl ailesi olarak tm vatandalarmzn yeni yln tebrik ediyoruz.
MrPeterAndre,"Herkese merhaba. 2011 yln geride brakrken, eim Hayrnnisa Hanm ile birlikte sizlere selam vermek istedik."
MrPeterAndre,Herkese iyi akamlar diliyorum.
MrPeterAndre,Mensubu olmaktan gurur duyduum stanbul niversitesi ktisat Fakltesi'nin 75. yln bir kez daha tebrik ediyorum.
MrPeterAndre,"stanbul ktisat lkemize byk deerler yetitiren byk bir okul, gl bir gelenek, etkili bir ekol."
MrPeterAndre,"Okulum da beni bu anlaml gnde en gzel ekilde arlad. Rektrmz, Dekanmz ve hocalarmz samimi bir evsahiplii sergilediler."
MrPeterAndre,Trende yaptm konumamdan nce bugn bazlar emekli olmu hocalarma gnn ansna birer plaket takdim ettim. ok mutlu oldular.
MrPeterAndre,"Zamannda hocalarmdan ders dinlediim M1 Amfisi'nde, ktisatl hocalarm ve dnem arkadalarmla bir araya geldim."
MrPeterAndre,"ktisat Fakltesi benim iin anlam byk bir 'mektep'. Burada hem lisans, hem de doktoram yaptm."
MrPeterAndre,"Burada, mezunu olduum stanbul niversitesi ktisat Fakltesi'nin 75. Kurulu Yldnm kutlamasna katldm."
MrPeterAndre,Herkese merhaba. Bugn stanbul niversitesi'nin Beyazt'taki tarihi merkez kampsndeydim.
MrPeterAndre,lkemizin 2020 adayl iin de millet olarak seferber olacaz.
MrPeterAndre,Uluslararas Olimpiyat Komitesi yesi Sir Craig Reedie bize elik etti.
MrPeterAndre,2012 Londra Olimpiyatlar iin kurulan Olimpiyat Ky'n de ziyaret ettik. http://t.co/LIH9DTeh
MrPeterAndre,"Ziyaretimizin son gnnde bizleri Kralie, Buckingham Saray'ndan kocas Philip ile birlikte uurlad. http://t.co/RnnvWVs4"
MrPeterAndre,Buras insann tm yorgunluunu alan ve rahatlatc klasik bir ngiliz kr maliknesi... http://t.co/lEPao1GP
MrPeterAndre,...ngiliz usul 5 ay itik.
MrPeterAndre,Portsmouth'dan-Southampton Havalimanna giderken yol zerinde bulunan Stansted Park Maliknesine urayp... http://t.co/Jjl4j2mf
MrPeterAndre,nde gelen Trk ve ngiliz irketlerinin CEO'larnn hazr bulunduu yemee Ali Babacan ile beraber katldk. http://t.co/HuekvEjF
MrPeterAndre,"Royal Society'de, Wilton Park Londra konferans serisinin ilkini balatm oldum. http://t.co/XrsAi1tb"
MrPeterAndre,Trkiye ile ilgili anlattklarm ok ilgi grnce; gne doudan ykselir dedikten sonra salonda byk alk koptu. http://t.co/y5WCpwZu
MrPeterAndre,...yaklak 1000 kiiye onur konuu olarak hitap ettim. Salonda karamsar bir hava vard.
MrPeterAndre,ngiliz i dnyasnn en byk kuruluu olan ngiliz Sanayi Odalar Konfederasyonu (CBI) yllk konferansnda... http://t.co/vMIqGta9
MrPeterAndre,Parlamentoya gidiimde Avam Kamaras Bakan karlad ve konuma yapacam salona gtrd. http://t.co/B9xkoKlk
MrPeterAndre,Prens Charles orada aratrma yapan Trk genlerini de bana tantt. http://t.co/9jbETN2t
MrPeterAndre,Charles benim de mtevelli heyet yesi olduum Oxford slami almalar Merkezi'nin hamisi.
MrPeterAndre,Prens Charles ve ei slami sanatlara ok ilgi duyuyorlar. http://t.co/LSmou8EF
MrPeterAndre,"ngiliz Ordusu'nda grevli imam, Kur'an okudu ve dua ettik. evrede yaayan Trkler de merasime katldlar. http://t.co/i8xxBtaj"
MrPeterAndre,160 yl nce Portsmouth'da ehit olan Osmanl bahriyelerine ait deniz ehitliini ziyaret ettik. http://t.co/GN2MP2wq
MrPeterAndre,...Osmanlnn verdii ay yldzl nian.
MrPeterAndre,Trafalgar Sava'n yneten ngilizlerin en byk komutanlarndan Amiral Nelson'un gsndeki en byk nian... http://t.co/xE39Ipd2
MrPeterAndre,"s Komutan, Victory'nin arkamzda bulunan kaptan kknde bize le yemei verdi."
MrPeterAndre,Victory'nin gvertesinde toplu fotoraf. http://t.co/Tmakq18h
MrPeterAndre,Dnya zerinde halen grevde addedilen en eski sava gemisi unvanna sahip. http://t.co/QF8Lw0jB
MrPeterAndre,"1805 ylnda meydana gelen Trafalgar savana katlan Victory sava gemisi,"
MrPeterAndre,...olan krmz-beyaza brnd. Bize sylenenlere gre bu ilk defa yapld.
MrPeterAndre,Ziyaretimizin ansna Thames Nehri kenarnda Londra'nn sembollerinden birisi olan London Eye Trk bayrann rengi... http://t.co/UOujwKJ3
MrPeterAndre,"...1600 kiilik koro tarafndan Trke icra edilen eser, bu sefer temsili olarak 16 kiiyle seslendirildi. http://t.co/I7s0qbL9"
MrPeterAndre,"Sultan Abdlaziz'in 1867'deki ngiltere ziyareti srasnda onuruna bestelenen, http://t.co/qJBndtuD"
MrPeterAndre,"...Londra'nn en eski, tarih binalarndan birisidir"
MrPeterAndre,Londra City Belediye Bakan tarafndan onuruma akam yemei verilen Guildhall... http://t.co/KcPsjx7Q
MrPeterAndre,...hediyeleri gsterdi.
MrPeterAndre,Ve salonun giriinde Trk-ngiliz tarihi ile ilgili baz vesikalar ile Osmanl Sultanlar tarafndan verilen... http://t.co/2hHFrcSS
MrPeterAndre,Kralie bize ilk gittiimiz gn aile iinde dar katlml bir le yemei verdi.
MrPeterAndre,Babakan Cameron ile Downing Street 10 Numara'da gzel bir grme yaptk. http://t.co/NmiituN7
MrPeterAndre,Bylece ilk gn byleyici bir klasik mzik konseri ile k ve ses gsterisine tank olduk. http://t.co/fthsORTS
MrPeterAndre,"Kralie bize, Mziin kalbi konumunda olan Royal Albert Hall'da kendi locasn tahsis etti. http://t.co/Vn9Rbpkn"
MrPeterAndre,Bizimle beraber ziyarete gelen bakanlarmz da ayr ayr arabalarla bizleri takip ettiler. http://t.co/XmeNEz1v
MrPeterAndre,"Geerken yol boyunca ngiliz, Trk ve birok turist bayrak sallayarak bizleri selamladlar. http://t.co/HjGhXWD0"
MrPeterAndre,The Mall Bulvar'ndan Buckingham Saray'na intikal ettik. http://t.co/f2581yFD
MrPeterAndre,Burada btn Kraliyet ailesiyle ve resm yetkililerle tantrldktan sonra atl arabalarla... http://t.co/ora4Rgiz
MrPeterAndre,Kaldmz otelden Svari Birlii Tren Alan'na geldik. http://t.co/2ysRPBU3
MrPeterAndre,...u an Uluslararas Olimpiyat Komitesi'nin en kdemli yelerinden birisi.
MrPeterAndre,Kendisi binicilikte olimpiyat altn madalyas kazanm iyi bir binici ve
MrPeterAndre,Fotorafta sa tarafmda Kralie'nin kz Prenses Anne duruyor. http://t.co/gHPA3ofD
MrPeterAndre,http://t.co/jXn8GkbJ
MrPeterAndre,Ayn ziyarette benim kendisine verdiim nian da Kralienin zerinde duruyor.
MrPeterAndre,stmdeki nian Kralie'nin 2008 ylnda lkemize gerekletirdii ziyaret srasnda bana verilmiti.
MrPeterAndre,Saray'da akam verilen devlet yemeinden nce son ektirdiimiz fotoraf. http://t.co/ujKIpGWK
MrPeterAndre,yi pazarlar. Geen hafta ngiltere'ye gerekletirdiim ziyaretle ilgili beendiim baz kareleri sizlerle paylamak istiyorum.
MrPeterAndre,"Kurban Bayram'nda yeniden grmek zere, herkese selam ediyorum."
MrPeterAndre,Pek ok sorumlu siyasetinin katld Bir Maam Van'a kampanyasna ben de bir maam vererek katlyorum.
MrPeterAndre,"Maa meselesine deinmiken, Van depremi sonras balatlan gzel bir kampanyaya da katldm ilan edeyim."
MrPeterAndre,Herkesin bilmesini isterim: Vergiler dldkten sonraki net Cumhurbakan maa haberlerde geen rakamn neredeyse yars.
MrPeterAndre,"Zira bu haberler, bilerek veya bilmeyerek, vergiler dlmemi brt maa net maam gibi yanstyorlar."
MrPeterAndre,"Bu sorular esasen, Cumhurbakan maayla ilgili doru olmayan baz haberlerden kaynaklanyor."
MrPeterAndre,"Son gnlerde bana en ok gelen sorulardan bir dieri de, maamla ilgili baz sorular."
MrPeterAndre,Bildiim kadaryla yarglama sreci bitmemi; hl itiraz imkn var. Kamu vicdann teskin edecek bir sonu kmasn mit ediyorum.
MrPeterAndre,"Gencecik bir ocuumuzun bana gelenlerle ilgili cezann indirilmesini onaylayan karar, beni de derinden rahatsz etti."
MrPeterAndre,"Ancak bu, toplumsal olarak vicdanmz rahatsz eden baz olaylara ilikin yorumda bulunmama engel deil."
MrPeterAndre,Yargya intikal etmi meseleler hakknda ynlendirici bir beyanda bulunmamaya zen gsteriyorum.
MrPeterAndre,Herkese merhaba. Son gnlerde bana en ok yazlan baz konulara ilikin grlerimi paylamak istiyorum.
MrPeterAndre,"RT @tccankaya: Cumhurbakan Gl,  29 Ekim Cumartesi gn verecekleri resepsiyonu, Vanda meydana gelen deprem nedeniyle iptal etti."
MrPeterAndre,RT @tccankaya: Trkiye Terr Karsnda Hibir ekilde Sarslmayacaktr http://t.co/sKRgmCLF
MrPeterAndre,"RT @tccankaya: Cumhurbakan Gl, kinci Gn sleri Ziyaret Etti http://t.co/6YoJxdfS"
MrPeterAndre,"RT @tccankaya: Cumhurbakan Gl, Komutanlarla Gneydouda Asker Birlikleri Ziyaret Etti  http://t.co/fbSgyufr"
MrPeterAndre,"Silikon Vadisi bir ok gencin ryas olduysa, bunda Steve'in ok byk rol olmutur. Bu kiilerden birisi de byk olum Ahmettir."
MrPeterAndre,"Hangi dergide kendisiyle yaplm bir mlakat veya O'nun hakknda yazlm bir yaz grsem, ilgiyle okumuumdur. lmne ok zldm."
MrPeterAndre,Apple'n kurucusu Steve Jobs hayatmz deitiren ender insanlardan birisiydi. Onu olaanst teknolojik tasarmlaryla tandk.
MrPeterAndre,...Kendisi Twitterda beni yakndan takip ediyormu.
MrPeterAndre,"Almanyada niversite renimi gren bu gen vatandamz, aranzdan biri, yani Twitter camiasndan... http://t.co/6HJ8l1CA"
MrPeterAndre,...1648de imzaland yer.
MrPeterAndre,"Osnabrckde halk birlikte selamladmz belediye binas, tarihte ok nemli bir yeri olan Vestfalya Antlamasnn... http://t.co/5H7iGixw"
MrPeterAndre,...herhangi bir ziyaret gibiydi.
MrPeterAndre,"Cumhurbakan Wulffn memleketi Osnabrcke yaptm ziyaret, sanki Trkiyede bir ilimize yaptm... http://t.co/yeudRAhc"
MrPeterAndre,Bu kez de Cumhurbakan Wulff bizi kendi uayla memleketi Osnabrcke gtrd. http://t.co/3Lsb40xG
MrPeterAndre,"Geen sene Trkiyeye yapt ziyarette, Cumhurbakan Wulff ve eini kendi uamla memleketim Kayseriye gtrmtm"
MrPeterAndre,Yaananlar karsndaki fkemi de saklayamadm
MrPeterAndre,"Alman polisinin aksi yndeki srarna ramen, niversiteyi terk etmedim, rektrn odasnda bekledim. http://t.co/kjuzWm1X"
MrPeterAndre,Hepinize ok teekkr ediyorum.
MrPeterAndre,karlan engellere ramen Humboldt niversitesinde yaptm konumamla ilgili olarak sizlerden binlerce mesaj aldm. http://t.co/4IsIwrvH
MrPeterAndre,efin Trk olduunu ktay selamlarken bana bakndan anlamtm.
MrPeterAndre,"Mevkidam Wulff, Alman Cumhurbakanl bandosunun Trk efini benimle tantrd. http://t.co/jr3d7NpL"
MrPeterAndre,...olarak yaad Kreuzberg semtinde bir Trk kebapsna gittik.
MrPeterAndre,"Yine ayn akam, yemekten sonra program d bir ey yapmaya karar verdik ve Berlinde Trklerin youn... http://t.co/5RQLbxVg"
MrPeterAndre,"Bu kpr, filmlere konu olan, casus deiimlerinin yapld kpr."
MrPeterAndre,Bu fotoraf 1989 ylna kadar dou ve bat Berlini birbirinden ayran Glienicke kprsnn zerinde ekildi. http://t.co/MIRSLdB3
MrPeterAndre,"Berline vardmz gnn akamnda, Alman Cumhurbakan Wulff ve ei ile doada ksa bir gezinti yaptk, ardndan birlikte yemek yedik."
MrPeterAndre,...uuu yaptlar.
MrPeterAndre,"Berlin havalimanna indiimizde, erefimize yaplan 21 pare top atn dinlerken, Alman sava uaklar selamlama http://t.co/zqTXnLUy"
MrPeterAndre,Ziyaretimden kareleri sizinle paylamak istiyorum.
MrPeterAndre,"Getiimiz gnlerde, Alman Cumhurbakan Christian Wulffun davetlisi olarak ben ve Hayrnnisa Hanm Almanyaya resmi bir ziyarette bulunduk"
MrPeterAndre,Herkese gnaydn.
MrPeterAndre,Bu vesileyle bir kez daha Rus halknn acsn paylatm belirtmek istiyorum. http://t.co/FuhNCbJ
MrPeterAndre,Bize sylendiine gre havaalanndaki cihazlar bozuk olduu iin uamz aletsiz ini yapt.
MrPeterAndre,Bu son derece zc kazada ok sayda sporcu ld. Biz de hemen ertesi gn ayn havaalanna indik.
MrPeterAndre,Konumann ardndan salonun yan duvarna bu iekleri Rusya Devlet Bakan Medvedev ile birlikte koyduk. http://t.co/jD9TIiO
MrPeterAndre,...hayatn kaybeden buz hokeyi takmnn antrenman salonuymu.
MrPeterAndre,"Dn Rusyann tarih ehirlerinden Yaroslavlda katldm forumda konuma yaptm salon, bir gn nceki uak kazasnda..."
MrPeterAndre,"Cumhurbakanlnn Iphone/Ipad uygulamas da Apple Storedan indirilebiliyor. 
http://t.co/A2CYMkS"
MrPeterAndre,Ayrca Youtubeda bize zel bir sayfa oluturuldu. www.youtube.com/cbabdullahgul
MrPeterAndre,"Bugn sizlere yeni uygulamalarmzdan da bahsetmek istiyorum. Twitterdan  sonra Facebook sayfam da yaynda.
www.facebook.com/cbabdullahgul"
MrPeterAndre, bir hafta sonu fotoraftaki arabasyla geldi. Biz de binip Tarabyada ksa bir tur attk. http://t.co/np5eRzM
MrPeterAndre,"Geenlerde Kayseride kurduumuz niversiteyi destekleme vakfnn kurucularndan, hemehrim Fatih Karamanc"
MrPeterAndre,Saryer Belediyesi iileri ile... http://t.co/n7PVyTz
MrPeterAndre,Tarabya'da vatandalarmzla bayramlarken - 7 http://t.co/RnkxhPq
MrPeterAndre,Tarabya'da vatandalarmzla bayramlarken - 6 http://t.co/iKB70vv
MrPeterAndre,Tarabya'da vatandalarmzla bayramlarken - 5 http://t.co/rJ1HTYa
MrPeterAndre,Tarabya'da vatandalarmzla bayramlarken - 4 http://t.co/ApDsXZG
MrPeterAndre,Tarabya'da vatandalarmzla bayramlarken - 3 http://t.co/Cxnvi4B
MrPeterAndre,Tarabya'da vatandalarmzla bayramlarken - 2 http://t.co/oVRkGEC
MrPeterAndre,Tarabya'da vatandalarmzla bayramlarken - 1 http://t.co/JmqDTqz
MrPeterAndre,Beendiim fotograflar sizlerle paylamak istiyorum.
MrPeterAndre,Tarabya Kk'nde ocuklarla bayramlatktan sonra vatandalarmzla bayramlamak iin Tarabya sahiline indim.
MrPeterAndre,http://t.co/PN2YQYT
MrPeterAndre,http://t.co/WuQAPGo
MrPeterAndre,http://t.co/SRpBm7n
MrPeterAndre,http://t.co/SWHNYMN
MrPeterAndre,http://t.co/bRWzUBA
MrPeterAndre,"Bayramn ilk gnn Ankara'da geirdikten sonra, ikinci gun Tarabya'da mahallenin ocuklaryla bayramlatk. http://t.co/xW9vOl2"
MrPeterAndre,Bayramlarda en sevdiim eylerden biri ocuklarn neelerini grmektir. http://t.co/5S0oz7q
MrPeterAndre,"Sizlerin hem 30 Austos Zafer Bayram'n, hem de Ramazan Bayram'n tebrik eder, salkl huzurlu gnler dilerim."
MrPeterAndre,Bu sefer iki bayram ayn gne rastlad. Bir taraftan resmi kutlamalar dier taraftan dini vecibeler olacak ve btn bunlar ayn gne sacak
MrPeterAndre,"Ramazann banda Somali ile ilgili yaptm arya halkmz byk bir duyarllk gsterdi. Bununla gurur duyuyor, iftihar ediyorum."
MrPeterAndre,Dorusunu sylemek gerekirse Ramazan beklediimden daha kolay geti. Ankara ve stanbulda birka gn dnda havalar gayet serindi.
MrPeterAndre,"Bir Ramazan ay daha geti. Ramazann banda, scaklardan dolay zor geeceini dnerek herkese kolaylklar dilemitim."
MrPeterAndre,retmen atamalar bata olmak zere tm bu sorunlar Sayn Babakan'a ileteceim.
MrPeterAndre,retmenlik ve dier baz kamu kurulularnda alan kadrolu/szlemeli vatandalarmzn sorunlar hakknda ok sayda mesaj alyorum.
MrPeterAndre,"Bu vesile ile zellikle Afrika'da alk ve susuzluk iinde, ok zor durumda olan insanlara kar herkesi daha duyarl olmaya davet ediyorum."
MrPeterAndre,"Gelenek, kltr ve inanlarmz asndan ayr bir zellii olan bu ay vesilesi ile insani konulara daha ok ilgi gstermemiz gerekiyor."
MrPeterAndre,Bir konuya dikkatinizi ekmek istiyorum.Geen cuma Afrika'daki alk konusunda yaptm yardm ars siyasi gelimelerin glgesinde kald
MrPeterAndre,Zaman ok hzl geiyor. Bir Ramazan ay daha geldi. Oru tutan herkese kolaylklar diliyorum.
MrPeterAndre,"Sofya metrosunu Trk irketi Dou Grubu ina ediyor. naat ziyaret ettim, incelemelerde bulundum. http://twitpic.com/5pmdum"
MrPeterAndre,Son anm ise Sofyadan.
MrPeterAndre,"Kltr Evi knda Cumhurbakan Abi, Cumhurbakan Abi diye tempo tutan ocuklar ok houma gitti. http://twitpic.com/5pmcfd"
MrPeterAndre,Nazm Hikmet Kltr Evinde bizim iin hazrlanan program dinledik http://twitpic.com/5pmb7y
MrPeterAndre,"Bulgaristan, Nazmn ilk Trke iir klliyatnn yaynland lkeydi."
MrPeterAndre,"Varna yaknlarndaki umnuda, Bir vapur geer, Varna nndenin airi Nazmn adn tayan Nazm Hikmet Kltr Evini ziyaret ettim."
MrPeterAndre,"Kla, Nvvab Mektebinde, Bulgaristan Mftlnn plaketi huzurumda takdim edildi. http://twitpic.com/5pm82z"
MrPeterAndre,"Trk casusu sulamasyla idam cezas alan Kln cezas nce mebbede evrilmi, ardndan casus takas ile Trkiyeye gnderilmiti."
MrPeterAndre,"46 yl sonra doduu ehir olan umnuya bizimle dnen Osman Kl, Komnist dnemde hayatnn 17 yln hapishanede geirmi."
MrPeterAndre,"umnu Nvvab Mektebinden yetien en deerli limlerimizden biri olan 91 yandaki Osman Kl, Bulgaristan heyetinde bizimle beraberdi."
MrPeterAndre,Bugn lahiyat Lisesi olarak faaliyet gsteren Nvvab Mektebinin rencileri ile http://twitpic.com/5pm3gt
MrPeterAndre,Camiinin yarda kalan restorasyonunu TKA kanalyla biz tamamlayacaz. http://twitpic.com/5pm2bl
MrPeterAndre,Tarih boyunca ok nemli edebiyatlar ve din adamlar bu Klliyeden ve Mektepten yetimi.  http://twitpic.com/5pm0u2
MrPeterAndre,"umnudaki Tombul Camii ve Klliyesi ile hemen yanndaki Nvvab Mektebi, Osmanl dneminden ayakta kalan en nadide eserlerden."
MrPeterAndre,duygulu anlar yaadk.
MrPeterAndre,Heykel alnda Osmanl dneminden bu yana ilk defa byle bir buluma oldu diyen umnulu soydalarmzla...  http://twitpic.com/5plvzs
MrPeterAndre,Koca Yusuf'un doum yeri eytanckta heykelinin aln yaptk. http://twitpic.com/5pltzf
MrPeterAndre,"Koca Yusuf, hasretine dayanamad memleketine dnerken okyanusta gemisi batnca hznl bir ekilde hayatn kaybetmiti."
MrPeterAndre,"Cihan Pehlivan olarak bilinen Koca Yusuf'un hreti Krkpnardan nce Avrupaya, ardndan Amerikaya kadar uzanmt."
MrPeterAndre,Deliorman ayn zamanda pehlivanlar ile mehur bir blge. Koca Yusuf da gelmi gemi en mehur greilerden biriydi.
MrPeterAndre,"Bulgaristann kuzeyinde Deliorman olarak bilinen blge, Mslman Trk aznln en youn yaad yerlerden biri."
MrPeterAndre,umnu'da Mft ve imamlarla beraber... http://twitpic.com/5plmxd
MrPeterAndre,"Saylar 1,5 milyona yaklaan Mslman Trk aznln cemiyet balarn gl tutabilmesi iin din adamlar byk nem tayor."
MrPeterAndre,"Gezinin resm temaslarn bir yana brakp, ilgi gstereceinizi tahmin ettiim baz anlarm sizinle paylamak istiyorum."
MrPeterAndre,"Komu Bulgaristan ile akrabalk balar var, kltrel balar var; o yzden bu gezi benim iin ayrca nemliydi."
MrPeterAndre,Herkese merhaba. Uzun yllardan sonra komumuz Bulgaristan'a yaptm resm ziyaretten dn gece dndm.
MrPeterAndre,"Himayemde gerekleen 2. Uluslararas stanbul Opera Festivali kapsamnda, byle bir operann sergilenmesinden ayr bir mutluluk duydum."
MrPeterAndre,Sultan Murat canlandran sanat Kvan Urabulu ok beendim. http://twitpic.com/5l55h9
MrPeterAndre,"Bu eserin, zellikle tarihin ac-tatl pek ok olayna ahitlik etmi meknda sergilenmesi ayr bir gzellik oldu. http://twitpic.com/5l52tz"
MrPeterAndre,"Dn akam, IV. Murat operasn Topkap Saraynda seyretmekten byk keyif aldm. Muhteem bir ziyafetti. http://twitpic.com/5l50mf"
MrPeterAndre,"Tm vatandalarmn kandilini imdiden kutluyor, iyi akamlar diliyorum."
MrPeterAndre,"Eskiden bakralar kullanlrd, artk bakra yerine hazr yogurt kaplar kullanlyor. Ama yourt hazr yourt deildi."
MrPeterAndre,"Fotorafdaki yourdun hazr yourt olduunu zannedenler var; tam tersine, yaylann has koyun yourduydu, tadna da keyifle baktm."
MrPeterAndre,"Dn paylatm fotoraflarla ilgili ok sayda mesaj aldm. Gzel mesajlarnz okudum, ok memnun oldum. Hepinize ok teekkr ediyorum."
MrPeterAndre,Bu Erciyes fotoraf ile de sizlere bugnlk veda ediyorum. http://t.co/rcIiTqp
MrPeterAndre,Birlikte yry yaptmz arkadalar. http://t.co/Aml8484 http://t.co/PBZG02Q
MrPeterAndre,Yry srasnda rastladm oban ile de biraz sohbet ettik. http://t.co/ueEYtKZ http://t.co/Z9GLpZv
MrPeterAndre,"Baka bir aile de kendi yaptklar; yourt, kaymak, peynir ve ayrandan ikram etti. http://t.co/7s5Xp11"
MrPeterAndre,Sabah saat 6:30'da yaylada ocuklar oktan uyanm oluyorlar. http://t.co/cKUyShL http://t.co/kjiHA1E
MrPeterAndre,Erciyes yaylasnda yry srasnda karlatmz vatandalarmzla ekilen dier resimler. http://t.co/wmvVMuS http://t.co/34RD4a6
MrPeterAndre,Dn Erciyes'te yrye ktm. Yaylada rastladm hanmlar bana srarla bu kuzuyu hediye ettiler. http://t.co/k0nG6xB http://t.co/a1JvELQ
MrPeterAndre,Herkese iyi pazarlar diliyorum.
MrPeterAndre,Beikta'ta dn meydana gelen trafik tkankl bizimle alakal olmamal; zira Tarabya'dan Dolmabahe'ye de deniz yolu ile gidip geldim.
MrPeterAndre,"Veda etmeden son bir not: stanbul'da da Ankara'da da trafii kapatmamaya zel nem veriyorum, helikopteri ya da deniz yolunu kullanyorum."
MrPeterAndre,Mesela Pazar sabahlar TRT'de yaynlanan klasik Western'lerden byk keyif alyorum ve vaktim olduunda izliyorum.
MrPeterAndre,"zlediim filmleri merak eden ok takipim var. Vizyon filmleri tabi ki izliyorum, ama sinema vizyon filmlerden ibaret deil."
MrPeterAndre,"Ama siz de biliyorsunuz ki bu, ok farkl boyutlar olan bir konu. Hkmete gerekli hatrlatmalarda bulundum, bulunmaya devam edeceim."
MrPeterAndre,"Dier bir konu, szlemeli retmenlerimizin ve salk personelimizin durumu. Ciddi skntlar olduunu kabul ediyorum."
MrPeterAndre,"te yandan, unutmayalm ki, internet frtnal bir okyanus. Gemisini korumak isteyenlere de gvenli limanlar sunulabilmeli."
MrPeterAndre,"Benim grm, temelde hi bir zgrlk kstlamas olmamal. steyen herkes internette zgrce dolaabilmeli."
MrPeterAndre,"zel sektr, rnlerini ayn ekilde sunmaya devam edecek. Kamu da, kendi sorumluluu gerei, alternatif bir rn sunacak."
MrPeterAndre,"Bana verilen bilgilere gre, kimse herhangi bir zorlamaya tabi tutulmuyor. Kimsenin zgrl kstlanmyor."
MrPeterAndre,Bu tartmalar baladnda TB yneticilerini ararak kendilerinden ayrntl bilgi aldm.
MrPeterAndre,"zellikle, internet konusunda ok soru var. Bu konuda bir ka noktay hatrlatmak isterim."
MrPeterAndre,yi akamlar. Epeydir sizlerle birlikte olamadm. Bugn biriken baz sorularnza cevap vereceim.
MrPeterAndre,Bizleri byk bir misafirperverlikle  gn arlayan Avusturya Cumhurbakan Heinz Fischer ve ei bizi uurlarken http://twitpic.com/4tdvg6
MrPeterAndre,Bir Trk vatandann bylesine nemli baarlar elde etmesi gurur verici.
MrPeterAndre,Onun baarsn Avusturyaya gitmeden nce bana verilen notlardan renmitim ve orada onunla beraber olmaktan byk mutluluk duydum.
MrPeterAndre,Kendisi plastik gne pilleri konusunda dnyadaki ilk patent ve yayna sahip. 2008de Avusturyada yln bilim adam seilmi.
MrPeterAndre,"Niyazi Bey, Madde Bilimlerinde dnyann en iyi 100 bilim adam sralamasnda 14nc olmu ve bu listeye giren tek Avusturya vatanda."
MrPeterAndre,Avusturya Cumhurbakannn resm akam yemeinde tanmaktan memnuniyet duyduum Prof.Dr. Niyazi Serdar Sariftci http://twitpic.com/4tdrps
MrPeterAndre,Viyana'da okuyan Trk rencilerle beraber http://twitpic.com/4tdqio
MrPeterAndre,Hem giderken hem de dnerken Avusturya hava sahasnda iki sava ua bizim uaa elik etti. http://twitpic.com/4tdp83
MrPeterAndre,Hayrnnisa Hanm Viyana'da Ayvazovski resim sergisini gezerken http://twitpic.com/4tdon6
MrPeterAndre,Evde Mozart'n bestelerini yapt piyanodan Trk Mar'n dinledik. http://twitpic.com/4tdnsr
MrPeterAndre,Salzburgda byk mzisyen Mozart'n yaad evi ziyaret ettik.
MrPeterAndre,tarafndan tasarlanmtr. Prof. Holzmeister nemli mimari almalarn Salzburg'da gerekletirmitir.
MrPeterAndre,"Trkiye Cumhuriyeti Cumhurbakanlarnn kulland Pembe Kk, Atatrk'n istei zerine Avusturyal mimar Prof. Dr. Clemens Holzmeister"
MrPeterAndre,"Bugn gezip grdmz Salzburg ehri mzik, mimari ve kltrn merkezi olmu. Hatta ankaya Kk Yerlekesinde bulunan,"
MrPeterAndre,Ziyaretle ilgili beendiim baz fotoraflar sizlerle paylamak istiyorum. http://twitpic.com/4tdjci
MrPeterAndre,Akamzeri Avusturya ziyaretini tamamlayarak Ankara'ya dndk. Genel olarak iyi bir ziyaret oldu.
MrPeterAndre,"RT @tccankaya: Historic call from President Gl to Israel and US, in his Op-Ed article on the New York Times today: http://t.co/TsNrNqm"
MrPeterAndre,"RT @tccankaya: Cumhurbakan Gl, bugnk New York Times'da yer alan makalesinde srail ve ABD'ye tarihi bir ar yapyor: http://t.co/ ..."
MrPeterAndre,Bu gsteriden sizlerle paylamak istediim fotoraflar - 6 http://twitpic.com/4l7a9z
MrPeterAndre,Bu gsteriden sizlerle paylamak istediim fotoraflar - 5 http://twitpic.com/4l79hv
MrPeterAndre,Bu gsteriden sizlerle paylamak istediim fotoraflar - 4 http://twitpic.com/4l78dd
MrPeterAndre,Bu gsteriden sizlerle paylamak istediim fotoraflar - 3 http://twitpic.com/4l77iz
MrPeterAndre,Bu gsteriden sizlerle paylamak istediim fotoraflar - 2 http://twitpic.com/4l76j9
MrPeterAndre,Bu gsteriden sizlerle paylamak istediim fotoraflar - 1 http://twitpic.com/4l75bl
MrPeterAndre,Pilotlarmzla gurur duyuyorum.
MrPeterAndre,"ok byk fiziki dayankllk gerektiren bu gsteri, dorusunu sylemek gerekirse, gsm kabartt."
MrPeterAndre,Bugn Trk Hava Kuvvetleri'nin 100. kurulu yl dnm nedeniyle dzenlenen F16 SOLOTRK trenine katldm.
MrPeterAndre,RT @tccankaya: Cumhurbakan Gl ilk eitimini ald Gazipaa ilkretim okulunda 50 yl nce ayn sralar paylat arkadalaryla h ...
MrPeterAndre,RT @tccankaya: Cumhurbakan Gl bugnk Kayseri ziyaretlerine mezunu olduu Gazipaa lkretim Okulu ile balad.  http://t.co/EKMRVqw
MrPeterAndre,Kayseri fotoraflarn bu foto ile bitiriyorum. Herkese iyi geceler. http://t.co/RAdgLcn
MrPeterAndre,Arnasl hanmlarn gz nuru emekleri ile rdkleri elii rnler  http://t.co/PyHwcSa
MrPeterAndre,Mimar Sinan'n doduu evin altndaki tarihi maara  http://t.co/M4vUaiu
MrPeterAndre,Mimar Sinan'n doduu ev http://t.co/21XUS9c
MrPeterAndre,Erciyes'te gezi sonras ksa bir mola  http://t.co/XkOpC4f
MrPeterAndre,Kayak yapan renciler ile beraber http://t.co/y4q0xMr
MrPeterAndre,Erciyes'te kar motorsikleti ile http://t.co/gMhjMM9
MrPeterAndre,Souk ve hafif yaan kara aldr etmeden karda spor yapan hemehrilerimiz. http://t.co/lr6Tc6a
MrPeterAndre,"RT @tccankaya: Cumhurbakan Gl Erciyes'te kar stnde yry yapt, vatandalarla bir araya geldi, sahlep iti.  http://t.co/rTyNyoN"
MrPeterAndre,ki gndr memleketim Kayseri'deyim. Bugn Erciyes'e ktk. Kayseri'den beendiim baz fotoraflar: lki Erciyes'ten http://t.co/zJv6YEd
MrPeterAndre,Bu vesileyle genlere hep tarih okumalarn tavsiye ediyorum.
MrPeterAndre,insan gerekten hayret ediyor.
MrPeterAndre,"Uakla 12 saatte gidebildiimiz yere, atalarmzn o zaman hangi zorluklarla gittiini dnnce  http://twitpic.com/4hyu4f"
MrPeterAndre,1800l yllarda Osmanl Devletine tabi olmak istemiler. Bundan dolay da Aedeki camilerde hl Trkler adna Cuma hutbeleri okunuyor.
MrPeterAndre,Daha sonraki yllarda da Trklerle o zamanki Ae Sultanl arasnda ok yakn ilikiler olmu ve yle ki http://twitpic.com/4hysds
MrPeterAndre,o zamanki Portekiz istilasna kar halkn yardmna kotuunu bilmez.
MrPeterAndre,ou kimse Trklerin 1538 ylnda Endonezya adalarna ulatn ve  http://twitpic.com/4hyrbn
MrPeterAndre,"Bildiiniz gibi dn akam Endonezya'dan dndm. Endonezya, Pasifiklerde ve 12 saat uak mesafesinde bir lke.  http://twitpic.com/4hyqpt"
MrPeterAndre,Memnuniyet verici olansa yok olmaya yz tutan btn tarih eserlerin vakflar tarafndan restore edilip tekrar ehre kazandrlmasdr.
MrPeterAndre,"Tahan'da esnafla ay ierken, ocuklar da masay gzelletirdi. http://twitpic.com/4g5vxy"
MrPeterAndre,"Tabii ehir o zaman, pek Yolu zerinde ok nemli bir merkezmi. http://twitpic.com/4g5ulq"
MrPeterAndre,17 YYda imparatorluun nc byk ihracat merkezi olduu hatrlatlnca gezdiim yerlere daha farkl bir gzle baktm.
MrPeterAndre,Dn Tokat' ziyaret ettim. ehrin tarih kimliinin bu kadar gl olduunu dorusu bilmiyordum. http://twitpic.com/4g5sq8
MrPeterAndre,Bugn YGS snavna giren genlere baarlar diliyorum.
MrPeterAndre,Trk okulunda okuyan Ganal renciler http://twitpic.com/4dvlac
MrPeterAndre,Gana Trk Okulunda retmenlik yapan bir retmenimizin ikiz ocuklar http://twitpic.com/4dvkel
MrPeterAndre,Gana'daki Trk okulunda okuyan ve bizlere Karadeniz yresinden folklor gsterisi sunan renciler http://twitpic.com/4dvjq5
MrPeterAndre,Gana Trk Okulu rencileriyle beraber http://twitpic.com/4dvigz
MrPeterAndre,Gana'da Trk ve Ganal i adamlarnn katld i formu http://twitpic.com/4dvh3p
MrPeterAndre,Parlamento ks milletvekilleri ile beraber http://twitpic.com/4dvg87
MrPeterAndre,Gana Parlamentosunda milletvekillerine hitap ettim. http://twitpic.com/4dvf47
MrPeterAndre,Gana bamszlna kavuan ilk Sahraalti Afrika lkesi ve bu bamszln mimar Kwame Nkrumah'in Antmezar... http://twitpic.com/4dve29
MrPeterAndre,Ganada resm akam yemei self servis eklindeydi. http://twitpic.com/4dvdao
MrPeterAndre,olarak kullanlan Atlas Okyanusu kenarndaki yapda Gana Devlet Bakan ile beraber
MrPeterAndre,"nceden Afrikallarn kle olarak toplanp Amerikaya gtrld, eskiden kale olan, imdi ise Bakanlk Binas  http://twitpic.com/4dvcpg"
MrPeterAndre,Gana'da ska rastlayabileceiniz bir fotoraf http://twitpic.com/4dvbwb
MrPeterAndre,Gabon resm uurlama treni... http://twitpic.com/4dvaj5
MrPeterAndre,Gabon Trk okulu Karne Treni... http://twitpic.com/4dva3e
MrPeterAndre,Gabon Trk okulunda grev yapan Trk retmenin ocuu Gabonlu bayann kucanda. http://twitpic.com/4dv9lr
MrPeterAndre,Gabon Trk okulunda grev yapan Trk retmenin ocuu Gabonlu bir renci ile... http://twitpic.com/4dv90t
MrPeterAndre,Gabondaki Trk okulu rencilerinden http://twitpic.com/4dv7yv
MrPeterAndre,Gabonda bulunan Trk okulu rencileri http://twitpic.com/4dv7ac
MrPeterAndre,Trk-Gabon s Formuna hitap ederken http://twitpic.com/4dv6vr
MrPeterAndre,Gabon resm karlama treni. http://twitpic.com/4dv5dv
MrPeterAndre,Sahilde Gabonlu bir balk ile sohbet ederken http://twitpic.com/4dv4si
MrPeterAndre,Sahilde Gabonlu bir balk ile sohbet ederken http://twitpic.com/4dv4fm
MrPeterAndre,Gabon'un Bakenti Libreville'de kaldm misafirhane yaknndaki sahilde hafif bir yry yaptm. http://twitpic.com/4dv40o
MrPeterAndre,"Bunlar da, Gana ve Gabon seyahatimizden setiim fotoraflar..."
MrPeterAndre,"imdi, ihmal ettiimiz balar yeniden ina etmenin zamandr."
MrPeterAndre,"Tabii ki, her Afrika seyahatinde olduu gibi, bunda da, Afrika'y uzun bir sre boyunca neden ihmal ettiimizi dndm."
MrPeterAndre,Yatrmclarmz bu bakir ve misafirperver topraklarda ok eyler yapabilir.
MrPeterAndre,Her iki lkede de pek ok alanda ciddi potansiyel i birlii imkn var. Birlikte gittiim i adamlarmz nemli anlamalarla dndler.
MrPeterAndre,Gana'da aIan ve srdrlebilir demokratik bir sistem var. Gabon'da ise demokratik gelenek yeni oluuyor ve Trkiye'yi takdirle izliyorlar
MrPeterAndre,"Blgelerindeki dier lkelerden farkl olarak, her iki lkede de istikrar grdm."
MrPeterAndre,"Trkiye, Afrika ile olan ilikilerini kazan-kazan prensibi zerine kuruyor."
MrPeterAndre,"Gana ve Gabon gezisinden dn akam dndk. Gana ve Gabon, son yllarda yrttmz Afrika alm erevesinde ziyaret ettiimiz iki lke."
MrPeterAndre,"benim gndelik, kltrel ve sosyal gndemimi de takip edebilmenizi salayacak."
MrPeterAndre,"@tccankaya hesabn da takip etmenizi neriyorum. @tccankaya, Cumhurbakanl makamnn gndeminin yan sra,"
MrPeterAndre,Yeni hesabm danmanlarm da kullanacak ve bylece her trl gelimeyi sizlerle daha hzl paylam olacaz.
MrPeterAndre,Mevcut twitter hesabm ben kullanmaya devam edeceim.
MrPeterAndre,Sizlere yeni bir haber vermek istiyorum. Kurumsal olarak yeni bir twitter hesabmz var: @tccankaya.
MrPeterAndre,"Hepinize ayr ayr teekkr ediyor, kazasz belasz gnler diliyorum."
MrPeterAndre,Son olarak geen hafta eimin geirdii trafik kazas ile ilgili ok sayda gemi olsun mesaj aldm.
MrPeterAndre,Krkkale silah fabrikasnda iilerimizle beraber http://twitpic.com/4azq17
MrPeterAndre,"Krkkale MKEKde, Trk mhendislerce gelitirilen ve retilen silahlardan bir tanesi. http://twitpic.com/4azp4j"
MrPeterAndre,Babas ehit olmu bir evladmz. http://twitpic.com/4azonb
MrPeterAndre,18 Mart gibi anlaml bir gnde vatan iin canlarn feda eden ehitlerimizin aileleri ile beraber oldum. http://twitpic.com/4azo1h
MrPeterAndre,Krkkale'den setiim fotoraflar-3 http://twitpic.com/4azn7u
MrPeterAndre,Krkkale'den setiim fotoraflar-2 http://twitpic.com/4azmp2
MrPeterAndre,Krkkale'den setiim fotoraflar-1 http://twitpic.com/4azm4a
MrPeterAndre,Ziyaret sonrasnda beendiim baz fotoraflar sizlerle paylamak istiyorum.
MrPeterAndre,Dn Krkkale'ye bir ziyaret gerekletirdim. lgilerinden dolay vatandalarmza teekkr ediyorum.
MrPeterAndre,Denizliden Beendiim Fotoraflar-2 http://twitpic.com/48k4eg
MrPeterAndre,Denizliden Beendiim Fotoraflar-1 http://twitpic.com/48k44q
MrPeterAndre,Denizlide Bir Vatandamz Yllar nce ekilen Fotorafm Benimle Paylat. http://twitpic.com/48k3fs
MrPeterAndre,Denizliden Beendiim Fotoraflar - Belediye n  http://twitpic.com/48k2vf
MrPeterAndre,Trk Arkeologlarca Gn Yzne kartlan Laodikya Antik Kenti. http://twitpic.com/48k264
MrPeterAndre,Pamukkale http://twitpic.com/48k0f2
MrPeterAndre,Pamukkalede Uzak Doulu Turistlerle Beraber http://twitpic.com/48jztj
MrPeterAndre,Hierapolis Antik Kentindeki Amfitiyatro http://twitpic.com/48jz70
MrPeterAndre,Denizliden Beendiim Fotoraflar - Denizli Belediyesi n http://twitpic.com/48jyiu
MrPeterAndre,"Gl Extends his Condolences to Japan for its Losses in Powerful Quake
http://bit.ly/h5uTvr"
MrPeterAndre,"Japonya Depremi: mit Ederiz Can Kayb ve Zarar Byk Olmaz
http://bit.ly/gSv3kW"
MrPeterAndre,ve kurallar toplu cezalandrmalara frsat vermeyecek ekilde deitirilmeli. Bu ynde gereken giriimlerde de bulunacam.
MrPeterAndre,Bloglarn kapatlmasyla ilgili de ok mesaj alyorum. Anladm kadaryla bu alandaki hukuk gzden geirilmeli...
MrPeterAndre,letiim teknolojilerinin eritii bu g karsnda hibir kapal rejimin uzun vadede ayakta kalmas mmkn deil.
MrPeterAndre,Bu olayla bir kez daha u kanaatim pekiti:
MrPeterAndre,"Hatta sonradan rendim ki, olum Ahmet de on binlerce km teden, benim genlerle yaptm toplanty sosyal medya kanalyla takip etmi."
MrPeterAndre,Msrl genlerle... http://twitpic.com/46dwpy
MrPeterAndre,Srekli mesaj yazyorlard.
MrPeterAndre,yle ki ben kendileri ile konuurken bir taraftan hepsinin masa altndan parmaklarnn altn grdm. http://twitpic.com/46dvt3
MrPeterAndre,"Msrl genler, sosyal medyann gcn o kadar etkin kullanmlar ki, eski yneticilerin tedbir almasna bile frsat kalmam."
MrPeterAndre,"Bu ziyaretin siyasi nemi bir yana, halk devriminin ateleyicisi genlerle yaptm toplant ok ilgin oldu."
MrPeterAndre,Sizin de takip ettiiniz gibi gecen hafta Kahireye kritik bir ziyaret gerekletirdim.
MrPeterAndre,Zaten Zoraki Kral'n Oscarda ald dllerle de bu durum tescillendi.
MrPeterAndre,Zoraki Kral ile ilgili ok sayda mesaj aldm. Hepinize teekkr ediyorum. Seyredenler genelde beendiklerini sylemiler.
MrPeterAndre,Mersin Ziyaretinden Houma Giden Fotoraflar 10 http://twitpic.com/436leo
MrPeterAndre,Mersin Ziyaretinden Houma Giden Fotoraflar 9 http://twitpic.com/436l44
MrPeterAndre,Mersin Ziyaretinden Houma Giden Fotoraflar 8 http://twitpic.com/436k87
MrPeterAndre,Mersin Ziyaretinden Houma Giden Fotoraflar 7 http://twitpic.com/436jfl
MrPeterAndre,Mersin Ziyaretinden Houma Giden Fotoraflar 6 http://twitpic.com/436j3h
MrPeterAndre,Mersin Ziyaretinden Houma Giden Fotoraflar 5 http://twitpic.com/436ino
MrPeterAndre,Mersin Ziyaretinden Houma Giden Fotoraflar 4 http://twitpic.com/436i53
MrPeterAndre,Mersin Ziyaretinden Houma Giden Fotoraflar 3 http://twitpic.com/436hr0
MrPeterAndre,Mersin Ziyaretinden Houma Giden Fotoraflar 2 http://twitpic.com/436h6a
MrPeterAndre,Mersin Ziyaretinden Houma Giden Fotoraflar 1 http://twitpic.com/436gu0
MrPeterAndre,"Trkiye-ran: Bu Kadar stikrarl likisi Olan ki lke Dnyada Zor Gsterilir
http://bit.ly/dIhnq8"
MrPeterAndre,"Egyptians happiness and prosperity matter very much to us. 
http://bit.ly/g8yrLc"
MrPeterAndre,Ama bu konuda kamuoyunun hassasiyetini de takdirle karladm.
MrPeterAndre,"Herhangi bir ekilde yasal olmayan bir film zaten bana verilmez. Nasl geldiiyle ilgili aklamalar da yapld, biliyorsunuz."
MrPeterAndre,"Msr Halknn Mutluluu ve Refah Bizler in ok nemlidir.
http://bit.ly/hAjXWB"
MrPeterAndre,Herkese iyi hafta sonlar diliyorum.
MrPeterAndre,Taleplerinizi web sitemize yazarsanz daha kolay takip ederim. http://www.tccb.gov.tr/sayfa/iletisim/cumhurbaskanina_yazin/
MrPeterAndre,Zaman zaman twitter araclyla benden talep ve isteklerde bulunuyorsunuz.
MrPeterAndre,Ben de komuluun gerei olan iade-i ziyarette bulunacam. Ziyaret sonrasnda gzlemlerimi sizlerle paylamay mit ediyorum.
MrPeterAndre,ran seyahatiyle ilgili mesajlar da var. ran komumuz ve byk bir lke. Cumhurbakanlar birok defa Trkiye'ye geldi.
MrPeterAndre,Filmin ok konuulacan ve birok dl alacan tahmin ediyorum.
MrPeterAndre,Geen gn eimle beraber evde The King's Speech filmini izledik. Gerekten ok gzel bir film.
MrPeterAndre,Yeni salk dzenlemeleriyle ilgili ok sayda mesaj var. Bunlar okudum ve sorunlar Salk Bakan ile greceim.
MrPeterAndre,Msr'daki yeni gelimelerle ilgili grlerimi ran seyehatine kmadan nce yarn havaalannda yapacam basn toplantsnda aklayacam
MrPeterAndre,Msr ile ilgili gerek ieriden gerekse dardan ok fazla mesaj alyorum. lk aklamam olaylarn balad gnlerde yapmtm.
MrPeterAndre,Getiimiz gnlerde youn olduumdan Twittera zaman ayramadm. Deiik konularda sorular var. Baz sorulara cevap vermek istiyorum.
MrPeterAndre,Tm vatandalarma iyi haftalar diliyorum.
MrPeterAndre,"Cumhurbakan Gl AKPMye Hitap Etti: Ortak Bir Avrupa Vicdan Oluturmalyz
http://bit.ly/gqx6vp http://twitpic.com/3tbe0x"
MrPeterAndre,"Trkiye-Arjantin likilerinde Yeni Bir Sayfa 
http://bit.ly/eyPlDT http://twitpic.com/3rsrhr"
MrPeterAndre,Balkesir Vailii nnde halka hitap http://twitpic.com/3q0gtf
MrPeterAndre,Balkesir Halhalca Ky'ndeki sevimli ikizler http://twitpic.com/3q0gir
MrPeterAndre,"Cumhurbakan Gle Balkesirde, Diyarbakrdaki Gibi Sevgi Seli
http://bit.ly/i1iJrU"
MrPeterAndre,"Arkasnda iddet Olmad Srece Dnce, Fikir ve nanlar Serbest Olmaldr. http://bit.ly/ffUt1Z"
MrPeterAndre,"Bizdeki birok tarih eser yklp, turalar kaznp yok olmuken, Yemenlilerin Trk eserlerine kar gsterdikleri ihtimam dikkatimi ekti."
MrPeterAndre,olduunu grmek oldu.
MrPeterAndre,"Yemen ziyaretimin beni en ok etkileyen ynlerinden birisi, Trk varlnn izlerinin silinmeden zenle korunuyor http://twitpic.com/3paoze"
MrPeterAndre,ve hissiyat bugn daha iyi anlyorum.
MrPeterAndre,Dn tamamladmz Yemen ziyaretinden sonra Mehmet Niyazinin Yemen Ah Yemen  kitabnda anlatt hzn http://twitpic.com/3paohx
MrPeterAndre,http://twitpic.com/3lncwl
MrPeterAndre,"Beni sevgiyle kucaklayan Diyarbakrl vatandalarma sevgilerimi gnderiyorum, ocuklarn gzlerinden pyorum. http://twitpic.com/3lncoe"
MrPeterAndre,"Kadn, erkek, gen, yal, tm Diyarbakrl vatandalarma gsterdikleri esiz misafirperverlik iin teekkr ediy http://twitpic.com/3lncc0"
MrPeterAndre,Diyarbakr'a iki gn boyunca her dakikas dolu dolu geen bir ziyaret gerekletirdim. http://twitpic.com/3lnbxf
MrPeterAndre,"I wish a healthy, happy and prosperous year 2011 to my citizens and to the world."
MrPeterAndre,"2011 ylnn tm vatandalarma salk, mutluluk, huzur ve refah getirmesini diliyorum."
MrPeterAndre,"Tarih Diyarbakr Surlar Cumhurbakanl Himayesinde
http://bit.ly/eajhUn"
MrPeterAndre,Diyarbakr http://twitpic.com/3la4ob
MrPeterAndre,Cumhurbakan Gl Diyarbakr'da http://twitpic.com/3la4hb
MrPeterAndre,Cumhurbakan Gl Diyarbakr'da  http://twitpic.com/3la44z
MrPeterAndre,"deolojik, Etnik, Mezhebe Dayal veya Yanl Siyasi Terminolojiyle Sorunlarmz zemeyiz.
http://bit.ly/ehsoEm"
MrPeterAndre,"""Trkiye Cumhuriyetinin Resm Dili Trkedir""
http://bit.ly/fRVpKr"
MrPeterAndre,"Cumhurbakan Gl Diyarbakr'da
http://bit.ly/gwRfVK"
MrPeterAndre,"Gl Emphasizes Security and Interests of the Peoples in the Region
http://bit.ly/hUL4gN"
MrPeterAndre,"Blge Halknn kar ve Gvenlii in Her Trl mkn Seferber Edilecek
http://bit.ly/hSFiRY"
MrPeterAndre,"Gl Elected ECO Term Chairperson
http://bit.ly/fB2X4S"
MrPeterAndre,"Cumhurbakan Gl ECO Dnem Bakan
http://bit.ly/dRbbbm"
MrPeterAndre,ECO Zirvesi Aile Fotoraf http://twitpic.com/3iqu2x
MrPeterAndre,ECO 11. Devlet ve Hkmet Bakanlar Zirvesinden http://twitpic.com/3iqso7
MrPeterAndre,"Trkiye Frsatlar lkesidir
http://bit.ly/gOwReg"
MrPeterAndre,retmenler gn vesilesi ile tm retmenlerimize baar dileklerimi ve sevgilerimi iletiyorum. http://twitpic.com/39tcbq
MrPeterAndre,Kadn ve erkek herkes cvl cvl ve yzleri glyordu. ok mutlu oldum.
MrPeterAndre,Bugn yurdumuzun 81 ilinden gelen retmenlere le yemei verdim. http://twitpic.com/39tbnm
MrPeterAndre,"Turkey has Shaped NATOs New Strategic Concept
http://bit.ly/blegLv"
MrPeterAndre,"NATO'nun Yeni Stratejik Konseptine Trkiye Yn Verdi
http://bit.ly/dbcpxY"
MrPeterAndre,Aman Bayram kendiniz ve bizim iin acya dnmesin.
MrPeterAndre,Bayram ncesi hepinize bir mesajm var. Uzun bir tatil olaca iin herkesin trafik kurallarna uymas ok nemli. http://twitpic.com/36guir
MrPeterAndre,"ngiltere'deki nemli Yayn Kurulularna Mlakat
http://bit.ly/ccNFJ8"
MrPeterAndre,"We should be Bold, Confident and Visionary
http://bit.ly/aiM8HQ"
MrPeterAndre,"slam Dnyas Vizyon Sahibi, Cesur ve z Gvenli Olmal
http://bit.ly/bbenjP"
MrPeterAndre,"The EU will be stronger both politically and economically with Turkey's membership.
http://bit.ly/9jlQmN"
MrPeterAndre,"AB, Trkiye'nin yeliiyle Siyasi ve Ekonomik Bakmdan Gl Olacaktr.
http://bit.ly/b6SPRp"
MrPeterAndre,"First Visit from a Turkish President to Synagogue and Church
http://bit.ly/bU81Fo"
MrPeterAndre,Ortodoks Kilisesini Ziyaret http://twitpic.com/33udwg
MrPeterAndre,Havray Ziyaret http://twitpic.com/33udqw
MrPeterAndre,Habib-i Neccar Camiini Ziyaret http://twitpic.com/33udk8
MrPeterAndre,"""Ayn Gn inde Havra, Kilise ve Cami'de Bir Cumhurbakan""
http://bit.ly/bgeObE"
MrPeterAndre,"Ne mutlu, bu vatann deerini bilenlere.
http://bit.ly/9DSgfa http://twitpic.com/338355"
MrPeterAndre,"Devletin tm grevlileri ocuklarn gelecei iin alyor.
http://bit.ly/9DSgfa http://twitpic.com/3382jw"
MrPeterAndre,Mesaj gnderen herkese ayr ayr teekkr ederim. Bu vesile ile bir kez daha tm vatandalarmn 29 Ekim Cumhuriyet Bayramn kutlarm.
MrPeterAndre,Bugn benim iin ok zel bir gn. Hem doum gnm hem de Cumhuriyetimizin kurulu yldnm. Bu konuda ok sayda tebrik mesaj okudum.
MrPeterAndre,Fotoraflarda gzken mekn Dolmabahe Saray'dr. Hepinize iyi akamlar.
MrPeterAndre,Ben aslnda iki senedir hem helikopteri hem de denizyolunu kullanyorum. Bu yeni bir ey deil.
MrPeterAndre,Son olarak helikopter kullanma konusunda teekkr edenler var. Ben de onlara teekkr ediyorum.
MrPeterAndre,Trklerle Almanlar birbirlerinin lkesinde hem misafir hem de ev sahibidirler. Bu gre ben de katlyorum. http://twitpic.com/2zuov4
MrPeterAndre,Deerli dostum Wulffun u sz Trk-Alman ilikilerinin niteliini ok zl ifade ediyor:
MrPeterAndre,Bu vatandalarmz iki lkeyi birbirine balayan en gl unsurdur.
MrPeterAndre,Bu ziyarete ok nem vermemin esas sebebi Almanyada yaayan 3 milyona yakn Trk vatandamzn olmasdr. http://twitpic.com/2zun9h
MrPeterAndre,Dorusu ziyaret muhteem geti. Cumhurbakan Wulff sadece stanbul ve Ankaray deil Anadolu'yu da grd http://twitpic.com/2zumgz
MrPeterAndre,Almanya Cumhurbakan Sayn Wulff ve einin ilk ziyaretlerinden birini Trkiyeye yapmalarndan ok mutlu oldum. http://twitpic.com/2zul7m
MrPeterAndre,"Trkiye'nin Yeteri Kadar Gen Nfusu ve Bilim Adam Var
http://bit.ly/a6DZ7N"
MrPeterAndre,"Kayseri'de  Cumhurbakan
http://bit.ly/cNuP3R"
MrPeterAndre,"Cumhurbakan Gl'den Alman  Adamlarna Trkiye'ye Yatrm ars
http://bit.ly/cZaEGq"
MrPeterAndre,"Cumhurbakan Gl Karabk'te
http://bit.ly/ckNerv"
MrPeterAndre,"Talimatm; trafik aknn mmkn olduunca yollar kapatlmadan, ama asgari gvenlik tedbirleri de alnarak devam ettirilmesi eklindedir."
MrPeterAndre,Hangi ehirde olursa olsun geilerim srasnda trafin aksatlmas konusunda ok hassasm ve bu konuda ok ak talimat verdim.
MrPeterAndre,Bu vesile ile bir konuyu sizlerle paylamak istiyorum
MrPeterAndre,"8 Ekim Cuma gn en son saat 14:30 civar cuma namazn Dolmabahe Camii'nde kldktan sonra, sahil yolunu kullanarak Tarabya'ya dndm"
MrPeterAndre,Vatandamza gre olay 8 Ekim gn 18-19 saatleri arasnda Levent-Zincirlikuyu civarnda olmu ki ben o saatlerde Tarabya'da ofisimdeydim.
MrPeterAndre,Haberde yollarn benim geiimden dolay kapatld belirtilmi ancak bu doru deil.
MrPeterAndre,"Her eyden nce annesini kaybeden vatandamza basal diliyorum. Merhumenin mekan cennet olsun, geride kalanlara Allah sabrlar versin"
MrPeterAndre,"Habere gre stanbul'da bir vatandamzn hasta annesi, yollarn kapatlmas nedeniyle hastaneye yetitirilememi ve yolda vefat etmi"
MrPeterAndre,"Bugn gazeteleri okurken, Vatan Gazetesi'nde Mustafa Mutlu Bey'in kesininde yer alan bir habere ok zldm."
MrPeterAndre,"Trkiye'nin Gelecei Yakalamas niversiteler ve Bilgiyle Olacaktr.
http://bit.ly/a6frQ9"
MrPeterAndre,"niversitelerde En Aykr Fikirler Rahatlkla Konuulabilmeli
http://bit.ly/8Yzo0H"
MrPeterAndre,"slam Dnyas'na ar: ""Kresel Sorunlar Ortak Akl ve Eylemle zmeliyiz""
http://bit.ly/dsoRul"
MrPeterAndre,"Trabzon: Trkiye'ye Renk ve Zenginlik Katan Tarih ehir
http://bit.ly/csGQvD"
MrPeterAndre,"President Gls speech at the Council on Foreign Relations is on its website.
http://bit.ly/cJSxD6"
MrPeterAndre,"Cumhurbakan Gln Council on Foreign Relations'ta yapt konuma, konseyin internet sitesinde yaynland http://bit.ly/cJSxD6"
MrPeterAndre,"Cumhurbakan Gl Trabzon'da
http://bit.ly/c5rEAG"
MrPeterAndre,"Sivil, Demokratik ve oulcu Anayasann Zamanlamasna Siyaset Karar Verecek
http://bit.ly/b1zkdH"
MrPeterAndre,"Yeni Dnya Dzeninin nde Gelen yesi Olmaya Muktedir ve Mecburuz
http://bit.ly/9Jp49Q"
MrPeterAndre,"65. BM Genel Kurulu'na Trkiye Damgas
http://bit.ly/93rbS8"
MrPeterAndre,"Yeni Bir Kresel Dil Gelitirilmeli
http://bit.ly/dwNlK9"
MrPeterAndre,"Cumhurbakan Gl, D likiler Konseyi'nde Trkiye'nin Jeostratejik Vizyonunu Anlatt
http://bit.ly/b0oGhY"
MrPeterAndre,"Turkey's Expectation is a Formal Apology and Compensation
http://bit.ly/9glCkr"
MrPeterAndre,"Trkiye in Bu Tarih Zirveye Bakanlk Etmek Ayrcalktr
http://bit.ly/d6PWWP"
MrPeterAndre,"Cumhurbakan Gl BM Genel Kuruluna Seslendi: srail'den Resmen zr ve Tazminat Bekliyoruz
http://bit.ly/9N6Roq"
MrPeterAndre,"President Gl: Turkey's Significance is Appreciated throughout the World
http://bit.ly/cRXbQB"
MrPeterAndre,"President Gl Reiterates Turkey's Resoluteness towards Reforms
http://bit.ly/c8ulya"
MrPeterAndre,"Trkiye'nin nemini Btn Dnya Gryor
http://bit.ly/9Y6VDC"
MrPeterAndre,"Cumhurbakan Gl'n, New York'ta CEO'larla ve Liderlerle Grmeleri
http://bit.ly/9nNFUc"
MrPeterAndre,"Turkey stands ready to lend its full support to the global partnership for development
http://bit.ly/9tB7sK"
MrPeterAndre,"Trkiye, Kalknma in Kresel Ortakla Tam Destek Vermeye Hazrdr
http://bit.ly/9LZrhW"
MrPeterAndre,"Alk ekenlere Yeterli Gdann Ulatrlmas Herkesin Ortak Sorumluluu
http://bit.ly/97uIK3"
MrPeterAndre,"Milyarlarca Dolar Versek Trkiyeyi Byle Gzel Tantamayz 
http://bit.ly/9LlzF4"
MrPeterAndre,Teekkrler 12 Dev Adam
MrPeterAndre,12 Dev Adam tebrik ediyorum. nallah yarn da ABD'yi yenecekler.
MrPeterAndre,"Btn vatandalarmzn bayramn tebrik ediyorum. Herkesin bayram mbarek olsun. Bu bayram inallah herkese iyilik, gzellik getirsin."
MrPeterAndre,"Cumhurbakan Gl, Dnya Basketbol ampiyonas'nda Slovenya'y yenen A Mill Basketbol Takm oyuncularn soyunma odasna inerek kutlad"
MrPeterAndre,"Cumhurbakan Gl'den Bayramda Birlik, Beraberlik, Sayg ve Demokrasi Mesaj
http://bit.ly/blpftB"
MrPeterAndre,Szkonusu Bosna olunca Aliya zzetbegoviin cenaze merasimini de unutamam. http://twitpic.com/2l8ksk
MrPeterAndre,Herkesin cenazede grevliymi gibi kendiliinden dzenli olmas ve kalabaln yamur altnda sessiz ama asil duruu bende byk iz brakt.
MrPeterAndre,Adeta gk yarlm ve inanlmaz bir yamur boanyordu. Byk bir kalabalk vard.
MrPeterAndre,Szkonusu Bosna olunca Aliya zzetbegoviin cenaze merasimini de unutamam.
MrPeterAndre,"Mostarda kprnn bombalanmas srasnda ekilen videoyu izlerken farkl duygular yaadm. 
http://dai.ly/cmHcBM"
MrPeterAndre,Dn Bosna-Hersekteydim. Mostar kprs ile olan bir fotoraf dn paylamtm.
MrPeterAndre,Mostar Kprs ve Cumhurbakan Gl http://twitpic.com/2kxeip
MrPeterAndre,Mostar Kprs ve Cumhurbakan Gl http://twitpic.com/2kxed8
MrPeterAndre,"Buralar skdar'a, Bursa'ya Benziyor
http://bit.ly/diwK3X"
MrPeterAndre,"Trklerin Kalbinde Bosna Hersek'in Yeri Ayr
http://bit.ly/dfjzW3"
MrPeterAndre,"Balkanlarn Huzuru Huzurumuz, Kederi Kederimizdir
http://bit.ly/ac8eiu"
MrPeterAndre,Unutulmas mmkn olmayan aclarn yeniden yaanmamas dileiyle Saraybosna'dan selamlar http://yfrog.com/0rdfyqj
MrPeterAndre,"""30 Austos Zaferi, anl Tarihimizin Bir zetidir""
http://bit.ly/9qkqeP"
MrPeterAndre,30 Austos Zafer Bayramnz Kutlu Olsun.
MrPeterAndre,3200 Metreden Kayseri http://twitpic.com/2jctad
MrPeterAndre,Trkiye'nin en gzel dalarndan biri Erciyes'ten tm lkeme selamlar http://twitpic.com/2jcpqz
MrPeterAndre,"Cumhurbakan Gl, 2010 KPSS sonularyla ilgili DDK'ya denetleme talimat verdi.
http://bit.ly/9yrvfz"
MrPeterAndre,"""Devletin Grevi Terr ve Terr rgtn Bitirmektir""
http://bit.ly/aD7ahr"
MrPeterAndre,"""Trk Hkmeti ve Halk Btn Kurumlaryla Pakistan'n Yanndadr""
http://bit.ly/aoj8PT"
MrPeterAndre,"Trk-Azeri Kardelii: ehit Kanlaryla spatlanm Bir Kardelik
http://bit.ly/domDdm"
MrPeterAndre,"Trk-Azeri Dostluu lelebet Payidar Kalacak
http://bit.ly/dxmtlg"
MrPeterAndre,"lk ftar ehit Yaknlar ve Gazilere
http://bit.ly/9VKqzL"
MrPeterAndre,"Cumhurbakan Gl Vatandalarla ay ti
http://bit.ly/aGZnJF"
MrPeterAndre,nallah bir an evvel salna kavuur.
MrPeterAndre,Salk Bakanl'na konunun aratrlp gereinin yaplmas talimatn verdim
MrPeterAndre,afak Bay ile ilgili yazdklarnz okudum. ncelikle gemi olsun diyorum
MrPeterAndre,Yurtd seyahatimden yeni dndm
MrPeterAndre,iyi akamlar
MrPeterAndre,"""The Stability in the Balkans Matters Much to Turkey""
http://bit.ly/aZFXQp"
MrPeterAndre,"""Turkeys Membership Will Enrich the EU""
http://bit.ly/bEekTL"
MrPeterAndre,"Trkiye, Balkanlarn stikrarna nem Veriyor
http://bit.ly/aVo1lJ"
MrPeterAndre,"Trkiyenin yelii AByi Zenginletirecektir
http://bit.ly/9R24UG"
MrPeterAndre,"Cumhurbakan Gl Nijerya'da: D-8 lkeleri Yatrm ve Ticaret Konularna ncelik Vermeli 
http://bit.ly/9xQ05e"
MrPeterAndre,"Gl Talks to the Times: Turkey is part of the West
http://bit.ly/axoTA9"
MrPeterAndre,"Cumhurbakan Gl The Timesa konutu:Trkiye, Batnn bir Parasdr
http://bit.ly/cgDB0w"
MrPeterAndre,Ben zaten pahal saat kullanmay sevmiyorum.
MrPeterAndre,Bugn sabah gazeteleri okurken saat ile ilgili haberi grdm. Hayretler iinde kaldm. Kesinlikle byle bir ey doru deildir.
MrPeterAndre,Herkese iyi geceler.
MrPeterAndre,"Toplumun yars tketen, yars reten diye bir durum olamaz. nemli olan  engellerin kaldrlmas ve frsat eitlii verilmesidir."
MrPeterAndre,Kzlarmzn eitimine ve kadnlarmzn hayata katlmna ok nem veriyorum.
MrPeterAndre,"Son olarak, kadnlarmz ve kzlarmzla ilgili bir eyler yazmak istiyorum."
MrPeterAndre,Anayasal olarak resen af yetkim yok.
MrPeterAndre,"Adli tp raporlar zerine, Adalet Bakanl'nn teklifi ile nme gelen isimlerle ilgili af yetkimi kullanabilirim."
MrPeterAndre,Af konusu da ok tartlyor. Herkes beni istediim kiiyi affetmeye yetkim var zannediyor. Ancak durum byle deil.
MrPeterAndre,Bu yasalar desteklediimi de daha nce sizlerle paylamtm.
MrPeterAndre,Ayrca ocuklarn ve masum insanlarn korunmas da devletin grevidir. Bu konuda yeni yasalar da Meclis gndeminde bulunuyor.
MrPeterAndre,Nitekim uluslararas bamsz insan haklar kurulular da ikence konusunda Trkiye'de olan olumlu gelimeleri raporlarnda belirtiyorlar.
MrPeterAndre,"Bunun iin ""ikenceye kar sfr tolerans"" politikasn Trkiye kararl bir ekilde uyguluyor."
MrPeterAndre,Y. Trker'in bahsettiiniz yazsn okudum. Malesef gemite bu tr ac olaylar yaand.
MrPeterAndre,"zlediim takmlar arasndan Brezilya, Arjantin ve spanya'y etkileyici buldum."
MrPeterAndre,Dnya kupas malarn evde olduum zamanlarda takip etmeye alyorum. Trkiyenin Gney Afrikada olmamasna zlyorum.
MrPeterAndre,Eitim seviyesi ykseldike bu konudaki duyarllk da artacaktr. Bu alanda faaliyet gsteren STK'lar takdir ediyor ve destekliyorum.
MrPeterAndre,"Hayvan haklar konusundaki mesajlarnz da okudum. ster hayvan olsun isterse bitki, canl olan her eye herkesin titiz davranmas lazm."
MrPeterAndre,Ve Trkiye'deki evre rgtleri de buradan hareket ederek boazlardaki tanker trafiine ilikin gerekli duyarll ortaya koymuyorlar.
MrPeterAndre,Fakat imdi hayretle takip ediyorum ki Meksika Krfezi'ndeki byk evre facias Trk medyasnda yeteri kadar yer almyor.
MrPeterAndre,Her yl yaptm TBMM al konumalarnda evre konusuna dikkat ekiyorum.
MrPeterAndre,Bu konuda yurtii ve yutdndaki btn nemli toplantlara katlp evre konusunda daha duyarl olunmas zerinde duruyorum.
MrPeterAndre,evre ile ilgili de bir ka cmle yazmak istiyorum. evre meselelerini  ok ciddiye alyorum.
MrPeterAndre,Snavlara girerken de benim olum olduunu hibir okul bilmiyordu.
MrPeterAndre,"Mehmet her zaman baarl, alkan bir renci oldu. Lise eitimini de burslu okudu. ""Ivy League""deki btn niversiteleden kabul ald."
MrPeterAndre,ocuklarn eitimi konusunda Hayrnnisa Hanm'n ok emei var. Ben  younluum sebebiyle ocuklarn eitimiyle ok ilgilenemedim.
MrPeterAndre,Biz de ona iyi bir okul kazanmas artyla izin verdik. nk yurtdnda her okul iyi deil.
MrPeterAndre,"...Bu durumda hem beni hem sizi zebilir"" diyerek yurtdnda okumak iin annesi ve benden izin istedi."
MrPeterAndre,"Geen yl Mehmet bana, ""ben Trkiye'de niversite okursam gazete ve televizyonlar her frsatta beni gndeme tayabilirler..."
MrPeterAndre,Bizim konumumuzda olan insanlarn hayatnda ounuzun bilmedii zorluklar var ve bunu da en ok ocuklarmz yayor.
MrPeterAndre,Olum Mehmet'in Harvard niversitesi'nden kabul almas ile ilgili ok sayda tebrik mesaj var. Mesajlar iin ok teekkr ediyorum.
MrPeterAndre,"yi akamlar. ncelikle benimle paylatnz duygu, dnce ve nerileriniz iin hepinize teekkr ediyorum."
MrPeterAndre,"Eight Significant Agreements Signed between Turkey and Indonesia
http://bit.ly/aB8gNa"
MrPeterAndre,"Endonezyadan Trkiye'ye yirmi be yl aradan sonra Cumhurbakan dzeyindeki ilk ziyarette sekiz anlama imzaland.
http://bit.ly/diuMYc"
MrPeterAndre,"nde Gelen STK Temsilcileriyle Terr Olaylar Deerlendirmesi
http://bit.ly/bUwpVd"
MrPeterAndre,"Trkiye Terr Engelini Amak ve Bu Tuzaktan Kurtulmak Zorundadr
http://bit.ly/bVKVNK"
MrPeterAndre,"Bu son gelimeler, terr rgtnn nasl sktnn ve geleceiyle ilgili korkusunun emareleridir
http://bit.ly/dy8F8i"
MrPeterAndre,"Trkiyenin Byk Vizyonu: Akdeniz Bar Blgesi Haline Gelmeli
http://bit.ly/bqCmDX"
MrPeterAndre,"Trkiye-Gney Kore: Tarih Dostlua Dayanarak Byyen Salam  Birlii
http://bit.ly/9C53h9"
MrPeterAndre,"Cumhurbakan Gl, Korede Trk ehitliini Ziyaret Etti.
http://bit.ly/93MUHb"
MrPeterAndre,"Krgzistan Aklamas: Karde Bir lkede Olanlar Bizi Yakndan lgilendirir
http://bit.ly/d538Bd"
MrPeterAndre,"Trkiye-Gney Kore  Forumu: Mkemmel Siyasi likilerimizi Ticari  Birliine evirme Zaman
http://bit.ly/bMVji0"
MrPeterAndre,"""Insisting that Turkey is changing its axis represents either ignorance or malicious intentions""
http://bit.ly/9dHAJs"
MrPeterAndre,"Trkiyenin Ekseni Kayyor mu? Demek Ya Bilgisizlik Ya Kt Niyettir
http://bit.ly/cIu7rS"
MrPeterAndre,Tekrar grmek zere hepinize iyi akamlar
MrPeterAndre,Bu almalar gzel Trkemiz ve Trk kltrnn yaylmasna byk katk salyor. Emei geenlere teekkr ederim.
MrPeterAndre,Ben yurtd gezilerimde de Trk okullarn ziyaret ediyorum .Ziyaret srasnda kltr programlar yapyorlar ve gerekten ok etkileyici.
MrPeterAndre,Bu hafta dikkatimi eken bir konu da Trke Olimpiyatlar idi
MrPeterAndre,Ben de Arvo Part'a bir dl verdim. Gerekten ok etkileyiciydi
MrPeterAndre,Bu konuda dorusu benim fazla bilgim yok ama uzmanlar amzn en nemli bestekarlarndan birisi olduunu sylyorlar.
MrPeterAndre,Ademin Yakar Eserinin Dnya Prmiyerini stanbulda icra etti. Estonya cumhurbakan ve sekin konuklarla beraber dinledim.
MrPeterAndre,"Bildiiniz gibi stanbul, 2010 Avrupa Kltr Bakenti. Arvo Part Estonya'l ok mehur bir klasik mzik kompozitr."
MrPeterAndre,Vatandalarmz kendi illerini ne zaman ziyaret edeceimi soruyorlar. Grevde olduum sre iinde btn illerimizi ziyaret etmek istiyorum.
MrPeterAndre,"Bu vesile ile bugnk ehitlere Allah'tan rahmet, yaknlarna sabr diliyorum"
MrPeterAndre,emekli kurmay albay zel olarak ehit yaknlar ve gazilerimizin sorunlar ile ilgilenmek zere danman atadm.
MrPeterAndre,Yine Cumhurbakan olarak sadece gazilerimiz ve ehit yaknlar ile ilgilenmek zere terrle mcadelenin iinden gelmi olan...
MrPeterAndre,Her konumamda toplumun dikkatini bu hususa ekiyorum. Ziyaret ettiim illerde yemeklerde ba masama muhakkak ehit yaknlarn oturtuyorum.
MrPeterAndre,Ve bunu bir gelenek yapp her sene ilk iftar onlarla yapyorum ve btn illerden katlm oluyor.
MrPeterAndre,ehitlerimiz konusuna ok zel nem veriyorum. Cumhurbakan olunca ilk defa ehit yaknlar ve gazilerimize ankaya Kknde iftar verdim.
MrPeterAndre,Mecliste yasa tasars hazrland. Komisyonda baz farkl grler kt iin uzadn biliyorum. Ama yakndan takip ediyorum
MrPeterAndre,Ta atan ocuklar konusunda da dncelerimi daha nce paylam ve o zamanlar gerekli talimatlar da vermitim.
MrPeterAndre,Biliyorsunuz bu on yllk sreli bir pasaport  ve dolaysyla on yl boyunca baka masraf olmayacak.
MrPeterAndre,Nihayet tamamland ve ok da gzel oldu. Biliyorsunuz ilk pasaportu da bana verdiler.
MrPeterAndre,Yeni pasaportlarla ilgili sorular var.Bu konu aslnda Trkiyenin uzun yllar zerinde alt ama bir trl bitiremedii bir proje idi.
MrPeterAndre,Kesinlikle kapatlmalarna karym. Bu konuda zm iin ilgili birimlere talimat verdim.Gerekirse yasa deiiklii yaplmasn da istedim.
MrPeterAndre,"Youtube ve Google konusunda ok fazla ikyet olduunu biliyorum.
Bu konudaki grlerimi daha nce birka kez sizlerle ve paylatm."
MrPeterAndre,Hepinize iyi akamlar. Youn gndem nedeniyle epey zamandr kendim yazamadm.Baz konularda grlerimi sizlerle paylamak istiyorum.
MrPeterAndre,"CICA: Asyann AGTi
http://bit.ly/d8W7ID"
MrPeterAndre,"CICA stanbul Zirvesi: Kurumsallama Ynnde nemli Bir Adm
http://bit.ly/dpTL9d"
MrPeterAndre,"Trkiye CICA Dnem Bakan: Asyada  Birliine Dayal Gvenliin nas
http://bit.ly/ckQg2h"
MrPeterAndre,"Youtube ve Googlea Eriim Sorunu: Yasal Problemleri Amalyz.
http://bit.ly/9UJIro"
MrPeterAndre,"""niversitelerin de bilime eriimi bu yollarla olacak. Bu tr yasaklar sakncal gryorum."""
MrPeterAndre,"""Trkiye dnya ile btnlemi bir lke. Bu tr yasaklar dnyayla btnlemeyi engeller."""
MrPeterAndre,"""Trkiye'nin Youtubeu yasaklayan, Googlea eriimi engelleyen lke kategorisinde olmasn tasvip etmem. Bu konuda yasal yollar bulunmal."""
MrPeterAndre,"Turkey Will Never Ever Forgive This Attack
http://bit.ly/a2Glj0"
MrPeterAndre,http://bit.ly/cN4rZq
MrPeterAndre,Trkiye Bu Saldry Asla Affetmeyecek
MrPeterAndre,http://bit.ly/a5A3C9
MrPeterAndre,Cumhurbakan Gl orumda
MrPeterAndre,http://bit.ly/dovyS2
MrPeterAndre,"basal dilemi,uluslararas korsanlkolarak niteledii saldry knam ve Trkiyenin Filistin'e verdii destee teekkr etmitir."
MrPeterAndre,"Sayn Abbas szkonusu grmede, Sayn Cumhurbakanmza Gazze Yardm Konvoyuna dzenlenen saldrda meydana gelen can kayplar nedeniyle"
MrPeterAndre,"Cumhurbakan Gl, bugn kendisine telefon eden Filistin Devleti Bakan Sayn Mahmud Abbas ile bir grme gerekletirmitir."
MrPeterAndre,"Cumhurbakan Esad, Arap Ligini konuyu grmek zere toplantya davet ettiklerini belirtmitir. http://bit.ly/9BNbvr"
MrPeterAndre,"Bear Esad, grmede Cumhurbakan Gl'e basal dilemi ve srailin uluslararas yardm konvoyuna saldrsn iddetle knamtr."
MrPeterAndre,"Cumhurbakan Abdullah Gl, bugn kendisine telefon eden Suriye Devlet Bakan Bear Esad ile bir grme gerekletirmitir."
MrPeterAndre,"Aziz ehitlerimize Allah'tan rahmet,ailelerine,milletimize ve Trk Silahl Kuvvetlerimize basal,yarallarmza acil ifalar diliyorum."""
MrPeterAndre,nefretle telin ediyorum.
MrPeterAndre,"7 askerimizin de yaralanmasndan derin znt duydum. Birlik ve beraberliimizi, blnmez btnlmz hedef alan bu hain saldry"
MrPeterAndre,"""skenderun Deniz s Komutanl ehit Er Remzi lboa Klasna terristlerce dzenlenen saldr sonucunda, 7 askerimizin ehit olmas,"
MrPeterAndre,"ailelerine basal, sabr ve metanet, yarallara ise acil ifalar diliyorum."" http://bit.ly/965qqT"
MrPeterAndre,"srail askeri kuvvetleri tarafndan g kullanlmasn iddetle knyorum. Bu messif olayda hayatn kaybedenlere Allahtan rahmet,"
MrPeterAndre,Gazzeye insani yardm malzemesi tayan ve Trkiye dahil 32 lkenin sivil toplum kurulular mensuplarndan oluan yardm konvoyuna
MrPeterAndre,"Trkiye EURO 2016ya Hazr
http://bit.ly/cb9aME2S"
MrPeterAndre,"Kazakistan-Trkiye: Avrasya Corafyasnda Byk  Birlii
http://bit.ly/cb3eMiz"
MrPeterAndre,"Yunus Emre Kltr Merkezlerinin Beincisi Astanada Ald.
http://bit.ly/cb8ZcDjj"
MrPeterAndre,"Cumhurbakan Gl Kazakistan Parlamentosuna Hitap Etti.
http://bit.ly/cbjcfK1"
MrPeterAndre,"Trk ve Kazak Halklarn ok Daha Gzel Yarnlar Bekliyor
http://bit.ly/dqF0Iu"
MrPeterAndre,"Yaantmzdan izgilerin Gelecek Nesillere Tanmas ok nemli
http://bit.ly/aYLbB9"
MrPeterAndre,"Kazak-Trk  Forumu: Kalpteki Sevgi Somut  Birliine Dnyor
http://bit.ly/cDRqbp"
MrPeterAndre,"Kazakistan-Trkiye: likiler Gelimeye Devam Edecek 
http://bit.ly/cj7F2u"
MrPeterAndre,"Cumhurbakan Gl, Kazakistan'da Ahska Trkleri ile Bulutu. 
http://bit.ly/cQeZBu"
MrPeterAndre,Ahmet Yesevinin Adn Tayan Bu niversiteden Aldm Unvan ok Deerli http://bit.ly/bm5s4T
MrPeterAndre,"Cumhurbakan Gl: ""Anamuhalefet partisinde lider deiimi nemli. Kendisini dn tebrik ettim, baarlar diliyorum"""
MrPeterAndre,Cumhurbakan Gl resmi bir ziyaret erevesinde  iadam ve akademisyenlerle birlikte Kazakistan'a gitti
MrPeterAndre,"Bu tr admlar, stanbul'u yeniden stanbul yapyor. www.tccb.gov.tr/common/iframes/Haberler/HaberArsiv/HaberDetay.aspx?id=1771&dil=tr"
MrPeterAndre,Cumhurbakan Gl restore edilen Beiktataki tarih Erturul Tekke Camiinin al trenine katld.
MrPeterAndre,Twitter'da kendilerini takip etmemi isteyenlere teekkr ediyorum. Kimseyi krmak istemiyorum. imdilik takip edemeyeceim.
MrPeterAndre,srail'de gzaltnda tutulan vatandamz zzet ahinin serbest braklmasndan memnun oldum. Konu yakndan takip edildi ve netice alnd.
MrPeterAndre,Marmara'da kaybolan drt gen vatandamz ile ilgili konuyu da takip etmekteyim. Umarm gzel haberler alrz.
MrPeterAndre,stanbul'da silahl atma sonucu ehit olan polis memuruna Allahtan rahmet kederli ailesine de basal diliyorum.
MrPeterAndre,"Afganistanda insani yardm amacyla bulunan, uaklar den vatandalarmz da yakndan takip ediyorum. nallah sa olarak bulunurlar."
MrPeterAndre,"Zonguldaktaki faciadan maalesef kurtulan olmad. ok zldm. ilerimize Allahtan rahmet, ailelerine basal diliyorum."
MrPeterAndre,Deiik konularda yazdnz yorumlar imknlar lsnde okuyorum. Hepinize teekkr ediyorum.
MrPeterAndre,Sorunlarnz ile ilgili konular resmi internet sitemizde yer alan Cumhurbakanna Yazn  kullanarak iletebilirsiniz.
MrPeterAndre,yi akamlar. Bugn baktm yine epey soru var. Twitterda daha ok baz konulara ilikin duygu ve dncelerimi paylamak istiyorum.
MrPeterAndre,Genleri kabul esnasnda duygulu anlar yaand. http://www.tccb.gov.tr/sayfa/haber/detay/?d=haber1769
MrPeterAndre,"Cumhurbakan Gl, Genlik Temsilcileri Grubunu ankaya Kknde kabul etti. http://www.tccb.gov.tr/sayfa/haber/detay/?d=haber1769"
MrPeterAndre,imdilik bu kadar hepinize teekkr ediyorum.
MrPeterAndre,Twitter hesabn; sizlerin dnce ve fikirlerinizi daha yakndan takip edebilmek ve grlerimi sizlerle paylaabilmek iin atm.
MrPeterAndre,Trafikle ilgili olarak; herkesin kurallara istisnasz dikkat etmes kazalar minumuma indirecektir.
MrPeterAndre,Nkleer santral konusunda; Trkiye enerjide dar baml olan bir lke olduunu dnrsek nkleer enerjiyi kullanmamay dnemeyiz.
MrPeterAndre,"Son okuduum kitap; Profesr Dr. kr Haniolu'nun bana imzalayarak gnderdii ""A Brief History of the Late Ottoman Empire"""
MrPeterAndre,Uluslararas camia tarafndan  takdir edileceine inanyorum. phesiz ki bu ilk adm. Trkiye olarak almaya devam edeceiz.
MrPeterAndre,ran'la ilgili; bandan beri konunun diplomatik yollarla zlmesini istedik ve bunu her platformda seslendirdik.nemli bir adm oldu.
MrPeterAndre,biliyorsunuz. nk say ok fazla  ama bunlarn ierisinden bazlarna cevap verirsen anlayla karlayacanz umuyorum
MrPeterAndre,Su anda bakyorum hepiniz cok ilgin ve gzel soru ve yorumlar yapyorsunuz. Herkese cevap vermek isterim ama bunun mmkn olmadn
MrPeterAndre,hepinize tekrar merhabalar
MrPeterAndre,almalar balatlm. ksa srede neticeleneceini sylediler. hepinize sevgilerimi gnderiyorum
MrPeterAndre,hepinize tekrardan ok teekkr ediyorum gzel ifadeleriniz iin arkadalarma sordum hesabn resmi olarak onaylanmas iin gerekli
MrPeterAndre,ancak imdi olduu gibi vakit bulduka ben kendim gonderdiiniz mesajlar okuyor ve yazyorum
MrPeterAndre,tabiki twitter hesabm takip eden bir ekip var ve onlar benim bilgim dahilinde zaman zaman bilgi amal yazabilirler
MrPeterAndre,Dn akamdan beri pek ok soru var en ok da benim ya da danmanlarmn yazp yazmad konusu sorulmu
MrPeterAndre,Biraz nce Ankara'daki kutlamalar izledim genlerimizle bir kez daha gurur duydum
MrPeterAndre,Tm genlerimizin 19 Mays Genlik ve Spor Bayramn Kutluyorum
MrPeterAndre,Madencilik sektrndeki kazalara ilikin Devlet Denetleme Kuruluna geni kapsaml bir inceleme ve aratrma yaplmas talimatn verdim.
MrPeterAndre,Maalesef ok uzun sre kalamyorum ama belirli periyodlarla baz sorulara cevap vereceim. Hepinize iyi akamlar diliyorum.
MrPeterAndre,Gnlk olaylarla ilgili duygu ve dncelerimi de ileride paylaabilirim.
MrPeterAndre,Younluumdan dolay kimseyi twitter'a ekleyemiyorum ama ileride bu mmkn olabilir.
MrPeterAndre,ankaya Kk zaten ziyaretilere ak. Hatta isteyen sanal olarak da ziyaret edebilir.http://www.tccb.gov.tr/common/sanaltur/tur/index.html
MrPeterAndre,Ancak ziyaretimin almalar aksatabilecei ifade edilince Zonguldaka gitmekten vazgetim. Kalbim gk altndaki iilerimizle.
MrPeterAndre,Zonguldaktaki gk olayna ok zldm. Bakan ve validen bilgi aldm. Zonguldaka gitmeye karar verdim. Tm hazrlklar da tamamlanmt.
MrPeterAndre,Youtube ile ilgili ok soru var. Kapatlmasna karym fakat bu konuda bir yarg karar var. Cumhurbakan olarak yargya mdahale edemem.
MrPeterAndre,Tekrar hepinize ok teekkr ediyorum.Yazdklarnza akamzeri bakabiliyorum. Gelen sorularn hepsini deil ama bir ksmn cevaplayacam.
MrPeterAndre,Hesabma ye olup ilgi gsteren btn takipilerime teekkr ediyorum. Yaptnz yorum ve katklar deerlendirilmeye allacaktr.
MrPeterAndre,"Cumhurbakan Gl, internet medyasn kabul ediyor. nternet medyasnn nde gelenlerinden mteekkil 20 kiilik bir heyet Tarabya Kk'nde"
MrPeterAndre,Cumhurbakan Gl'n 17 Mays 2010 Program- 14.30 ran Dileri Eski Bakan ve Dilikiler Stratejik Konseyi Bakan Kemal Harazi
MrPeterAndre,"Cumhurbakan Gl, Adnan Menderes'in doduu akrbeyli kynde."
MrPeterAndre,"Cumhurbakan Gl, akrbey kynde demokrasi nar altnda merhum Basvekil Adnan Menderes'in olu Aydn Menderes ile birlikteydi."
MrPeterAndre,Cumhurbakan Gl Menderes iftlii'nde...
MrPeterAndre,"Cumhurbakan Gl Tp Fakltesi alnda konuuyor: ""En byk ve iyi yatrm eitime yaplandr"""
MrPeterAndre,"Cumhurbakan Gl Aydn'da, Adnan Menderes niversitesi Tp Fakltesi al trenine katlyor."
MrPeterAndre,Efeler Diyar Aydn: Trkiyenin En Sekin llerinden Biri http://www.tccb.gov.tr/sayfa/haber/detay/?d=haber1745
MrPeterAndre,"Cumhurbakan Gl,onuruna verilen yemekte Aydn'da ilin ileri gelenleri, STK temsilcileri ve i adamlarna hitap ediyor"
MrPeterAndre,"""14 Mays gerek demokrasiye gei yldr. Bu tarihte Aydn'da olmamz o adan anlaml"" www.tccb.gov.tr/sayfa/haber/detay/?d=haber1743"
MrPeterAndre,Cumhurbakan Gl Aydn Belediye Bakanl'nda...
MrPeterAndre,Valilik makamndan ameliyat olan eski Meclis Bakan smet Sezgin'i arayp gemi olsun dileklerini iletti.
MrPeterAndre,Cumhurbakan Gl u an Aydin Valilii'nde...
MrPeterAndre,Trk insannn yapt karlksz yardmlar grnce ok mutlu oluyorum. http://www.tccb.gov.tr/sayfa/haber/detay/?d=haber1552
MrPeterAndre,Lahorda ki atl spor gsterileri ok gzeldi.http://www.tccb.gov.tr/sayfa/haber/detay/?d=haber1541
MrPeterAndre,zmir'i sk sk ziyaret etmek istiyorum. http://www.tccb.gov.tr/sayfa/etkinlikler/detay/?d=haber57
MrPeterAndre,Manisa'daki 470inci Uluslararas Mesir Festivali youn yamur altnda yapld. http://www.tccb.gov.tr/sayfa/etkinlikler/detay/?d=haber58
