twitpic,New update for our iPhone app is out! http://t.co/mVH26SPP - Includes UI improvements and bug fixes
twitpic,Twitpic for Android is now available! http://t.co/PVYYMaxR
twitpic,"We're very sorry for an unauthorized ad that caused some mobile users to not be able to access http://t.co/ySKWB8ce, this has been fixed"
twitpic,Introducing Facebook integration for Twitpic. Share your photos with your Facebook friends and your Twitter followers! http://t.co/t85dJm0Y
twitpic,Fixing a bug in our iPhone app causing blank timelines for some users posting a photo in the app is a quick fix for now http://t.co/jUXfKBgl
twitpic,...The Android version of our app will be coming out within the month http://t.co/jUXfKBgl
twitpic,We are excited to announce our official iPhone app for Twitpic! Check it out and download it here: http://t.co/jUXfKBgl
twitpic,The upload issue has been fixed! Very sorry for the inconvenience
twitpic,We're working to fix an issue causing some photo uploads to fail
twitpic,"Happy #WorldWaterDay! If you're near the water, send us some photos. Here's one from our beautiful #chs: http://t.co/TE4MZsKS"
twitpic,At @SXSW? Share your Twitpics with us using #SXSW #SXSWi! Follow event photos in realtime: http://t.co/Q0LiX5ZS
twitpic,This #TwitpicOTM winner is a story of love. Support @Jack_Marshall_ and their mission to spread awareness of cancer. http://t.co/ldsEYyfa
twitpic,Try out our new Featured User ads on Twitpic! Expose your brand to millions of people every day - http://t.co/dAhnlf8F
twitpic,Twitpics Out of This World http://t.co/Y0PLGvIV
twitpic,Creating Comfort in Our New Office http://t.co/mz8XW8Nr - The Startup Life
twitpic,Live photo stream of @Burberry's #TweetWalk runway show happening now  http://t.co/SRIaRlZD
twitpic,How We Work at Twitpic http://t.co/6kHZQEmn - The Startup Life
twitpic,"In the spirit of love, for this month's #TwitpicOTM show us what you love or who you care for http://t.co/RTFjJgMp"
twitpic,Here's the winner for our #TwitpicOTM for the #NewYearResolutions theme! http://t.co/6ceVjDGE
twitpic,"Last day to send in your #TwitpicOTM for our #NewYearResolutions theme, what are your goals for 2012? http://t.co/RTFjJgMp"
twitpic,Want to work at Twitpic? We're looking for a Software Engineer to join our team - more info at: http://t.co/Wnb6Q8m4
twitpic,"Uploading issue has been fixed, if you're still having trouble email us at support@twitpic.com & let us know your browser version, thanks!"
twitpic,@makatron thank you! We're glad you like us
twitpic,"We're working to fix an issue with uploading photos to Twitpic, it should be resolved soon"
twitpic,"Testing out a new design, let us know what you think"
twitpic,"Don't forget to send in your #TwitpicOTM for our #NewYearResolutions theme, what are your goals for 2012? Info at http://t.co/RTFjJgMp"
twitpic,Want to know why our logo is blacked out and censored? Lean more at: http://t.co/qNjuAsod
twitpic,"Our #TwitpicOTM for January is #NewYearResolutions, What are your goals for 2012? More info at http://t.co/RTFjJgMp"
twitpic,Here's the winner for our #TwitpicOTM contest for our #HappyHolidays theme http://t.co/0k0opZB3 - Congrats to @mikemitt!
twitpic,...you can also send in your #NewYearsEve photos for the #HappyHolidays #TwitpicOTM
twitpic,Don't forget to send in your #TwitpicOTM for our #HappyHolidays theme before December 31st! http://t.co/RTFjJgMp
twitpic,Warm wishes! What makes your holidays happy? Show us by entering our #TwitpicOTM contest! Info: http://t.co/RTFjJgMp #HappyHolidays
twitpic,We've improved video posting for Twitpic! More info on our blog: http://t.co/E88N23pq
twitpic,#TwitpicOTM for December: What makes your holidays happy?More info: http://t.co/RTFjJgMp #HappyHolidays
twitpic,Here's the winner for our #TwitpicOTM contest for #Movember http://t.co/T3RLO7QG - Stay tuned for this month's theme!
twitpic,Twitpic is stable and running smoothly again...we apologize for the frustration and inconvenience this has caused #CaseOfTheMondays
twitpic,We're currently experiencing site stability issues and are working to fix this asap. We are sorry for the inconvenience!
twitpic,#Movember from Team Twitpic: http://t.co/RUhGnuXF http://t.co/VDt8PPJQ http://t.co/D9IIcBEh http://t.co/hLbVxZQP http://t.co/eVQFwlRU
twitpic,"Today is the last day to send in your #TwitpicOTM submissions for the #Movember theme, show us your best face! http://t.co/RTFjJgMp"
twitpic,"Looks like we have a database problem that is being fixed right now. Things should be back to normal soon, sorry everyone!"
twitpic,Don't forget about our #TwitpicOTM theme #Movember! Show your best face on Twitpic! Rules & info: http://t.co/RTFjJgMp
twitpic,We've fixed a bug that caused some new users to not be able to upload photos to Twitpic from a few Twitter clients
twitpic,This month's #TwitpicOTM theme is going along w/ #Movember! Show your best face on Twitpic! Rules & info: http://t.co/RTFjJgMp #NoShavember
twitpic,"Here's the winner for our #TwitpicOTM contest ""Where in the world are you?"" http://t.co/V6bUNGmC - Stay tuned for this months theme!"
twitpic,Hiring an iOS developer http://t.co/d4Ui1hWV
twitpic,Twitpic of the month theme is: Where in the world are you? Home? Traveling? Your favorite local spot? #TwitpicOTM - http://t.co/RTFjJgMp
twitpic,Our Twitpic of the month contest starts Oct 10th! Find more details at http://t.co/RTFjJgMp #TwitpicOTM - Stay tuned...
twitpic,Have a question or an issue? Tweet @TwitpicSupport and we'll work to help you with whatever you need!
twitpic,We're looking for a Lead UI / UX Designer http://t.co/Gbvpznu
twitpic,We're experiencing site stability issues and are working to fix this asap. We apologize for the issue and thank you for your patience!
twitpic,RT @Heello: Get ready! We're launching August 10th...
twitpic,"We're looking to add a new member to our Customer Satisfaction team, more details on our blog: http://t.co/4mvFRkb"
twitpic,"A recent change to our ToS has caused some confusion, we apologize for this and we've corrected it to be more clear - http://bit.ly/kXumLe"
twitpic,"RT @whitehouse: The President, VP, national security team get updated on mission against Osama bin Laden in the Sit Room, 5/1/11  http:/ ..."
twitpic,"We've fixed an issue causing some images to not display, we're very sorry for this annoying bug!"
twitpic,Want to work for a fast growing startup? We're hiring Software / Systems Engineers http://bit.ly/bm1TEd
twitpic,"...oh and btdubs - we updated our layout today, pretty sure it's flippin sweet"
twitpic,Today we're announcing auto-filters! We'll automatically apply random filters to all your photos so now everyone can see your pet in sepia!
twitpic,"Sorry folks, we just fixed an issue causing an error when trying to login, this is resolved now"
twitpic,"Check out our new Twitpic Labs project called ""Darkroom"", which lets you add fun filters to your photos http://labs.twitpic.com"
twitpic,"RT @noaheverett: At @Twitpic we code name our version releases after actresses names, version 3 was ""Rachel McAdams"""
twitpic,Now you can share videos on Twitpic! http://twitpic.com/3xscoq - more info on our blog http://bit.ly/f4Pkln
twitpic,We're hiring again! We are looking for iOS / Android developers - More details at http://bit.ly/gzDsnS
twitpic,Want to work for a fast growing startup? We're hiring more Software/System Engineers - More details at http://bit.ly/bm1TEd
twitpic,"The site should now be fully recovered. We are working to make sure this doesn't happen again, sorry again for the extended downtime!"
twitpic,"We are currently having some server issues, but we will be back ASAP! Sorry for the downtime."
twitpic,"Today is National Boss Day, and we wanted to honor it style: Five Things You Should Know about @noaheverett http://bit.ly/ciO8pS"
twitpic,"The site has recovered, we're sorry for the inconvenience this has caused! Thank you for your patience"
twitpic,We're currently experiencing a site outage and are working to fix it asap
twitpic,"We are hiring Software/System Engineers, more details on our blog http://bit.ly/bm1TEd"
twitpic,"The stability issues have been fixed and the site is working correctly now, once again we are sorry for the inconvenience this has caused"
twitpic,"We're still working on making the site stable, we are very sorry for the inconvenience"
twitpic,"We are experiencing some site issues, we are working to fix it asap, thank you for your patience!"
twitpic,"RT @noaheverett: Some @Twitpic stats: Over 50 million people visit the site every month and over 35,000 new users join every day - Thank ..."
twitpic,We're hiring! Twitpic is growing faster than ever and we are looking for an Advertising Manager http://bit.ly/d1WpvZ
twitpic,Check out our new Twitpic Labs - experimental projects built on Twitpic http://labs.twitpic.com
twitpic,RT @Heello: Say hello to Heello
twitpic,We're proud to announce our new sister company @Heello - http://heello.com
twitpic,Check out our new photo widget for your website or blog! http://twitpic.com/widgets/designer
twitpic,"Sorry for the extended period of login issues, the @twitterapi team is hard at work to fix the problem http://bit.ly/b5k0Ec"
twitpic,We're beta testing our new search tool - try it out and let us know what you think http://twitpic.com/search
twitpic,Developers: we've added 6 new API methods to integrate Events into your apps http://dev.twitpic.com/docs
twitpic,Developers: We've added 4 new API methods to add Face Tagging into your app http://dev.twitpic.com/docs/
twitpic,Add Photos to Events Automatically with Triggers http://bit.ly/cv9edm
twitpic,"Developers: We have added 2 new beta API methods for Places, have fun! http://dev.twitpic.com/docs/"
twitpic,"We're still backed up due to Twitter API performance issues, but your tweets *will* be delivered. Just wanted to emphasize that."
twitpic,"We apologize for another email/lag issue, we're looking into it now. Switching to a completely new system is always tricky."
twitpic,"The lag issue with photos sent by email/mms has been resolved, we're sorry for the inconvenience!"
twitpic,We are working to fix a lag issue with photos sent by email/mms
twitpic,How to: Twitter Places with Photos http://bit.ly/bPr4Cj
twitpic,RT @mashable: Twitpic Adds Twitter Places - http://bit.ly/cbw56k
twitpic,We've added Twitter Places to Twitpic! Check one out at http://twitpic.com/place/7422f29331ca8257
twitpic,"Developers: Twitter will be turning off Basic Auth June 30th, remember to port your apps to our new oAuth API - http://dev.twitpic.com"
twitpic,"We fixed the site issue from earlier, sorry for the slowness! We outgrew some of our datacenter's network hardware - bandwidth nom nom nom"
twitpic,"We are working on some server issues due to tons of traffic and pics, very sorry! Hang tight.."
twitpic,We hit 10 million users today! and to say thank you we've released a new feature called Face Tagging: http://bit.ly/c7PAFb
twitpic,RT @mashable Twitpic Launches Face Tagging - http://bit.ly/ab6HYP
twitpic,RT @noaheverett: Big news for @Twitpic today - stay tuned!
twitpic,RT @mashable: Twitpic Lets You Group Photos by Event - http://bit.ly/bPjyGv
twitpic,RT @noaheverett: Playing with the new Photo Events feature on Twitpic - http://twitpic.com/e/c
twitpic,"...it was our fault, sorry for the inconvenience that caused! and thank you for being fantastic users :)"
twitpic,We fixed a bug from yesterday that caused some Twitter clients to show an error when uploading a photo even though it actually posted
twitpic,"Twitpic founder @noaheverett interviewed on @mashable, check out the video here: http://bit.ly/9kAlsb"
twitpic,Developers! We've launched our new oAuth API - Check out our new developer portal at http://dev.twitpic.com to register your app
twitpic,"The site has recovered and we are back up, sorry for the hiccup!"
twitpic,"We are working to fix a site outage, we will update you shortly"
twitpic,"The site has become more stable now and we are continuing to work on it, thank you very much for your patience! :)"
twitpic,We are having a site outage and are working to fix it asap
twitpic,We are working on the issue that's causing some people to not be able to access twitpic.com
twitpic,We're at @chirp! http://twitpic.com/1fkeq5
twitpic,We switched Twitpic logins to oAuth tonight - If you are having issues logging in try clearing your browser cache/cookies
twitpic,The official Blackberry Twitter client with Twitpic support is now available! Get it here: http://bit.ly/9o533O
twitpic,Twitpic mentioned in the new AT&T commercial! http://youtube.com/watch?v=J9MjKbMr9Wc (via @noaheverett)
twitpic,We are looking to grow our team! Check out the Customer Service position at Twitpic: http://bit.ly/9jhW5X
twitpic,Congrats to @jkrums for winning the Shorty Award for real-time photo of the year with http://twitpic.com/135xa
twitpic,Check out the official @BlackBerry Twitter client with Twitpic support! http://bit.ly/dkXGth
twitpic,RT @BlackBerryBlog: Inside Twitter for BlackBerry (Application Preview) http://bit.ly/dkXGth
twitpic,"Misspelled @Astro_Soichi's username in the earlier tweet, sorry!"
twitpic,Twitpic'ing from SPACE by @Astro_Soichi! Check out these amazing photos: http://twitpic.com/photos/Astro_Soichi
twitpic,RT @noaheverett: Nominated @jkrums photo of the Hudson plane http://twitpic.com/135xa for real-time photo of the year http://shortyaward ...
twitpic,Nominate your favorite Twitpic for the Shorty Awards real-time photo of the year http://shortyawards.com/photo/
twitpic,Honorable mentions: http://twitpic.com/wivl6 - http://twitpic.com/y03h4 - http://twitpic.com/10l4j4 #TwitpicStickerContest
twitpic,The winner of the #TwitpicStickerContest is http://twitpic.com/wkity by @gadbearr!
twitpic,We are going to announce the winner of the #TwitpicStickerContest in a few minutes *drum roll*
twitpic,Thanks @imogenheap for taking Twitpic to The Grammys with you! http://bit.ly/baC4bw
twitpic,We love you too! RT @lindsaylohan I LOVE @TWITPIC!!!!!
twitpic,twitpic founder @noaheverett will be doing a live interview on http://mixergy.com/live at 11am PST today - come say hi!
twitpic,Just a reminder on how to get your free Twitpic stickers! December 31st is the contest cut-off date http://tr.im/H2TW
twitpic,"We've resolved a recent issue that caused photos sent via Sprint to not upload, thank you for your patience!"
twitpic,Here's how to get your Twitpic stickers. Get the word out! http://twitpic.com/get-stickers.do (New working URL)
twitpic,You took our blog down! We totally underestimated the traffic on that post :) here's the new link: http://twitpic.com/get-stickers.do
twitpic,Here's how to get your Twitpic stickers. Get the word out! http://tr.im/FGpR
twitpic,We got Twitpic stickers to celebrate! http://twitpic.com/pw8q2 (via @noaheverett)
twitpic,"We have reached 5.5 million Twitpic users! A big HUGE thank you to all of you, Twitpic is nothing without you"
twitpic,We resolved an issue from earlier today that caused a small percentage of photos posted via the site to not be posted to Twitter
twitpic,Issues logging into Twitpic earlier today due to Twitter network connectivity problems (http://is.gd/4pIDb) has been resolved
twitpic,"Fixed a bug that caused a small percentage of photos to not post to Twitter, due to a recent change"
twitpic,"Fixed an issue where a small amount of photos were posting as ""Image not found"", we're sorry for the inconvenience"
twitpic,I got my mom on Twitter :) welcome @twitpicmom
twitpic,"fiiine fine...foot rub then, but if you got funky toes it ain't happening :)"
twitpic,"We've switched DNS providers, give it a little time for the changes to propagate, I am very sorry for this happening again...hug?"
twitpic,Our host softlayer has informed us their DNS servers are being DoS'd again
twitpic,"If you are unable to access Twitpic.com, let us know which ISP you are using, this is only affecting some users"
twitpic,looking into reports of some users not being able to access twitpic.com
twitpic,"UPDATE: and we're back up, we had a short hiccup for a few minutes"
twitpic,"We are having network issues with our host, working to fix ASAP"
twitpic,"UPDATE: we have resolved the site lag which caused some photos to show ""Photo does not exist anymore"", sorry for the issue!"
twitpic,Working on an issue where some photos are not displaying correctly
twitpic,"...looks like the issue is related to twitter being DoS'd, API access has been temporarily disabled"
twitpic,Working on the login issue with Twitpic.com
twitpic,"...we've switched to a new DNS provider and are seeing Twitpic.com becoming available in more areas, still needs to propagate fully"
twitpic,RT @opendns Host provider for @twitpic & @techmeme -Softlayer- was being DDoS'ed & accidentally blocked OpenDNS. This issue is now resolved
twitpic,"We are moving our primary DNS to a new host, while our current host softlayer works to fix their DNS issues, should start working soon"
twitpic,Who needs a hug? Lets hug this out...
twitpic,"We've been told a ""DNS pollution attack"" is affecting some large DNS servers, this is what is affecting Twitpic.com & many other sites"
twitpic,"thanks for the reports everyone of twitpic.com not resolving with other ISPs, keep them coming, we are working to track down the cause"
twitpic,confirmed that AT&T DSL is also not resolving Twitpic.com. This seems to be localized with AT&T as other ISPs are working correctly
twitpic,"We are seeing some issues with twitpic.com loading over AT&T's wireless network, looking into this now"
twitpic,"We are very sorry for the down time, our hosting provider is relaying to us more details as to why their DNS service went down"
twitpic,"...if Twitpic.com is still not loading correctly for you, try clearing your browser cache"
twitpic,Our hosting provider has brought their DNS servers back up and Twitpic is now resolving correctly
twitpic,Our hosting provider has told us that their DNS servers were hit by a DoS (Denial of service) attack & will be back up shortly
twitpic,"Our hosting provider is experiencing DNS server issues, some photos are not displaying, we are working with them to fix this asap"
twitpic,"UPDATE: thumbnail API is back online, thank you for your patience"
twitpic,"We are performing some maintenance on our thumbnail API, thumbnails via this mechanism will be unavailable for a short period"
twitpic,We are hiring again for another Software/Systems Engineer http://bit.ly/5Mnul (please retweet)
twitpic,"UPDATE: Site latency has improved, photos are displaying immediately now"
twitpic,"Working on site latency and fixed an issue where newly posted photos showed not available, they are displaying correctly now"
twitpic,"Duplication issue for emailed photos fixed, so sorry if you received double posts! Will a cookie help? They were made with love"
twitpic,"Working on a duplication issue with photos sent in by email, some are caused by the sender's email server sending multiple copies"
twitpic,Fixed an issue where photos sent in via email last night may have not posted or were delayed
twitpic,Follow @noaheverett for unofficial announcements and other mildly incoherent news about Twitpic
twitpic,Blog post: Email posting vulnerability fixed http://bit.ly/8hAHe
twitpic,"We've implemented a fix for the email posting vulnerability, a full blog post explaining the issue will be released soon"
twitpic,"Working on an issue where a small amount (less than 1%) of photos are showing ""Image not found"""
twitpic,"We will have 15 minutes of downtime today at 2p Pacific to coincide with Twitters 1hr of downtime, this way you won't notice :)"
twitpic,"Database maintenance completed in 5 minutes, thanks for your patience!"
twitpic,"Twitpic will be down for 10 minutes while we do some quick database maintenance, hang tight!"
twitpic,Can you RT?: We've hit 2 million users! It took us 14 months to hit the first million & just under 2 months to hit our second!
twitpic,"Yes we are bringing tags back soon, we've been working out some ""issues"" with the old tagging system"
twitpic,"Thank you so much everyone for being a part of Twitpic...I love you, I mean...I love you, too soon?"
twitpic,RT @noaheverett Twitpic has hit 2 million users! It took us 14 months to hit the first million & just under 2 months to hit our second!
twitpic,"fixed an issue with photos not displaying, very sorry! thanks for your patience"
twitpic,...please retweet our last tweet thaaank you :)
twitpic,"Sorry for the short hiccup, we are back up - RT @noaheverett Doing 100mph to get to my apartment to fix Twitpic"
twitpic,"We have fixed an issue this morning where some photos displayed ""Image not found"""
twitpic,We are hiring a Software/Systems Engineer http://bit.ly/5Mnul
twitpic,"Sorry for the hiccup, our traffic has EXPLODED thanks to the @oprah effect"
twitpic,In case you missed it: We hit 1 million users yesterday http://twitter.com/TwitPic/status/1521947374
twitpic,...and we're back up :)
twitpic,Working to fix some DB issues this morning
twitpic,"We hit 1 million users today! thank you to all our wonderful users, we couldn't have done it without you...literally :)"
twitpic,"if you had issues with Twitpic about an hour ago, blame @noaheverett he broke something but then fixed it :) tell him you love him anyways"
twitpic,"...and we're back, thanks folks!"
twitpic,"We're rescheduling our 30 minute maintenance down time for 7:45pm CST to coincide with Twitter's maintenance time, its better that way :)"
twitpic,Twitpic will be down for 30 minutes tonight at 10pm CST for scheduled maintenance
twitpic,New blog post: Bringing the Rain - http://bit.ly/18dUQ
twitpic,"The issue has been fixed, it was due to an abnormal traffic situation"
twitpic,"Site is back up, more info shortly"
twitpic,We've taken the site down for a little bit to make some changes to our servers to handle the traffic
twitpic,"Getting higher than normal traffic today, hang tight, getting more servers provisioned to handle the load"
twitpic,"Thank you so much for being patient with us while we were working the bugs out...sooo, who's down for a milk shake? :)"
twitpic,DONE! We've fixed the database issue thats been causing problems the past few days. It was a bug in our new platform (please retweet)
twitpic,@mistrust yes many accounts will be banned soon for uploading pornography
twitpic,Still doing some work to make sure things run smoothly when we come back online...getting close!
twitpic,"We are making progress, you may see some ""photo not found"" errors while we are making these changes"
twitpic,"Looks like we found the issue that's been plaguing Twitpic the past few days, going to take the site down for a few minutes to do some fixes"
twitpic,"We've got someone working on the database as we speak, this is top priority (please retweet)"
twitpic,We've got some experts working on our DB issues...hang tight!
twitpic,Still working on critical database issues...hang tight
twitpic,"Still tracking down some database bugs in the new system, everything is running mostly smooth"
twitpic,"Having some database issues, working to fix"
twitpic,"Had a database hiccup, all is fixed now"
twitpic,Those who are using @twhirl should be able to post photos now
twitpic,"Fixed a bug for those who were seeing ""403 forbidden"" when trying to access Twitpic via the site or API over SSL"
twitpic,"Yes, yes, yes, turning ""delete photo"" back on tonight...your mom goes to college"
twitpic,"If you are having issues posting to Twitpic or are still seeing the ""We are moving"" page try clearing your browser's cache & DNS cache"
twitpic,"A small percent of photos posted yesterday/today may not display, this will be fixed shortly. More functionality will be turned on tonight"
twitpic,RT @noaheverett http://twitpic.com/2fvyj - twitpic's traffic graph...and people wonder why we had some scaling issues :)
twitpic,@franklin5 no I'm afraid rusty the dog is really narcoleptic =) but on the bright side he's always well rested
twitpic,@MDBenson what error does it give you when posting from Twhirl? I tested it and it went through...DM me if you'd like
twitpic,"Everything looks to be running great in the new data center, working to restore all functionality & then sleep =B"
twitpic,"FIxed a bug where photo links were being posted as ""twitpic.com/0"""
twitpic,"Photo deleting, commenting, & tags are disabled temporarily, these will be back up today"
twitpic,"Bringing Twitpic.com back online, you may still see the ""We are moving"" page until the DNS changes fully propagate"
twitpic,"Data center move is going great, we will be turning the site back live in a few hours"
twitpic,"We are beginning our data center move, Twitpic.com will be down for a few hours - Read http://bit.ly/TlZg for more info"
twitpic,Moving to a new data center & other things that make you squeal - blog post http://bit.ly/TlZg (please retweet)
twitpic,New blog post: Plan of Action - http://bit.ly/qQ3Vm (please retweet)
twitpic,"On a bright note, we are growing at a fantastic rate of 6,000 users a day & a new Twitpic is coming soon!"
twitpic,"Very sorry for this unnecessary outage, our hosting provider's generator did not start properly during a power outage & caused other issues"
twitpic,We are back up! Please retweet
twitpic,"Still no word from our hosting provider of when this will be fixed, but they are ""working on it"" :|"
twitpic,"Been on the phone with the data center this morning, they have not given me an ETA yet"
twitpic,"I didn't want to have to do this yet, but...free hugs...yes free hugs for everyone, no, no, it has to be done"
twitpic,"The winner was @kayce_m with ""33"""
twitpic,"Sitting outside @starbucks drinking iced green tea playing games with you guys, who needs a website thats up right? =B"
twitpic,"@kayce_m you win, it was 33 and I hope it takes less time than that =)"
twitpic,I'm thinking of a number between 1 and 50...what is it?
twitpic,"Sooo...is it time to play the ""our data center is having issues with _____"" game again? What do you want to play?"
twitpic,"Our data center has had a power failure, they are working to fix"
twitpic,"Also please use the ""official"" way to display thumbnails as described on our API page: http://twitpic.com/api.do#thumbnails"
twitpic,"Looking into an issue where the wrong photo is displayed, email support@twitpic.com with the URL if this has happened to you"
twitpic,"*b/f voice* ""baby, I'm sorry...wanna get Chinese?"" now do you forgive us for being down? =B"
twitpic,Thank you SO VERY MUCH for your patience everyone. Now if you'll excuse me I'm late for dinner =)
twitpic,"We're back up! Some older photos will be unavailable for the time being, they will start displaying again soon (please retweet)"
twitpic,Still working on getting Twitpic back up...no ETA currently
twitpic,We'd appreciate it you would pass the word around that we are working on fixing some server issues and will be back up soon
twitpic,"Hoping to be back up within the hour, thanks for your patience"
twitpic,Working to fix some server load issues
twitpic,Developers: new API method to add Twitpic thumbnails into your app http://twitpic.com/api.do
twitpic,"Yes we did mean ""bring the rain"" :) http://bit.ly/gMN8N"
twitpic,"Mobile posting is back online, contacted the ISP which owned the IP address that was flooding us...I was about ready to bring the rain"
twitpic,"Someone is DOSing(Denial of service) our mobile posting system, it is offline for now until we can stop the attack"
twitpic,"We've turned the ability to delete photos back on, it was disabled temporarily"
twitpic,"Annnd we're back up, thanks for playing ""waiting for the data center to plug its internet back in"" until next time..."
twitpic,Random fact about us: @noaheverett (the guy behind Twitpic) has a huge crush on Rachel Mcadams and he'll give u 5 bucks if u get her number
twitpic,"oh snap @mikemueller calling out ""blue"" you are right, here's a cookie"
twitpic,"Soooo...while we're waiting for our data center to plug its internet back in, lets play a game...what color am I thinking of?"
twitpic,"Lets call it a day and grab a milk shake, who's down with that?"
twitpic,"Our data center is having connectivity issues at the moment, waiting on them to fix....what is up with today?"
twitpic,What did we learn today? Keep even more up-to-date backups =B
twitpic,"We would still appreciate it if you would continue to pass this word around, as there are still some users who are affected by this"
twitpic,"We've restored the majority of the passwords from a backup, but regardless still re-login at http://twitpic.com & it will auto-update"
twitpic,We are working to restore as many as possible from our backups
twitpic,"A glitch in our system caused some passwords to be reset, please re-login to Twitpic and it will auto-update them PLEASE RETWEET"
twitpic,By logging into Twitpic it auto-updates your twitter credentials
twitpic,"If your photos sent by phone are making it to Twitpic, but not twitter, make sure to login to http://twitpic.com to update your credentials"
twitpic,"For those wondering, yes we are experimenting with revenue models because I don't like ugly ads either...not in mah house!"
twitpic,"Scratch our last post. To avoid duplication issues, photos sent in while mobile posting was down for maintenance today should be resent"
twitpic,Mobile posting is back up
twitpic,Mobile posting temporarily disabled to fix some issues
twitpic,"Also photos sent by phone while mobile posting was disabled will need to be re-sent, we did not capture those photos"
twitpic,"Mobile posting is back up, very sorry to those who got duplicate posts from us...will a hug help?"
twitpic,Daaaang...we made a mess didn't we =) So sorry...
twitpic,"Having some issues with mobile posting, it has been disabled temporarily while we fix it"
twitpic,Today is our 1st birthday!
twitpic,"So @noaheverett is lost in downtown San fran, suggestions? msg @noaheverett"
twitpic,"If you sent a photo by phone in the last 30 minutes and it bounced back, that issue has been fixed"
twitpic,"I'm gonna be in downtown San Francisco February 6th, who would be down for a Tweetup & where is a good meeting place?"
twitpic,@mackney DM me which photos are not embedding for you
twitpic,"Guess what we're still doing? Syncing photos, almost done *queue elevator music*"
twitpic,"Still syncing old photos over to the new servers, taking longer than expected. This is why some photos still aren't displaying"
twitpic,Just published a blog post explaining what happened Sunday http://bit.ly/3PAb31
twitpic,Have I told you guys lately that you're beautiful? Well you are :)
twitpic,Could you please retweet that last tweet? We have many Sprint users and want them to be notified of this update. Thank you! Here's a cookie
twitpic,Fixed an issue where photos sent by Sprint users were not being posted
twitpic,"We are still syncing photos over, so some photos still may not display, taking longer due to today's load, but we made it through just fine!"
twitpic,"I'd appreciate it greatly if you could retweet and get the word out that we are back up & stable, you guys were great through this thank you"
twitpic,"Mobile posting is coming back online, photos that you tried posting yesterday may starting showing up"
twitpic,"Some of your older photos may not display as we are still syncing some of the data between servers, this is temporary"
twitpic,"Ok everyone, Twitpic is on its new server and looks to be running as normal also we are still syncing some photos so some may not be showing"
twitpic,"Also thank you everyone for your support, once we get through this I'll write blog post explaining the entire situation, you guys rock"
twitpic,I'm hoping to have the site back up on a new server in 2-3 hours ETA
twitpic,"The spotty uptime is not due to excessive traffic, but an elusive hardware failure, working to move it over"
twitpic,"We are having spotty up time, bringing in some extra help to get this fixed ASAP"
twitpic,"UPDATE: still working to fix Twitpic's slowness right now, think it may be due to a bad hardware upgrade last night, will keep you posted"
twitpic,"Really sorry about the down time folks, I'm trying to sort out the issue now"
twitpic,"Getting slammed again this morning with traffic, working to fix..."
twitpic,"Scheduled maintenance tonight at 12am CST, more info at our blog http://bit.ly/Tg29 Please retweet this"
twitpic,RT @noaheverett Phone interview I had earlier with cnet got published http://tinyurl.com/9whg6o (regarding Twitpic)
twitpic,"We are getting another wave of traffic this morning from yesterday's event, thanks so much for your patience everyone :)"
twitpic,"We're running smooth again, viewing of comments and tags are still off just in case we get some traffic spikes tonight, thank you everyone"
twitpic,"Commenting and Tagging are disabled temporarily to help handle the load. You can still leave comments, they just won't be visible yet"
twitpic,"Rerouting some Twitpic resources, hopefully making the site respond better"
twitpic,"We are getting tons of traffic right now due to http://twitpic.com/135xa and the site is running slow, working on it now"
twitpic,I think I took their blog down...whoops...hang tight
twitpic,Top 15 Twitpics http://tinyurl.com/9zvzsw
twitpic,RT @noaheverett Twitpic was mentioned in the New York Times http://is.gd/ez3R
twitpic,Have a happy New Year everyone!
twitpic,"Ok, ok...ponies too (you guys crack me up, love it!)"
twitpic,I'll tell you what will be included in a pro account...puppies...puppies and rainbows :b
twitpic,Scratching the poll....jaheeeez =) Will make a better one describing what features would possibly be in a pro account
twitpic,Twitpic HQ Video http://tinyurl.com/8nvf7c (for those of you just getting back from the Holiday and missed the weekend post)
twitpic,Twitpic HQ Video http://tinyurl.com/8nvf7c
twitpic,Photos that didn't post about an hour ago should start posting now...if not try resending the photo
twitpic,"RT @noaheverett Sitting in my car at an apartment complex stealing someone's internet, fixing a Twitpic issue on Christmas eve"
twitpic,"Mobile uploads are working now! Sorry folks. All photos posted in the last hour will be posted now, no photos were lost. Merry Christmas =)"
twitpic,Mobile posting coming back online in 5 minutes...don't worry no photos were lost...they will start posting shortly
twitpic,Having a hiccup with mobile uploads...working to fix it now
twitpic,Working to fix a bug that sometimes causes the wrong photo to be sent to Twitter If this happens or has happened to u email noah@twitpic.com
twitpic,For all the computer nerds like me: RT @noaheverett Working on new Twitpic servers http://twitpic.com/uldw and http://twitpic.com/ulfk
twitpic,New blog post about yesterday's announcement http://tinyurl.com/3e6l3g
twitpic,For those of you who didn't know...Twitpic is a one man show ran by @noaheverett from his apartment. Should a Twitpic HQ video be made?
twitpic,All we want for Christmas is to hit 20k followers....and Rock Band 2. What do you want for Christmas?
twitpic,Mobile posting was down for a few minutes...its fixed now! Sorry! Blame @noaheverett
twitpic,RT @ev Twitpic looks to be on a tear: http://siteanalytics.compete.com/twitpic.com/
twitpic,Who's going to SxSW? Should @Twitpic go? We want to meet you in person
twitpic,Ok blog is back up...once again...We are hiring http://tinyurl.com/6rra3m
twitpic,I think its time we find a new host for our blog...you guys crash it every time we post a link to it =B
twitpic,We are hiring! http://tinyurl.com/6rra3m
twitpic,"Things are running normal again after several server fixes, thanks everyone for being patient with us (please retweet)"
twitpic,"Sorry folks for the downtime tonight, we are working to stabilize things"
twitpic,Squeezing some extra capacity out of our servers...constraints breed creativity
twitpic,"We are getting hit with higher than normal traffic, site is acting a little slow right now...working to fix this"
twitpic,Fixed a bug that caused images larger than 2mb to be rejected. We accept images up to 5mb in size now
twitpic,"In case you missed it last night, we made a video to say thank you to all our users http://tinyurl.com/6aajld (Retweet if you like it)"
twitpic,Looks like the flood of traffic took down our blog...fixing...
twitpic,This is saying thank you to all the Twitpic users http://tinyurl.com/6aajld
twitpic,"We have a blog! http://blog.twitpic.com Finally, dang...who's not getting paid around here"
twitpic,"In case you missed it, we hit our 1,000,000th photo yesterday, here's the photo: http://twitpic.com/lfls"
twitpic,"Just got off the phone with @phillipparis to let him know he uploaded the 1,000,000th photo and that he won a $300 apple gift card"
twitpic,"This is the 1,000,000th photo http://twitpic.com/lfls by @phillipparis"
twitpic,"We hit our 1,000,000th photo today! A huge thank you to everyone who uses Twitpic and helped us get here! It's been a blast"
twitpic,Our data center told us that our rack's power unit had blown. They have replaced it and everything is running normal again.
twitpic,"We are back up, very sorry for that everyone. Talking with our data center to find out what happened."
twitpic,"Our data center is having some connectivity issues, we are working with them now to get this fixed"
twitpic,"We've redone the ""Upload Photo"" page to fix issues with those not able to upload from the site itself. Email us if you still have issues"
twitpic,We are still getting slammed by digg.com
twitpic,Twitpic is running a little slow this morning due to a photo making the front page of http://digg.com today
twitpic,"An issue where some photo updates by phone that were making it to Twitpic, but not to twitter should be fixed now"
twitpic,Twitpic runs a bajillion percent better now and is also good for your health (may cause sudden fits of joy resulting in wetting yourself)
twitpic,All photos have now been moved over to the new servers
twitpic,"@JediWright we post the photos as soon as we receive them from your mobile carrier, no delays since we moved to the new servers"
twitpic,"Some photos uploaded in the past few weeks may not be displaying, this will be fixed by tomorrow as we are syncing the data between servers"
twitpic,"If you were getting an error when accessing our API, this has been fixed"
twitpic,Uploading to Twitpic from Twitterrific or other apps may not work yet until the DNS changes have taken full affect
twitpic,I'm grabbing a pizza...*sigh of relief*
twitpic,"Some old photos may not be displaying, we are working on this. We are still syncing some of the data from the old servers over to the new"
twitpic,"It would be a great help if everyone could retweet and get the word out that we've made the server move successfully, thanks everyone!"
twitpic,"If you are seeing the ""We've completed our server move"" page then this means the DNS changes haven't updated in your area yet, hang tight"
twitpic,We're bringing mobile posting back online soon. Some mobile uploads may have not made it to our servers during the move
twitpic,"Some of you may still be seeing the ""old"" server, this just means the DNS changes haven't made it to your area yet"
twitpic,"For those of you having issues connecting to twitpic, they have been resolved"
twitpic,We've completed our server move. We are just waiting on the DNS update to propagate across the internet.
twitpic,We're moving servers! We will be back up later depending on how fast the DNS propagates.
twitpic,We're back from our scheduled maintenance. Thanks for your patience! Things are right on track for our data center move this weekend
twitpic,"We're back down for some quick maintenance, we will be back up shortly"
twitpic,Photo of the guy behind Twitpic http://twitpic.com/hbu3 (@noaheverett) thanks for the spontaneous Q&A session everyone!
twitpic,Yes twitpic is single
twitpic,"That's just a photo of 2 of the new servers. There are more. Its scattered all over the apartment, bachelor pad only has so much room"
twitpic,Photo of some of the new servers in my(@noaheverett) apartment http://twitpic.com/hbmy as requested =)
twitpic,The new servers will fix the issue with random dropped photo updates to twitter
twitpic,My apartment looks like a mini data center. Set to go live this weekend with the new servers. Thanks everyone for being patient with us!
twitpic,We're on track for our new servers going live next weekend. Thank you again for all your patience while we grow.
twitpic,Thank you for your patience everyone while we work to scale twitpic to keep up with the traffic demands. You guys are the best.
twitpic,We are experiencing higher load than normal and some of your photo updates to twitter may have not made it. The new hardware goes live soon
twitpic,http://twitpic.com/dypz - Oooh aaah - one of the new servers that will be powering twitpic
twitpic,"We have fixed most of our DB issues, speed issues with the site will be fixed once our new hardware arrives and is in place"
twitpic,Working to stabilize our db server. Additional hardware is coming soon
twitpic,Having some DB issues this morning. Jumping on it now
twitpic,"Twitpic is running ""snappier"" now...is ""snappier"" a word? well it is now. Thanks everyone for sticking with us!"
twitpic,Made some changes on our servers to accommodate the load. We are ordering additional servers this week.
twitpic,We are experiencing higher than expected traffic/load on twitpic. Working to resolve this now
twitpic,"Anyone interested in a ""Live"" Q&A session with Twitpic, send a reply letting us know"
twitpic,Photos posted by phone and email are working again! Sorry about the hiccup. We hope you had a great weekend.
twitpic,"Having an issue with mobile posting today, we are working on it right now..."
twitpic,Fixed an issue with t-mobile where the t-mobile logo would show up as the photo posted instead of the photo actually sent
twitpic,Thanks to @hollyhock for testing that the rotate option works on IE 6 as well
twitpic,We've tested the rotate functionality on IE 7 / Firefox 3 / Safari 3
twitpic,"We've added a ""Rotate"" photo option on twitpic. This will also compliment our server-side solution to auto-orient photos when it goes live."
twitpic,@brian4dotcom what error are you getting back?
twitpic,@jimconn sorry about that. we just fixed that glitch in our mobile posting system
twitpic,We apologize if your photo got posted multiple times when sent by phone. Some photos got stuck in our queue. This glitch has been fixed.
twitpic,Having some server load issues right now. Working to off load some of the traffic to other sources. Hang tight!
twitpic,TweetDeck has added support for Twitpic. Check it out at: http://www.tweetdeck.com
twitpic,@RafaG lol sorry to disappoint =)
twitpic,"Retweet from @noaheverett http://twitpic.com/5ydn - Pizza $5. Movie $3. Eating pizza in your underwear, priceless"
twitpic,Spaz twitter client now supports Twitpic http://funkatron.com/spaz
twitpic,"We've switched over to our local storage, some photos will still be unavailable. All new photos posted in should work."
twitpic,Amazon S3 is experiencing down time which we use to host photos uploaded to twitpic. We're trying to figure out whats going on.
twitpic,"Added new ""Share this photo"" and ""Put this photo on your website"" buttons"
twitpic,"@benmarvin and we are working on a way to only correct orientation on non-iphone images, thanks for your patience"
twitpic,"@Ronno971 the rest of the photos will be corrected when we turn this feature on, right now its off due to this iphone bug"
twitpic,"The iPhone is writing bad EXIF data to the images so we cannot rotate them correctly, They end up upside down. Twitterrific is testing a fix"
twitpic,"UPDATE: We have a fix to auto orient photos, but haven't turned it on due to a bug in the iPhone that affects Twitterrific uploads..."
twitpic,We're working on fixing the orientation of pictures that come in oriented sideways or upside down. We're testing the fix now.
twitpic,Huge lines to apple store's across the country http://twitpic.com/tag/apple+store
twitpic,@etherius ceTwit is a windows moblie client that supports twitpic you can check it out at: http://www.kosertech.com/blog/?page_id=5
twitpic,@Skizzlizzit ceTwit is a windows moblie client that supports twitpic you can check it out at: http://www.kosertech.com/blog/?page_id=5
twitpic,@malidragon we didn't delay posting your photo. Our logs show we didn't receive it from your mail host until 11:38am CST. Then it posted.
twitpic,New Twitterrific iPhone client released supports Twitpic. Great job @Twitterrific
twitpic,@_sash ok we merged them let me know if that works for ya
twitpic,@_sash we can change your username for you once you've changed it on twitter just DM us your new old & new username
twitpic,Looking for high quality advertisers for twitpic.com. Email me at noah@nusoni.com for more info.
twitpic,"If you are a developer in the oklahoma/mid-west area and would be interested in a dev meetup, shoot me an email at noah@nusoni.com"
twitpic,Happy 4th everyone! Remember & support our troops.Have a great day.
twitpic,@jcruz everything looks good on our end. twitter has been up and down lately and has caused some photos to not get posted to twitter
twitpic,@haveboard we're working on a mobile version of twitpic that should fix the viewing issues with the moto Q
twitpic,"@tenzintsewang We don't limit by resolution, but by file size. We support images up to 4MB in size."
twitpic,"@aronski not that I know of, but we're looking into adding friendfeed support to twitpic"
twitpic,@squirleywrath it is true!
twitpic,Lost camera found by @glennmc - Photo from the camera and details posted at: http://twitpic.com/2xl0
twitpic,@thedavidpoeshow we hope not =B
twitpic,@darthia are you using firefox?
twitpic,@elchuy yes we do still plan on adding flickr support. its next on the list after we complete the hardware upgrades
twitpic,And we're back up...down for about 10 minutes. *sigh of relief* =)
twitpic,Our data center is having some network issues and has caused twitpic.com to not be accessible. Calling their support team now...
twitpic,Twitter's API has not been responding so you may not have been able to login to twitpic. It seems to be back up now. Stay tuned.
twitpic,Back from Vegas. Enjoyed hanging out with @zappos @zappos_alfred and other Zappos employees.
twitpic,@joseLITRO you can send photos from your phone via email. We are also working on a mobile version of the site as well.
twitpic,"Tag your photos with wwdc or wwdc08 or include the word ""wwdc"" in your message and they will show up on http://twitpic.com/wwdc/"
twitpic,Watch live WWDC updates on twitpic @ http://twitpic.com/wwdc/
twitpic,Profilactic has added support for Twitpic http://tinyurl.com/6eeh7u
twitpic,Vew twitpic thumbnails on twitter.com with the Twitpic Greasemonkey script (beta) -  http://twitpic.com/tools/
twitpic,We are buying new servers for twitpic. If you would like to help support us visit http://twitpic.com/donate.do Thank you for your support
twitpic,@schneidermike I'll see what I can do. I think I might have some magic left =B
twitpic,"@schneidermike we can filter out sprint's default subject message, but sprint uses a non-standard way of adding the message body."
twitpic,Want to help support twitpic? Visit our sponsors on photo pages. Your clicks help pay the bills.
twitpic,Sprint picture mail is now supported! Users on sprint send in your pics. Let us know that its working.
twitpic,@Birk66 we are working on a fix for sprint picture mail that will fix your mobile posting issue.
twitpic,Twibble now supports twitpic http://tinyurl.com/68zfre
twitpic,@alliedearest We post the images as soon as we receive them. The logs show t-mobile didn't send the image & delayed it until the 27th
twitpic,@Waterstraal http://twitpic.com/terms.do nudity/offensive images are against our tersm of service. That's why they were removed.
twitpic,@jimconn twitter was down yesterday and this is probably why your photo wasn't posted to your tweet stream.
twitpic,ceTwit adds twitpic support thanks to @vkoser. ceTwit is a windows mobile twitter client. Get it at http://www.kosertech.com/blog/?p=68
twitpic,@vaudesir what kind of issue are you having with twitpic? Let me know how I can help.
twitpic,Twitpic should be functioning normal now that twitter is back up. When twitter goes down it affects some of our features.
twitpic,We are going to test out google adsense this week. This is not a permanent decision yet.
twitpic,"Love the responses so far. Most popular suggestions: ads, pro account option, or get bought"
twitpic,USER POLL: What revenue model do you think would best fit twitpic? (note: we are self funded)
twitpic,@nirmalpatel auto rotate is coming. We got side tracked by some scaling issues.
twitpic,Thank you for being patient while we work to scale twitpic to handle its very fast growth
twitpic,Some pictures aren't being posted to twitter. The hardware upgrades we made friday have already been maxed out. We are server shopping...
twitpic,@CoachDeb we are having an issue with twitter's API. we are working to fix it now. sorry for the issues.
twitpic,@CntrySigns doh! you just got cool points. Thank you for helping my ignorance =)
twitpic,Does anyone have access to this wiki: http://twitter.pbwiki.com/Apps We would like to add Twitpic to the list. Contact me for twitpic info.
twitpic,Twitpic will be going down for server upgrades tonight at approximately 7pm CST. We should only be down for 30 minutes or so.
twitpic,Fixed another issue where certain foreign characters were being displayed as '?' marks on the site itself. It has been a productive day.
twitpic,"Fixed broken (gibberish) subjects on certain images posted by phone/email. Some exceptions still don't work, but support is much better now"
twitpic,@truhe thanks for the heads up. we've been working on a fix for this.
twitpic,Twitpic is growing at a fantastic rate and we are experiencing growing pains. We are going to beef up our system to handle these better.
twitpic,We're back up! We are very sorry for this outage.
twitpic,On the phone with the data center...
twitpic,Having server issues. Working to fix it as soon as possible.
twitpic,@winson we are completely rewriting our image processing library and auto-rotate is one of the many new features being added to it.
twitpic,Added the description below the image on the photo page. I was late on adding this one =B.
twitpic,@eMarv sprint does not work with twitpic because it does not send the image as an attachment. A normal email client should work.
twitpic,"Fixed a bug with photos not being posted from the palm treo. The issue was specifically with VersaMail, but may fix others as well."
twitpic,To those inquiring about posting to flickr: This feature is coming in our next release sometime this month.
twitpic,We are growing very fast and we want to thank everyone who's been using twitpic and giving us great feedback. More great stuff coming.
twitpic,Apparently a picture on twitpic made front page on digg.com. I heard 2 claims that twitpic went down for a few moments. Can anyone confirm?
twitpic,"""Remember Me"" on login is now live."
twitpic,"@ZakMb a mobile version of twitpic is planned, including an iPhone optimized version."
twitpic,FIX: Some photos sent in by phone/email were being marked as SPAM and not being posted. This has been fixed. This affected only a few users.
twitpic,We've made posting by phone/email more stable to accommodate the high traffic. Shouldn't have anymore problems with photos not being posted.
twitpic,By popular demand you can now select the size of the photo displayed in the twitpic badge http://twitpic.com/badge.do
twitpic,Put a photo badge on your website or blog to display your latest photos http://twitpic.com/badge.do
twitpic,"Have a comment, suggestion, or problem? Use our Get Satisfaction profile at: http://getsatisfaction.com/twitpic"
twitpic,A big thank you to everyone who uses twitpic and for all your excellent feedback. Twitpic would not succeed without you. Thank you.
twitpic,Mobile posting has been fixed. So many pictures are being sent by phone that it clogged up our system. It has been fixed. We are sorry.
twitpic,Having issues with pictures sent by phone this morning. We are working to fix this.
twitpic,TwitPic makes http://mashable.com front page again: http://tinyurl.com/6gvfgc
twitpic,The all new http://twitpic.com is now live. Enjoy.
twitpic,We will be going down for a few moments while we roll out the new twitpic. Hang tight!
twitpic,"MobileTwitter, a native iPhone twitter client, now supports TwitPic. Check it out: http://apps.npike.net/MobileTwitter/"
twitpic,TwitPic Version 2 will be released tomorrow. Sneak peak: http://twitpic.com/6ak
twitpic,"TwitPic.com 40 day stats: traffic increased 10x, 500% user growth and 12x more images posted daily."
twitpic,"Congratulations to Marco, creator of the twhirl client on being acquired. Full story @ http://tinyurl.com/2wl9zd"
twitpic,"Video of my commute from work to home: http://vimeo.com/469839 - Yeah so its off topic from Twitpic, but tell me you love me anyways."
twitpic,http://twitpic.com/6ak &lt;- Screenshot of the new version of TwitPic
twitpic,@MunkyMunch that is a possibility for future versions. We have thought about it.
twitpic,"@bthockey redesigned interface, tagging, geolocation, privacy settings, rss feeds to just name a few"
twitpic,@jamrock the wait is painful I know. Timeline: sometime in April =)
twitpic,New version of TwitPic coming very soon
twitpic,Ok ok...the joke is up. April fools on being acquired by Twitter.
twitpic,Its been exciting month everyone and I just wanted to let everyone know we've been acquired by Twitter! More details to come.
twitpic,@npike Thats awesome. Looks good. Thanks for the heads up.
twitpic,@obeoman lol in a perfect world =)
twitpic,"If you would like to support the development of TwitPic, consider donating. Go to http://twitpic.com and scroll to the bottom."
twitpic,@jamrock you sure can. This ability is coming in the next version of twitpic which should be out sometime in April.
twitpic,@NiksNeues multi-language support coming soon
twitpic,"@escribitionist it was not added to the public timeline, only to user profiles. Example: http://twitpic.com/photos/noaheverett"
twitpic,@Manelus any language that is supported by UTF-8 will be available in the next version.
twitpic,@escribitionist This has been added. You can now view all your old photos.
twitpic,@moeffju we are working on a new version of twitpic that will work with multiple languages. thanks for the heads up.
twitpic,@oso96_2000 Images uploaded are limited to 4MB in size. There is no width/height restrictions.
twitpic,@Pangoo we are working on multi-language support in our next version.
twitpic,@Phlegon A new version of TwitPic is in the works that will allow you to delete photos.
twitpic,TwitPic is now integrated into Twhirl. You can post pics directly from twhirl. Get the latest version at: http://twhirl.org
twitpic,We just released our API: http://twitpic.com/api.do
twitpic,TwitPic has a blog now located at http://nusoni.com/blog/ Subscribe to get the latest news & updates about TwitPic and our other projects.
twitpic,BUG FIX: Some pictures being posted in by phone weren't being added to TwitPic/Twitter. This has been fixed. I apologize for the issue!
twitpic,Mobile uploads to TwitPic are taking off! Great job everyone.
twitpic,Posting pictures to TwitPic from your phone has been a great success so far! Thanks to everyone who uses TwitPic.
twitpic,We have a public timeline now http://twitpic.com/public_timeline/
twitpic,You can now post pictures to Twitter from TwitPic with your phone. Login to http://twitpic.com and click on Settings up top to get started.
twitpic,We've been dugg. Help digg us up! http://tinyurl.com/2tcnct
twitpic,"Features coming soon:
- Upload photos from your phone and from email
- Give your photo a title
- Photo tagging"
twitpic,TwitPic featured on Mashable.com and DownloadSquad.com!
twitpic,hello world!
