twtfm,@EndlessHack would love to talk to you about your Twitter account: hi@leemartin.com
twtfm,Ever wondered what it would look like to see a live video through the bootleggers eyes (iPhone)? http://t.co/Jia2RUJ4 via @SmashingPumpkin
twtfm,A job board for the business we hate to love: Music. http://t.co/9DXWdjGX via @sexdrugsandjobs
twtfm,"RT @leemartin: I'm sending out my next personal newsletter in 30 minutes. If you want to know what's next for @TWTFM, GTFI http://t.co/G ..."
twtfm,Here's what we're jamming to right now http://t.co/O75LUiTC How about you?
twtfm,Let's congratulate the @FooFighters for hitting 8 MILLION @Facebook likes by RT'ing http://t.co/woGNt27O
twtfm,"If you could DJ @Twitter, what would you play? Stay tuned http://t.co/Ab1eXoVn"
twtfm,@richardNias nice!!
twtfm,"RT @richardNias: @jason_law @TWTFM ""TWT.FM. We take it to 140."""
twtfm,"RT @jason_law: @TWTFM ""TWT.FM. We Take It To 11."""
twtfm,@jason_law haha yes! To 11!
twtfm,@FerIsella word.
twtfm,@EVanHalen that's the GOOD STUFF for sure.
twtfm,@DjPecaOne very chill. Thanks for sharing.
twtfm,"RT @SYBUK: @twtfm ""where music comes to tweet"""
twtfm,"@SYBUK good one! How about ""where the tweets hit the fan"""
twtfm,"What's a good slogan for a radio station based on Twitter? So far we have: ""TWT.FM, Our Tweets Rock."""
twtfm,"@DjPecaOne well, if you had to pick one song to play at midnight, what would it be?"
twtfm,"So... @_heythereamanda can't take her eyes off the t-shirt and tie combination  http://t.co/XGLieFxs We'll see you later, innovator!"
twtfm,@_heythereamanda Nice. Which song?
twtfm,"It's 2:46 PM in California, what are you listening to?"
twtfm,Time to wake up!  http://t.co/Xl1pKFgi
twtfm,"""Freedom At 21"" by Jack White  http://t.co/YBoJ3oIP"
twtfm,"@FajarSiddiqq nope, we're not shutting down. We're just getting started. Sign-up http://t.co/Ab1eXoVn :)"
twtfm,@FajarSiddiqq Excellent!
twtfm,@Keaneofficial can you please hook @CAKI2206 up with some tickets to see you live?
twtfm,@vqryadha Tweet me maybe?
twtfm,Thanks guys! Here's what @FajarSiddiqq is listening to: Faith Evans - Gone Already  http://t.co/YaDEszig
twtfm,@CAKI2206 pretty chill. You a big Keane fan?
twtfm,"@shanetobin damn good music buddy, you should DJ the @TWTFM account ;-)"
twtfm,@maiadiez #thumbsup!
twtfm,"@maiadiez Nice, but can you do this...? http://t.co/CRM2rpOI"
twtfm,@EmmaJane95 Hip!
twtfm,@BanksCathedrals this one? http://t.co/y7RN5OFa Nice! Double nice for the St. Louis Cathedral avatar.
twtfm,What are you listening to right now?
twtfm,"BTW, What do you guys think of this morning jam? http://t.co/C2M3BpXC Lame? Suggest your own and we might play it."
twtfm,"Thanks for all the killer suggestions for ""Late Night"" music last night.  Stay tuned for TWT.FM II at http://t.co/yiZPc588"
twtfm,"What song represents ""late night"" for you?"
twtfm,What song gets you in the mood to get shit done?
twtfm,RT @leemartin: Here's a bit of history on @TWTFM and Sharing Music on Twitter http://t.co/WcFg1Ig9 #2009
twtfm,What song do you like waking up to?
twtfm,RT @leemartin: Establishing a new layout and concept for @TWTFM http://t.co/5AEQDrN2 Pivot all the things. http://t.co/lDiTHiN2
twtfm,RT @leemartin: TWT.FM on @dribbble: http://t.co/U265KWYH
twtfm,What song would you play to wake people up in the morning? http://t.co/Ab1eXoVn
twtfm,"If you had the chance to play a song for 1,500,000 listeners, what would you play? Stay Tuned. http://t.co/Ab1eXoVn"
twtfm,Stay Tuned. http://t.co/Ab1eXoVn
twtfm,twt.fm has shut down. read http://t.co/z1rrtyoe for a bit of history and an alternative. thanks for being a user!
