chavezcadanga,sigamos
chavezcadanga,fortaleciendo
chavezcadanga,la
chavezcadanga,unidad
chavezcadanga,d
chavezcadanga,todos
chavezcadanga,los
chavezcadanga,patriotas
chavezcadanga,en
chavezcadanga,cada
chavezcadanga,regin
chavezcadanga,en
chavezcadanga,cada
chavezcadanga,estado
chavezcadanga,slo
chavezcadanga,as
chavezcadanga,seguiremos
chavezcadanga,invictos
chavezcadanga,el
chavezcadanga,16
chavezcadanga,de
chavezcadanga,diciembre
chavezcadanga,en
chavezcadanga,verdad
chavezcadanga,que
chavezcadanga,la
chavezcadanga,revolucin
chavezcadanga,lo
chavezcadanga,que
chavezcadanga,ha
chavezcadanga,lanzado
chavezcadanga,al
chavezcadanga,campo
chavezcadanga,de
chavezcadanga,batalla
chavezcadanga,electoral
chavezcadanga,por
chavezcadanga,las
chavezcadanga,gobernaciones
chavezcadanga,es
chavezcadanga,un
chavezcadanga,tremendo
chavezcadanga,trabuco
chavezcadanga,venceremos
chavezcadanga,arranc
chavezcadanga,la
chavezcadanga,campaa
chavezcadanga,electoral
chavezcadanga,para
chavezcadanga,las
chavezcadanga,gobernaciones
chavezcadanga,a
chavezcadanga,la
chavezcadanga,ofensiva
chavezcadanga,popular
chavezcadanga,y
chavezcadanga,a
chavezcadanga,una
chavezcadanga,nueva
chavezcadanga,victoria
chavezcadanga,revolucionaria
chavezcadanga,qu
chavezcadanga,buena
chavezcadanga,iniciativa
chavezcadanga,el
chavezcadanga,foro
chavezcadanga,comunicacin
chavezcadanga,y
chavezcadanga,revolucin
chavezcadanga,saludo
chavezcadanga,a
chavezcadanga,todos
chavezcadanga,los
chavezcadanga,participantes
chavezcadanga,bravo
chavezcadanga,espero
chavezcadanga,las
chavezcadanga,conclusiones
chavezcadanga,y
chavezcadanga,recomendaciones
chavezcadanga,esto
chavezcadanga,si
chavezcadanga,es
chavezcadanga,un
chavezcadanga,ejemplo
chavezcadanga,de
chavezcadanga,eficiencia
chavezcadanga,y
chavezcadanga,de
chavezcadanga,mstica
chavezcadanga,obrera
chavezcadanga,all
chavezcadanga,en
chavezcadanga,nuestra
chavezcadanga,nueva
chavezcadanga,fbrica
chavezcadanga,de
chavezcadanga,bloques
chavezcadanga,y
chavezcadanga,materiales
chavezcadanga,de
chavezcadanga,construccin
chavezcadanga,bravo
chavezcadanga,tremendo
chavezcadanga,programa
chavezcadanga,el
chavezcadanga,que
chavezcadanga,est
chavezcadanga,transmitiendo
chavezcadanga,vtv
chavezcadanga,fbricas
chavezcadanga,para
chavezcadanga,el
chavezcadanga,socialismo
chavezcadanga,bravo
chavezcadanga,vanessa
chavezcadanga,bravo
chavezcadanga,por
chavezcadanga,sus
chavezcadanga,trabajadores
chavezcadanga,y
chavezcadanga,trabajadoras
chavezcadanga,venezuela
chavezcadanga,tiene
chavezcadanga,un
chavezcadanga,nuevo
chavezcadanga,campen
chavezcadanga,mundial
chavezcadanga,ahora
chavezcadanga,en
chavezcadanga,easykart
chavezcadanga,mauricio
chavezcadanga,baiz
chavezcadanga,de
chavezcadanga,apenas
chavezcadanga,13
chavezcadanga,aos
chavezcadanga,bravo
chavezcadanga,mauricio
chavezcadanga,viva
chavezcadanga,venezuela
chavezcadanga,dios
chavezcadanga,les
chavezcadanga,de
chavezcadanga,fuerza
chavezcadanga,a
chavezcadanga,toda
chavezcadanga,la
chavezcadanga,gente
chavezcadanga,afectada
chavezcadanga,por
chavezcadanga,estas
chavezcadanga,lluvias
chavezcadanga,fuerza
chavezcadanga,camaradas
chavezcadanga,y
chavezcadanga,para
chavezcadanga,el
chavezcadanga,ministerio
chavezcadanga,del
chavezcadanga,ambiente
chavezcadanga,al
chavezcadanga,compatriota
chavezcadanga,cristbal
chavezcadanga,francisco
chavezcadanga,eficiencia
chavezcadanga,o
chavezcadanga,nada
chavezcadanga,continuamos
chavezcadanga,este
chavezcadanga,medioda
chavezcadanga,lluvioso
chavezcadanga,para
chavezcadanga,pueblos
chavezcadanga,indgenas
chavezcadanga,designo
chavezcadanga,ministra
chavezcadanga,a
chavezcadanga,la
chavezcadanga,compatriota
chavezcadanga,aloha
chavezcadanga,nezpatria
chavezcadanga,para
chavezcadanga,los
chavezcadanga,indioseficiencia
chavezcadanga,para
chavezcadanga,el
chavezcadanga,ministerio
chavezcadanga,de
chavezcadanga,agricultura
chavezcadanga,y
chavezcadanga,tierras
chavezcadanga,vuelva
chavezcadanga,juan
chavezcadanga,carlos
chavezcadanga,loyo
chavezcadanga,eficiencia
chavezcadanga,o
chavezcadanga,nada
chavezcadanga,contino
chavezcadanga,para
chavezcadanga,el
chavezcadanga,despacho
chavezcadanga,de
chavezcadanga,la
chavezcadanga,presidencia
chavezcadanga,y
chavezcadanga,seguimiento
chavezcadanga,de
chavezcadanga,la
chavezcadanga,gestin
chavezcadanga,del
chavezcadanga,gobierno
chavezcadanga,viene
chavezcadanga,la
chavezcadanga,almirante
chavezcadanga,carmen
chavezcadanga,melndez
chavezcadanga,eficiencia
chavezcadanga,sigo
chavezcadanga,informando
chavezcadanga,he
chavezcadanga,designado
chavezcadanga,nuevo
chavezcadanga,ministro
chavezcadanga,de
chavezcadanga,comunicacin
chavezcadanga,e
chavezcadanga,informacin
chavezcadanga,al
chavezcadanga,periodista
chavezcadanga,ernesto
chavezcadanga,villegas
chavezcadanga,eficiencia
chavezcadanga,buen
chavezcadanga,da
chavezcadanga,mundo
chavezcadanga,bueno
chavezcadanga,informo
chavezcadanga,he
chavezcadanga,designado
chavezcadanga,nuevo
chavezcadanga,ministro
chavezcadanga,de
chavezcadanga,relaciones
chavezcadanga,interiores
chavezcadanga,y
chavezcadanga,justiciaal
chavezcadanga,general
chavezcadanga,nstor
chavezcadanga,reverol
chavezcadanga,eficiencia
chavezcadanga,bueno
chavezcadanga,ah
chavezcadanga,estn
chavezcadanga,mis
chavezcadanga,candidatos
chavezcadanga,y
chavezcadanga,candidatas
chavezcadanga,a
chavezcadanga,las
chavezcadanga,gobernaciones
chavezcadanga,los
chavezcadanga,candidatos
chavezcadanga,del
chavezcadanga,pueblo
chavezcadanga,vaya
chavezcadanga,qu
chavezcadanga,tremendo
chavezcadanga,trabucotodos
chavezcadanga,y
chavezcadanga,todas
chavezcadanga,unidos
chavezcadanga,no
chavezcadanga,me
chavezcadanga,cansar
chavezcadanga,de
chavezcadanga,felicitar
chavezcadanga,a
chavezcadanga,todos
chavezcadanga,y
chavezcadanga,todas
chavezcadanga,quienes
chavezcadanga,hicieron
chavezcadanga,posible
chavezcadanga,esta
chavezcadanga,gran
chavezcadanga,victoria
chavezcadanga,patrulleras
chavezcadanga,y
chavezcadanga,patrulleros
chavezcadanga,comandos
chavezcadanga,y
chavezcadanga,movimientos
chavezcadanga,hace
chavezcadanga,rato
chavezcadanga,convers
chavezcadanga,con
chavezcadanga,nuestra
chavezcadanga,compaera
chavezcadanga,presidenta
chavezcadanga,dilma
chavezcadanga,y
chavezcadanga,con
chavezcadanga,los
chavezcadanga,compaeros
chavezcadanga,presidentes
chavezcadanga,putin
chavezcadanga,luckashenko
chavezcadanga,evo
chavezcadanga,y
chavezcadanga,rafael
chavezcadanga,correa
chavezcadanga,ahora
chavezcadanga,mismo
chavezcadanga,voy
chavezcadanga,a
chavezcadanga,hablar
chavezcadanga,con
chavezcadanga,nuestro
chavezcadanga,hermano
chavezcadanga,lula
chavezcadanga,gracias
chavezcadanga,a
chavezcadanga,todos
chavezcadanga,los
chavezcadanga,amigos
chavezcadanga,y
chavezcadanga,amigas
chavezcadanga,del
chavezcadanga,mundo
chavezcadanga,por
chavezcadanga,sus
chavezcadanga,palabras
chavezcadanga,y
chavezcadanga,sus
chavezcadanga,sentimientos
chavezcadanga,de
chavezcadanga,amor
chavezcadanga,hacia
chavezcadanga,venezuela
chavezcadanga,gracias
chavezcadanga,cranmelohe
chavezcadanga,sostenido
chavezcadanga,una
chavezcadanga,amena
chavezcadanga,conversacin
chavezcadanga,telefnica
chavezcadanga,con
chavezcadanga,henrique
chavezcadanga,caprilesinvito
chavezcadanga,a
chavezcadanga,la
chavezcadanga,unidad
chavezcadanga,nacional
chavezcadanga,respetando
chavezcadanga,nuestras
chavezcadanga,diferencias
chavezcadanga,viva
chavezcadanga,bolvar
chavezcadanga,tareckpsuv
chavezcadanga,grande
chavezcadanga,venezuela
chavezcadanga,gigante
chavezcadanga,chvez
chavezcadanga,dios
chavezcadanga,mio
chavezcadanga,
chavezcadanga,gracias
chavezcadanga,a
chavezcadanga,todo
chavezcadanga,el
chavezcadanga,mundo
chavezcadanga,vivamos
chavezcadanga,una
chavezcadanga,patria
chavezcadanga,nueva
chavezcadanga,tengo
chavezcadanga,un
chavezcadanga,nudo
chavezcadanga,en
chavezcadanga,la
chavezcadanga,garganta
chavezcadanga,
chavezcadanga,no
chavezcadanga,puedo
chavezcadanga,con
chavezcadanga,tanta
chavezcadanga,emocin
chavezcadanga,
chavezcadanga,gracias
chavezcadanga,a
chavezcadanga,todo
chavezcadanga,mi
chavezcadanga,pueblo
chavezcadanga,venezolano
chavezcadanga,
chavezcadanga,que
chavezcadanga,orgulloso
chavezcadanga,me
chavezcadanga,siento
chavezcadanga,viva
chavezcadanga,la
chavezcadanga,revolucin
chavezcadanga,que
chavezcadanga,feliz
chavezcadanga,me
chavezcadanga,siento
chavezcadanga,gracias
chavezcadanga,a
chavezcadanga,todo
chavezcadanga,el
chavezcadanga,pueblo
chavezcadanga,venezolano
chavezcadanga,
chavezcadanga,bienvenidos
chavezcadanga,a
chavezcadanga,una
chavezcadanga,nueva
chavezcadanga,democracia
chavezcadanga,
chavezcadanga,ojal
chavezcadanga,y
chavezcadanga,los
chavezcadanga,resultados
chavezcadanga,sean
chavezcadanga,lo
chavezcadanga,mejor
chavezcadanga,para
chavezcadanga,todos
chavezcadanga,para
chavezcadanga,la
chavezcadanga,patria
chavezcadanga,
chavezcadanga,viva
chavezcadanga,el
chavezcadanga,socialismo
chavezcadanga,fcil
chavezcadanga,rpido
chavezcadanga,y
chavezcadanga,seguro
chavezcadanga,el
chavezcadanga,proceso
chavezcadanga,de
chavezcadanga,votacin
chavezcadanga,
chavezcadanga,no
chavezcadanga,se
chavezcadanga,queden
chavezcadanga,sin
chavezcadanga,votar
chavezcadanga,gracias
chavezcadanga,hermanos
chavezcadanga,del
chavezcadanga,mundo
chavezcadanga,durante
chavezcadanga,ms
chavezcadanga,de
chavezcadanga,8
chavezcadanga,horas
chavezcadanga,me
chavezcadanga,han
chavezcadanga,cubierto
chavezcadanga,con
chavezcadanga,su
chavezcadanga,amor
chavezcadanga,el
chavezcadanga,compromiso
chavezcadanga,con
chavezcadanga,uds
chavezcadanga,y
chavezcadanga,mi
chavezcadanga,heroico
chavezcadanga,pueblo
chavezcadanga,se
chavezcadanga,agiganta
chavezcadanga,viviendas
chavezcadanga,dignas
chavezcadanga,para
chavezcadanga,nuestro
chavezcadanga,pueblo
chavezcadanga,cun
chavezcadanga,felz
chavezcadanga,me
chavezcadanga,siento
chavezcadanga,compaeros
chavezcadanga,compaeras
chavezcadanga,del
chavezcadanga,mundo
chavezcadanga,tengan
chavezcadanga,la
chavezcadanga,seguridad
chavezcadanga,que
chavezcadanga,el
chavezcadanga,pueblo
chavezcadanga,de
chavezcadanga,bolvar
chavezcadanga,seguir
chavezcadanga,labrando
chavezcadanga,otro
chavezcadanga,mundo
chavezcadanga,posible
chavezcadanga,es
chavezcadanga,decir
chavezcadanga,socialista
chavezcadanga,buenos
chavezcadanga,das
chavezcadanga,camaradas
chavezcadanga,
chavezcadanga,faltan
chavezcadanga,2
chavezcadanga,das
chavezcadanga,para
chavezcadanga,el
chavezcadanga,triunfo
chavezcadanga,perfecto
chavezcadanga,viviremos
chavezcadanga,y
chavezcadanga,venceremos
chavezcadanga,sintoniza
chavezcadanga,venevision
chavezcadanga,vtv
chavezcadanga,mi
chavezcadanga,entrevista
chavezcadanga,especial
chavezcadanga,
chavezcadanga,caracas
chavezcadanga,alabolvarconchvez
chavezcadanga,gracias
chavezcadanga,mi
chavezcadanga,gente
chavezcadanga,
chavezcadanga,llenamos
chavezcadanga,7
chavezcadanga,avenidas
chavezcadanga,con
chavezcadanga,chavez
chavezcadanga,
chavezcadanga,carabobo
chavezcadanga,de
chavezcadanga,la
chavezcadanga,independencia
chavezcadanga,carabobo
chavezcadanga,de
chavezcadanga,la
chavezcadanga,batalla
chavezcadanga,perfecta
chavezcadanga,
chavezcadanga,las
chavezcadanga,calles
chavezcadanga,de
chavezcadanga,valencia
chavezcadanga,sern
chavezcadanga,ros
chavezcadanga,de
chavezcadanga,pueblo
chavezcadanga,y
chavezcadanga,amor
chavezcadanga,patrio
chavezcadanga,venceremos
chavezcadanga,acompaenme
chavezcadanga,camaradas
chavezcadanga,en
chavezcadanga,aragua
chavezcadanga,y
chavezcadanga,carabobo
chavezcadanga,corazn
chavezcadanga,de
chavezcadanga,mi
chavezcadanga,patria
chavezcadanga,gracias
chavezcadanga,a
chavezcadanga,mi
chavezcadanga,gente
chavezcadanga,de
chavezcadanga,yaracuy
chavezcadanga,y
chavezcadanga,cojedes
chavezcadanga,corazon
chavezcadanga,de
chavezcadanga,mi
chavezcadanga,patria
chavezcadanga,todos
chavezcadanga,a
chavezcadanga,votar
chavezcadanga,el
chavezcadanga,7
chavezcadanga,de
chavezcadanga,octubre
chavezcadanga,mi
chavezcadanga,pueblo
chavezcadanga,de
chavezcadanga,lara
chavezcadanga,camaradas
chavezcadanga,todo
chavezcadanga,lo
chavezcadanga,mejor
chavezcadanga,el
chavezcadanga,7
chavezcadanga,de
chavezcadanga,octubre
chavezcadanga,vamos
chavezcadanga,a
chavezcadanga,tener
chavezcadanga,la
chavezcadanga,victoria
chavezcadanga,perfecta
chavezcadanga,
chavezcadanga,este
chavezcadanga,7o
chavezcadanga,a
chavezcadanga,votar
chavezcadanga,por
chavezcadanga,el
chavezcadanga,socialismo
