guaje7villa,RT @Huecco: Felicidades a uno de los mejores delanteros del mundo: @Guaje7Villa Mximo goleador en la Historia de la Seleccin q ayer ma ...
guaje7villa,"Thanks to @RSG_oficial, @RZ_oficial, @valenciacf, @FCBarcelona_es and the Spanish National Team! And thanks to everyone for your support!"
guaje7villa,"Very happy for scoring over 300 goals! It would not have been possible without the help of the teammates, the fans and the clubs I've been.."
guaje7villa,"Gracias al @RSG_Oficial, @RZ_oficial, @valenciacf, @FCBarcelona_es y a la Seleccin Espaola! Y gracias a tod@s por todo vuestro cario!"
guaje7villa,"Muy feliz por superar los 300 goles! No habra sido posible sin la ayuda de los compaeros, la aficin y los clubes en los que he estado..."
guaje7villa,3 de cada 10 nios en Espaa viven por debajo del umbral de la pobreza.Apoya a @SavetheChildren a cambiar esta realidad http://t.co/UFfxTu6m
guaje7villa,With @andresiniesta8 in the Sports City. Ready to make some recovery in day off http://t.co/Kd3fO8iZ
guaje7villa,Con @andresiniesta8 en la Ciudad Deportiva. Listos para hacer un poco de recuperacin en el da libre http://t.co/81Xo5Q8Q
guaje7villa,"En el Canal de Panam con @R9Soldado, @juanmata10 y @Juanfrantorres http://t.co/LazHsos1"
guaje7villa,Ya en Panam y con ganas de estrenar maana la nueva camiseta de @adidas_es. No hay mayor rival que tus propios xitos http://t.co/VzMwiSNY
guaje7villa,"'Asturias Power' in Barajas with @juanmata10 and Cazorla, ready to travel with the National Team to Panama! http://t.co/Px71gFyA"
guaje7villa,"'Asturias Power' en Barajas con @juanmata10 y Cazorla, a punto de viajar con la Seleccin a Panam! http://t.co/F49sfABm"
guaje7villa,Compartir momentos especiales con mis fans es algo nico para m. Pincha aqu y podrs conocerme: http://t.co/5WsVLwuw http://t.co/nCowjSgs
guaje7villa,Ya en la merienda preparado para esta noche!!! Having a snack ready for tonight #championsleague http://t.co/MmwRbYqC
guaje7villa,RT @VOSMarketing: @Guaje7Villa marc anoche un golazo contra el Alavs en Copa del Rey y ya lleva 5 goles en lo que va de temporada http ...
guaje7villa,"RT @13_Pinto: Con @Guaje7Villa , @Mascherano y Busquets en el avin justo a la llegada a Vitoria.
#CopaDelRey http://t.co/BcGDvTJi"
guaje7villa,Road to the airport with @cesc4official to travel to Vitoria. Starts the Cup! http://t.co/Wa8vir7m
guaje7villa,De camino al aeropuerto con @cesc4official para viajar a Vitoria. Arranca la Copa! http://t.co/zzaY8ElH
guaje7villa,Mis compaeros de la Asociacin de Futbolistas Espaoles ya estn en Twitter: @afefutbol. Bienvenidos!
guaje7villa,Hi! I want to share with all of you my best photos with an autograph with a personal message in http://t.co/4PuJvtff http://t.co/iSEanosL
guaje7villa,Hola a tod@s! Quiero compartir con vosotr@s mis mejores fotos dedicadas en http://t.co/HKw6Cjoj. Espero que os gusten! http://t.co/tzKC896v
guaje7villa,@fontas24 Te mereces todo lo bueno que te pase hermano!!! Estoy seguro de que te ir muy bien en el Mallorca! Enhorabuena!
guaje7villa,"Gracias a @Juanfrantorres @_Pedro17_, Jordi Alba, Pepe Reina y responsables de la RFEF que me han acompaado en el acto http://t.co/wmatA513"
guaje7villa,Un honor apadrinar @RelatsSolidaris para recaudar fondos para construir un Espacio Joven en el Hospital Sant Joan deDu http://t.co/YcPvC4yG
guaje7villa,"RT @1victorvaldes: Aqu estoy con mi amigo Villa. Preparados para el ltimo entreno de cara al ""clsico"" de maana. Un abrazo! http://t. ..."
guaje7villa,Do you want my t-shirt signed or to meet me? And win other prizes? With @Logitech_ES is possible.Here they explain how: http://t.co/CarKPmQL
guaje7villa,Queris mi camiseta firmada o poder conocerme? Y optar a otros premios? Con @Logitech_ES es posible.Aqu explican cmo: http://t.co/CarKPmQL
guaje7villa,Yo tambin colaboro con @eterno_preciado porque quiero que Preciado sea eterno: http://t.co/JXt5WY2B. http://t.co/hxvZLEGj #EternoPreciado
guaje7villa,RT @eterno_preciado: @Guaje7Villa RT porfa Manolo Preciado tendr una estatua en Gijon.Organiza #PortalSportinguista y se har con aport ...
guaje7villa,Un fuerte abrazo para @Carles5puyol. Eres fuerte y un ejemplo para todos. Pronto estars de vuelta! #animoPuyi
guaje7villa,"Descansando en la habitacin antes del partidazo de esta noche! Vamos!
Having a rest in the room before tonight's match http://t.co/JVlDU8m8"
guaje7villa,"@chemitamartinez Las tres carreras son el 7 y 21 de octubre y el 18 de noviembre. No podr ir, si te animas disfrutars de mi tierra! Abrazo"
guaje7villa,"@chemitamartinez En Asturias arranca el 'Circuito Seronda', tres carreras de montaa por unos parajes impresionantes! http://t.co/HTzxlEkt"
guaje7villa,RT @FCBarcelona_es: VDEO - Has visto a los jugadores del Bara hablando en chino? http://t.co/740IBNfS @3gerardpique @cesc4official @G ...
guaje7villa,Os presento una nueva app de ftbol con la que podris seguir todos mis partidos: #MahouFutbolApp http://t.co/zXJiAuGF
guaje7villa,"De comida con el equipo. Os dejo una foto con @Carles5puyol y @fontas24
Having lunch with the team. Here you have a pic http://t.co/GevyXawb"
guaje7villa,"Como Amigo de @unicef_es, animo a participar en el @champions_AFR para reducir la mortalidad infantil #cadenachampions http://t.co/OcicwSeK"
guaje7villa,"Happy for the yesterday's win and for helping with a goal. After today's training, free afternoon of football. A hug http://t.co/S2o8foXZ"
guaje7villa,"Feliz por el triunfo de ayer y por haber ayudado con un gol. Tras el entreno de hoy, toca tarde libre de ftbol. Abrazo http://t.co/fWUYT6no"
guaje7villa,"RT @fontas24: Victoria muy trabajada del equipo, gran partido! Muy feliz por la vuelta de @Thi_Alcantara91 y por otro gol de @Guaje7Villa!"
guaje7villa,RT @mahou_es: Hace 9 aos del primer gol en Primera Divisin de @Guaje7Villa. Felicidades! Y que sean muchos ms! http://t.co/mXCf06pn
guaje7villa,RT @FCBarcelona_es: El jugador @Guaje7Villa declara volver a vivir una poca de normalidad #FCBlive http://t.co/0vPAbieI
guaje7villa,"RT @13_Pinto: Aqu teneis el VIDEOCLIP de @Delahojaoficial (Sol Playa Jarana Remix) el HIT de todos los tiempos!
Disfrutenlo!!! 
http:// ..."
guaje7villa,@DavidSummersHG Gracias fenmeno!!! Un abrazo
guaje7villa,"@jesuscalleja Muchas gracias, grande!!! Un abrazo"
guaje7villa,Felicidades a tod@s los asturianos por nuestro da grande! Puxa Asturies!!! http://t.co/GFMwnFX1
guaje7villa,Yesterday was a happy day for my return with the Spanish National Team! Thank you everyone for your messages!!! http://t.co/bwtKN5Ze
guaje7villa,Ayer fue un da muy feliz por el regreso con la Seleccin! Gracias a tod@s por vuestros mensajes! http://t.co/om7blFjo
guaje7villa,Two million of thanks to all of you!!! This great family in twitter is still growing!!! A hug http://t.co/2sFnHduP
guaje7villa,Dos millones de gracias a tod@s!!! Esta gran familia en twitter no para de crecer!!! Un abrazo http://t.co/luqVMf9z
guaje7villa,"In Pontevedra and with amazing views from the hotel. Today, last training before tomorrow's friendly against Arabia! http://t.co/G4EULNrX"
guaje7villa,"Ya en Pontevedra y con unas vistas increbles desde el hotel. Esta tarde, ltima sesin antes del amistoso ante Arabia! http://t.co/HsYT3K3U"
guaje7villa,"Enhorabuena a Iker y Xavi, dos ejemplos para todos! Se merecen este Prncipe de Asturias! Congrats to Iker and Xavi! http://t.co/YwEfHDKz"
guaje7villa,"With my brother in the Spanish National Team, with the platinum medal that today has given us the newspaper 'Marca' http://t.co/FssoSDEX"
guaje7villa,"Con mi hermano en la Seleccin, con la medalla de platino que nos ha entregado hoy el Diario Marca http://t.co/0hTPzgPq"
guaje7villa,"In Las Rozas with the Spanish National Team! I really missed it, but now I'm here enjoying with this team again! http://t.co/yATBgCIG"
guaje7villa,"En Las Rozas con la Seleccin! He echado muchsimo de menos vivir esto, pero ya estoy aqu disfrutando con este equipo! http://t.co/mNAMhzoV"
guaje7villa,I'm very happy to being back with the Spanish National Team! I'm excited of being with my teammates again and enjoying with this Team!
guaje7villa,Muy feliz por volver a la Seleccin! Me hace mucha ilusin estar de nuevo con mis compaeros y disfrutar con esta Seleccin nica!
guaje7villa,"Congrats to @andresiniesta8, elected as UEFA Best Player in Europa. You deserve it! A hug for you and for Leo Messi, also a finalist!"
guaje7villa,"Enhorabuena a @andresiniesta8, elegido por la UEFA Mejor Jugador de Europa! Te lo mereces! Un abrazo a ti y a Leo Messi, tambin finalista!"
guaje7villa,RT @VOSMarketing: Un fuerte abrazo a nuestro amigo @JMMovilla. Es raro que alguien que jug los 38 partidos de Liga de la temporada pasa ...
guaje7villa,RT @Ruby4uds: @Guaje7Villa un RT por @carlosaguilar_8 futbolista de 16 aos q tiene q dejar el futbol por un tumor en la pierna#carlosag ...
guaje7villa,"RT @NachoCases: Enhorabuena @guaje7villa no por el gol,que esos vas a hacer muchos,sino por que estes ya totalmente recuperado,un abrazo ..."
guaje7villa,RT @_Pedro17_: Con el gran @Guaje7Villa. Preparandonos para la presentacin en el Camp Nou. Saludos a todos. http://t.co/vkkoCTK6
guaje7villa,"RT @adrian7oficial: Muchas felicidades a @Guaje7Villa por su vuelta y su gol, todos te echbamos de menos, un abrazo enorme crack."
guaje7villa,"RT @chemitamartinez: @Guaje7Villa Felicidades ""gran Guaje"" por tu reaparicin 8 duros meses esperando para ese momento! todo pasa...ahor ..."
guaje7villa,"RT @JMMovilla: Enhorabuena !! a David Villa, el trabajo, el sacrificio de todo este tiempo tiene su recompensa. http://t.co/70TV3V3Z"
guaje7villa,"RT @blin131313: Despus d tanto sacrificio y trabajo,lleg el primero d muchos das felices,orgulloso d t amigo.@Guaje7Villa"
guaje7villa,RT @phernandez19: @Guaje7Villa Te lo mereces guaje!me alegro mucho crak!un abrazo
guaje7villa,"RT @danijuncadella: El Bara empieza el ao con una manita!!! Muy grandes, y sobretodo @Guaje7Villa!! Reaparicin con golazo incluido, v ..."
guaje7villa,"RT @carlitosurrutia: Cuando alguien como @Guaje7Villa recibe tal avalancha de felicitaciones es, simplemente, porque se lo merece. Me al ..."
guaje7villa,"RT @adidas_ES: @Guaje7Villa reaparece en La Liga por la puerta grande; marcando y doblete de Messi. villa is all in, messi is all in"
guaje7villa,RT @SergiRoberto10: Content pels 3 punts i pel gol de @Guaje7Villa !!! #forabara #ViscaelBara
guaje7villa,RT @mbilic9: @Guaje7Villa felicidades crack!!
guaje7villa,RT @JavierVilla_: El que es un grande es un grande!!!! Eres el mejor!!!!!! @Guaje7Villa http://t.co/abmBj12Y
guaje7villa,RT @valenciacf: El @valenciacf felicita al @Guaje7Villa por su vuelta a los terrenos de juego tras superar con xito su grave lesin. E ...
guaje7villa,"RT @3gerardpique: ""@shakira: Qu lindo ver a Guaje de vuelta! Shak"" Jajaja!! Fan num. 1!!"
guaje7villa,RT @jona2santos: Gran triunfo del equipo para comenzar la temporada y es una alegria volver a ver @Guaje7Villa de vuelta en la competici ...
guaje7villa,"RT @ctello91: Muy contento por la victoria, por el mister y por @Guaje7Villa! No podamos empezar mejor! Visca el bara! http://t.co/2de ..."
guaje7villa,RT @VOSMarketing: @Guaje7Villa reaparece con el @FCBarcelona_es con un gran gol y una dedicatoria especial a su mujer y a sus hijas http ...
guaje7villa,"RT @Diego11Capel: @Guaje7Villa me alegro mucho por tu vuelta y sobre todo tu gol maki!! El futbol necesitaba de gente como tu de nuevo,, ..."
guaje7villa,RT @CuencaIsaac: ...y una foto con @Guaje7Villa  http://t.co/zCSxysdN
guaje7villa,RT @Huecco: Felicidades en su debut tras 8 meses de dura rehabilitacin a mi buen amigo @Guaje7Villa que ade+ marc. El ftbol te necesi ...
guaje7villa,RT @alvarobenitopig: Que alegra para el ftbol que David Villa vuelva a la Liga.
guaje7villa,RT @bvalero20: Me alegra ver de nuevo en los campos a @Guaje7Villa grandsima noticia para el ftbol
guaje7villa,"RT @RamonCugat: Felicidades por el partido jugado: al Entrenador, a los Jugadores! Puyol y Villa os he visto en plena forma. RC"
guaje7villa,RT @_danielmartin_: Grande @Guaje7Villa !!! Gran persona y gran futbolista !
guaje7villa,RT @danimartinezweb: Ver a un gran tipo como @Guaje7Villa volver a jugar al ftlbol es una alegra. El Bara y la Seleccin necesita a u ...
guaje7villa,RT @juanmata10: Gol del @Guaje7Villa!! Enhorabuena te lo mereces picho! Me alegro muchsimo por ti... #Guajeisback #Guajegol
guaje7villa,RT @feliciano_lopez: Enhorabuena a @Guaje7Villa x su vuelta con golito incluido!!!Eres grande!!
guaje7villa,RT @elsaynaira: Despues de RT como una loca...solo me queda decir...@Guaje7Villa tu cara de felicidad refleja como se siente hoy mi cora ...
guaje7villa,RT @aidavs7: Dia redondo marca @matyas_27 y marca @Guaje7Villa mis futbolistas preferidos!!!!!!!! #tuilla #barca
guaje7villa,RT @Mascherano: Esta de vuelta!!!!//// He is back!!!!!! http://t.co/25IeLb6e
guaje7villa,RT @gerardeulofeu: Primeros 3 puntos de este Bara! Muy feliz por el regreso del Guaje @Guaje7Villa ! Es un crack! Un beso grande a todo ...
guaje7villa,RT @Thi_Alcantara91: Feliz por la victoria del equipo en el estreno liguero. Si soy sincero lo del Guaje no tiene palabras. Felicidades  ...
guaje7villa,RT @fontas24: Muy contento por los primeros 3 puntos de liga y por el gol de @Guaje7Villa. Ahora a descansar para el Gamper de maana!
guaje7villa,RT @MarcBartra91: Gran victoria en el 1 partido de liga! Contento por el retorno d @Guaje7Villa con gol incluido!Ahora a descansar para  ...
guaje7villa,"RT @13_Pinto: Ya lo anunciaba anteriormente!
@Guaje7Villa ya est como un caon!
Aqu os dejo una fotito con l!
#FelicidadesVilla http: ..."
guaje7villa,RT @Carles5puyol: Feliz x los 3 puntos y x el gol del Guaje!!! Bona nit http://t.co/2wbzyKAy
guaje7villa,RT @shakira: Qu lindo ver a Guaje de vuelta! Shak
guaje7villa,RT @paugasol: Muy contento de ver al @Guaje7Villa de vuelta en el terreno de juego despus de su lesin! Gran ovacin! Y golazo!! http:/ ...
guaje7villa,And thanks to the fans of @FCBarcelona_es for the great ovation that I received last night at the Camp Nou. It's something I'll never forget
guaje7villa,Y muchas gracias a la aficin del @FCBarcelona_es por la enorme ovacin con la que me recibi anoche en el Camp Nou. No la olvidar nunca!
guaje7villa,Thanks to everyone who have been with me in any way during this time! It would have been impossible without your support!
guaje7villa,Gracias a todos los que habis estado a mi lado de alguna manera durante todo este tiempo! Hubiera sido imposible sin vuestro apoyo y cario
guaje7villa,Yesterday was a very special day for me. The reward for all the effort of these months was to feel the love of everyone http://t.co/ZCT7KDdH
guaje7villa,Ayer fue un da muy especial para m. Entre tod@s me habis hecho sentir que estos meses de esfuerzo han valido la pena http://t.co/y0ZMmnPJ
guaje7villa,"Finalizado el entrenamiento con mi nuevo compaero de taquilla!!!
Finished training with my new mate of locker!!! http://t.co/ly9w86cm"
guaje7villa,"Feliz!!! Muy feliz!!! Gracias a tod@s!!!
Happy!!! Very happy!!! Thanks to all you!!! http://t.co/jEjKHspk"
guaje7villa,We are already in Romania! Here you have a photo of the Miguel Ruiz with the training of this morning in Gothenburg! http://t.co/ZCD0tswo
guaje7villa,Ya estamos en Rumana!!! Os dejo una foto del gran Miguel Ruiz del entrenamiento de esta maana en Gteborg!!! http://t.co/zmF3LZf2
guaje7villa,"RT @fontas24: Ya en Gteborg, que alegra volver a viajar con el equipo! Os dejo foto con @Guaje7Villa y Jordi Alba! http://t.co/rwvvWcqc"
guaje7villa,"RT @fontas24: Ja a Gteborg, quina alegria de tornar a viatjar amb l'equip! Us deixo foto amb @Guaje7Villa i Jordi Alba! http://t.co/we5 ..."
guaje7villa,De viaje a Gteborg con el parchs para entretenernos en el vuelo! http://t.co/2dkC6Ap7
guaje7villa,Travel to Gteborg with 'parchs' to entertain us the flight! http://t.co/MZPFZI7B
guaje7villa,Maana dia 3 a las 19h Sesiones AFE-Granada CF. Hay que apoyar a nuestros compaeros. EN DIRECTO POR MARCA TV y http://t.co/5Sa0AKVY
guaje7villa,Espectacular @miss_belmont en la final de 200 mariposa! Enhorabuena por la medalla de plata!
guaje7villa,@Mascherano Gracias crack!!! Y felicidades por la renovacin!!! http://t.co/CIGDt9XY
guaje7villa,@21LVA Muchas gracias Mago! Espero verte pronto amigo! Un abrazo
guaje7villa,Ya tengo el alta mdica! Una gran noticia! Otro paso ms! Ya queda muy poquito... Gracias a tod@s por vuestro apoyo!
guaje7villa,I already have the medical discharge! Great news! Another step! Already there is very little... Thanks to all of you for your support!
guaje7villa,Mucha fuerza y todo mi nimo para @muniesa24!!! Estamos contigo Muni!!! #animsmuni
guaje7villa,"FUTIVAL, una escuela de ftbol gratuita para nios sin recursos de Costa Rica, sortea dos camisetas firmadas por m: http://t.co/KJg9pFll"
guaje7villa,"FUTIVAL,a football school that works for free with disadvantaged children of Costa Rica, draws two shirts signed by me: http://t.co/KJg9pFll"
guaje7villa,Enjoying the day off with the number 1!! Congratulations to @alo_oficial!
guaje7villa,Disfrutando del da de descanso con el nmero 1!!!! Enhorabuena a @alo_oficial!!!
guaje7villa,Grande @alo_oficial!!!!!
guaje7villa,Ya hemos acabado la primera semana de entrenamientos! Ahora a descansar para comenzar ms fuerte la prxima!!! http://t.co/MZ0YFh6j
guaje7villa,We have already finished the first week of training! Now I have to rest to begin the next strongest! http://t.co/4T6aMIqG
guaje7villa,"RT @13_Pinto: Doy f de que @Guaje7Villa ya est como un caon!
Aqu dejo prueba firmada de la marca que me dej su potente disparo! htt ..."
guaje7villa,RT @blin131313: Unos cracks.monitores campus david villa http://t.co/VniwVlpS
guaje7villa,Ya he donado mi estrella para luchar con Save the Children contra la mortalidad infantil. T tambin puedes: http://t.co/PnFM7YSI
guaje7villa,I've already given my star to fight with Save the Children against child mortality. You can too: http://t.co/PnFM7YSI
guaje7villa,"@RamonCugat Sin ti, tu equipo y tu familia habra sido imposible. Gracias a todos de corazn. Un abrazo"
guaje7villa,Con @13_Pinto y @fontas24 tras el primer da de entrenamientos. Los dos completos con todo el equipo! Qu ganas tena!! http://t.co/PsSXj0L7
guaje7villa,With @13_Pinto and @fontas24 after the first day of trainings. Both complete with all the team! I was hoping it! http://t.co/jYYpN3go
guaje7villa,"Hoy hemos arrancado la pretemporada con las pruebas mdicas. Contento por reencontrarme con mis compaeros. Maana, primer entrenamiento!"
guaje7villa,"Today we started the preseason with the medical test. Happy for being again with my teammates. Tomorrow, first training!"
guaje7villa,Hoy me lo he pasado en grande en el acto de clausura de mi V Campus Oficial. Gracias a los que habis participado! http://t.co/p8jCzVlE
guaje7villa,This morning I had a great time at the closing ceremony of my V Official Camp. Thanks to all who participated! http://t.co/HkfYSIuU
guaje7villa,He estado en el pozo Candn para hablar con los mineros que llevan 48 das de encierro. Ojal todo se solucione pronto! http://t.co/fr1Ti32o
guaje7villa,I've been in the mine Candn to talk to miners who have 48 days of confinement. I hope everything is resolved soon! http://t.co/hkRvKSdz
guaje7villa,Ayer hice una primera visita a los chicos de mi Campus Oficial. Fue muy especial estar con ellos y recibir su cario http://t.co/TwpBPVCL
guaje7villa,"Yesterday I made my first visit to the kids at my Official Camp. It was special to be with them, feel their affection http://t.co/4h3rQm2t"
guaje7villa,"Tengo familia y amigos en las protestas en Madrid, pero no me olvido de los mineros que llevan 45 das encerrados en el pozo! nimo a todos!"
guaje7villa,Admiracin y toda mi fuerza para ellos #yoconelcarbon http://t.co/m3fcSD0m
guaje7villa,Mi apoyo y solidaridad a los mineros. La 'marcha negra' conquist anoche Madrid y hoy sigue con su protesta #nocheminera #resistenciaminera
guaje7villa,Ayer arranc la quinta edicin de mi Campus Oficial y en unos das estar con todos los participantes. Qu ganas! http://t.co/rwnpDT4q
guaje7villa,Yesterday started the fifth edition of my Official Campus. In a few days I will be with all participants. I can't wait! http://t.co/EEbUuhrG
guaje7villa,De vuelta a Espaa con @Carles5puyol tras una noche histrica en Kiev. Esta Seleccin ya es leyenda! http://t.co/H6L9N5Pg
guaje7villa,En una noche como esta tambin quiero mandar mucho nimo y mi solidaridad a los valencianos que estn sufriendo esos terribles incendios
guaje7villa,"nicos, irrepetibles, histrico... ESPAA!!!"
guaje7villa,"Mi amigo @Mascherano tambin est ya en Twitter. Bienvenido!
My friend @Mascherano is also now on Twitter. Welcome!"
guaje7villa,Vamossssss Espaa! Ya estamos en la final!!!! Increble!!! Enhorabuena a la Seleccin! Sois los mejores! Os lo merecis! Un abrazo a todos!
guaje7villa,"Bienvenido a Twitter a mi compaero @13_Pinto. Un abrazo, crack
Welcome to Twitter to my teammate @13_Pinto. A hug!"
guaje7villa,"La final de la Euro est a un paso! Maana, todos con la Seleccin! Nos espera una semifinal apasionante, pero Espaa puede con todo! Vamos!"
guaje7villa,"The Final of Euro is just one step away! An exciting and tough Semi Final awaits us, but this team is capable of everything, COME ON SPAIN!"
guaje7villa,"Habis probado el #ResBall ya? El ftbol de Sunny Delight con agua, jabn y premios para los participantes! http://t.co/ptMcb38P"
guaje7villa,"Maana todos con la Seleccin! Francia ser un rival muy duro, pero Espaa puede sacar adelante estos cuartos!Toda mi fuerza para el equipo!"
guaje7villa,"Tomorrow, all of us with the Spanish National Team!France will be a very hard opponent, but Spain can go through!All my support to the team!"
guaje7villa,Hoy todos compartimos la ilusin de que Espaa se clasifique para los Cuartos de Final.Hoy tenemos pasin por la Roja! http://t.co/YXfrKXxx
guaje7villa,Todo mi nimo hoy para la Seleccin Espaola. Seguro que se suman los tres puntos contra Irlanda! Un abrazo y mucha suerte!!!
guaje7villa,All my support today to the Spanish National Team. I'm sure they can win three points against Republic of Ireland! A hug and good luck!
guaje7villa,Sois muchos los que me solicitis un autgrafo dedicado. Ahora podis conseguirlo con MyStarAutograph: http://t.co/xLDnP9qO
guaje7villa,Many of you asked me about an autograph with a personal message. You can get one thanks to MyStarAutograph: http://t.co/VlulmVd6
guaje7villa,RT @Huecco: Con mi admirado crack y amigo @Guaje7Villa en BCN entregando disco Oro por su participacin en videoclip #DameVida !!! http: ...
guaje7villa,Aqu tenis una entrevista que he hecho para @FCBtv. Here you have an interview with @FCBtv: http://t.co/pkxW7hNJ
guaje7villa,Felicidades a mi amigo Mascherano por su 28 cumpleaos. Lo celebra estrenando pgina en Facebook: http://t.co/ihhOj3Kw
guaje7villa,Happy birthday to my friend Mascherano. He celebrates it opening his official page on Facebook: http://t.co/ihhOj3Kw
guaje7villa,No tengo palabras para expresar cmo me siento. Se va un gran amigo y una persona increble. Un abrazo para su familia. DEP Manolo Preciado
guaje7villa,He estado con mis amigos de #Maxibon para presentar su nueva campaa y estrenan pgina en Facebook http://t.co/1Y9iYdNv http://t.co/DypCNJYv
guaje7villa,Es el momento de animar a Espaa como sabemos hacerlo. Haz que tu voz llegue a Polonia con Passion Meter de McDonald's. http://t.co/fEoZdKqU
guaje7villa,RT @cesc4official: Con 3 grandes amigos en la CE. @fontas24 @Guaje7villa @carles5puyol   Ahora a disfrutar del dia libre. After http://t ...
guaje7villa,En http://t.co/JqC5MUJ6 se publicarn los ganadores de la promocin para ir a Polonia a ver el Espaa-Italia!Y hay ms premios a descubrir!
guaje7villa,Lo importante es lo que mis compaeros hagan en el campo! Hoy los he visto muy bien en la concentracin. Mucha suerte! http://t.co/Kftt9Ac1
guaje7villa,"fuera de los partidos y sin nimo de lucro,siempre que no altere mi rehabilitacin,que es lo prioritario y que seguir haciendo en Barcelona"
guaje7villa,Hola amig@s! Por un error sin mala intencin se ha dicho que ser comentarista de Telecinco en la Eurocopa.En realidad ser una colaboracin
guaje7villa,Hoy me han hecho una entrevista mis amigos de @adidas_es. Espero que os guste!!! http://t.co/vWIWUWJl
guaje7villa,Today I have made an interview with my friends of @adidas_es. I hope you like it! http://t.co/vWIWUWJl
guaje7villa,En @Mahou_es quieren que celebremos los motivos que nos hacen ser quienes somos y dan sentido a la vida. #Tenemos
guaje7villa,"De nuevo en La Mola y con buena compaa:Pepe Costa, @_Pedro17_, Francesc Cos, Emili Ricart, @cesc4official y @fontas24 http://t.co/k2yulXc0"
guaje7villa,"Back in La Mola with very good troupe: Pepe Costa, @_Pedro17_, Francesc Cos, Emili Ricart, @cesc4official and @fontas24 http://t.co/97OHbrBG"
guaje7villa,Todo mi apoyo para la minera. Tengo familiares y amigos mineros en Asturias que sufren esta situacin. #yoconelcarbon http://t.co/yUbJ9tFK
guaje7villa,Ya somos ms de un milln y no paramos de crecer!!! Gracias a tod@s! No tengo palabras para agradecer todo el cario que me dais!!!
guaje7villa,We're more than a million and we don't stop growing! Thanks to all of you! I have no words to thank the love you give me!
guaje7villa,Gracias a tod@s por los nimos que me habis dado. Seguir trabajando  para volver a jugar lo antes posible con el Bara y la Seleccin
guaje7villa,Thanks to all of you for your support. I will continue working to return to play as soon as possible with Bara and Spanish National Team
guaje7villa,"Lo he intentado hasta el final, pero no podr estar al 100% para la Euro. Hoy he llamado al seleccionador para decrselo. Es lo ms honesto"
guaje7villa,"I've tried, but I can't be 100% to play the Eurocup. I called Vicente del Bosque to say him. It's the honest thing I could do"
guaje7villa,Un abrazo enorme para nuestro capi @Carles5Puyol. Seguro que dentro de muy poco estars de nuevo dando guerra! Mucho nimo!
guaje7villa,A big hug to our captain @Carles5Puyol. I'm sure that you will be back with us very soon!
guaje7villa,@mahou_es nos anima a contar nuestra frase #Madres5Estrellas.Esta es la ma: o haces los deberes o no te vas a jugar a ftbol con tus amigos
guaje7villa,"(PD) Si leis las bases del concurso, pone que la fecha y el lugar para el encuentro conmigo estn por determinar. Siento el malentendido"
guaje7villa,"(PD) Os aclaro que el concurso con Somat es para conseguir dos entradas para el partido Espaa-Italia, no para conocerme a m en la Euro..."
guaje7villa,(PD) Queris ir a Polonia a ver el partido contra Italia y conocerme? Comprando Somat podis. Aqu os explican cmo: http://t.co/X4ekKy5t
guaje7villa,Ya hay ganador para mis nuevas botas Adidas! Podis encontrarlo en mi blog: http://t.co/Q2WlX9zX (ED)
guaje7villa,We have a winner for my new Adidas boots! You can find it in my blog: http://t.co/4r3yxmac (ED)
guaje7villa,(PD) Gracias a Pep por estos dos aos juntos y por lo que le has dado al Bara ms all de ttulos. Y enhorabuena a Tito.Nadie mejor que t!
guaje7villa,(PD) Thanks to Pep for these two years together and what you have given Bara beyond titles. Congratulations to Tito.Nobody better than you!
guaje7villa,(PD) Mi hermana Ada es la protagonista de este anuncio tan original de @mahou_es: http://t.co/RR5MNxeR
guaje7villa,(PD) My sister Aida is the star of this spot so original of @mahou_es: http://t.co/RR5MNxeR
guaje7villa,ltimo da para que tu hijo y t vivis el debut de la Roja. Quieres que sea la estrella de la UEFA EURO 2012tm? http://t.co/4sCef442 (ED)
guaje7villa,"Mi aplicacin para IPhone, IPod Touch o IPad ya es gratuita. Tenis toda la informacin en mi blog: http://t.co/DW92IZJ9 (ED)"
guaje7villa,"My application for IPhone, IPod Touch or IPad is already free. You have all the information in my blog: http://t.co/szHl6N9u (ED)"
guaje7villa,(PD) Quedan tres das para que tu hijo pueda salir al campo de mi mano en la UEFA EURO 2012tm. Te lo vas a perder? http://t.co/4sCef442
guaje7villa,"I need your help for a good cause. I am participating in the Innocente Innocente II Awards, to support the Association http://t.co/UMULQ93Q"
guaje7villa,Os pido ayuda por una buena causa. Participo en los II Premios Inocente Inocente para apoyar la labor de la Asociacin http://t.co/UMULQ93Q
guaje7villa,Queda una semana para apuntarte a ser #PlayerEscortMcDonalds y que tu hijo sea protagonista en el debut de la seleccin http://t.co/aWwMKinc
guaje7villa,"Siempre so con ir a la Eurocopa, con #PlayerEscortMcDonalds puedes cumplir el sueo de ir con tu hijo a UEFA EURO2012 http://t.co/gC11DwAH"
guaje7villa,(PD) Un orgullo haber apadrinado @relatssolidaris. Tenis toda la informacin en http://t.co/O27gTF8S http://t.co/BuXDJx3n
guaje7villa,(PD) A pleasure to have sponsored @relatssolidaris. You have all the information in http://t.co/O27gTF8S http://t.co/ky8goPy6
guaje7villa,"(PD) Hoy me han ayudado a coronar La Mola, a 1.104 metros de altura, Pepe Costa, Busquets y Emili Ricart http://t.co/kwViJEIu"
guaje7villa,"(PD) Today I climbed to La Mola, to 1.104 meters, with the help of Pepe Costa, Busquets and Emili Ricart http://t.co/P3D91Htv"
guaje7villa,(PD) This afternoon I participate in the presentation of 'Relatos Solidarios'.You can follow it live starting at 13:00h http://t.co/VQXEQ04F
guaje7villa,(PD) Este medioda participo en la presentacin de 'Relatos Solidarios'. Podris seguirla en directo a las 13:00h en http://t.co/VQXEQ04F
guaje7villa,(PD) Participo con la Asociacin de Enfermedades Raras en los II Premios Inocente Inocente. Votad en http://t.co/ObxIwONw
guaje7villa,(PD) My account is now verified! Thanks to the people of Twitter and thanks to all of you! Without you it would not have been possible
guaje7villa,"(PD) Ya tengo la cuenta verificada! Gracias a la gente de Twitter y, sobre todo, a todos vosotr@s! Sin vuestro cario no habra sido posible"
guaje7villa,(PD) El da del debut ha llegado. Aqu comienza tu viaje a la UEFA Euro 2012 con McDonalds - http://t.co/fjp4AP6F - http://t.co/aUNWcjyd
guaje7villa,(PD) Conoce el anecdotario de la Seleccin en 'La Roja por dentro' http://t.co/O7AHjyOe
guaje7villa,(PD) Today I spent my day off in the beach of Gav with my family and @_Pedro17_. A hug for all! http://t.co/wzAY7vw7
guaje7villa,(PD) Hoy he disfrutado del da libre en la playa de Gav con mi familia y el gran @_Pedro17_. Un abrazo a tod@s! http://t.co/QCTjTVvY
guaje7villa,"(PD) Maana es el gran da, ests preparado? #PlayerEscortMcDonalds http://t.co/shwBhowt"
guaje7villa,"(PD)Segn @unicef_es, en el #Sahel sobre 1 milln de nios estn en riesgo de morir por #desnutricin grave. #SahelNOW. http://t.co/ddMnlLxj"
guaje7villa,"RT @adidas_ES: Compite por ser el ms rpido, forma parte de #el11masrapido de Del Bosque y podrs ir a la Eurocopa http://t.co/mmJPIVde"
guaje7villa,RT @adidas_ES: @Guaje7Villa con textil #SeasonalFavourites y calzado #FluidTrainers http://t.co/AkDzrku2
guaje7villa,(PD) Un placer participar en 'Ms... secretos de la Roja' http://t.co/TLZB4om1
guaje7villa,(PD) Estamos preparando algo grande http://t.co/DHfSwjAj
guaje7villa,Antes os habl del proyecto de una amiga. La web se ha colapsado con tanta visita pero ya est perfecta! @Quieroservip http://t.co/OfFMh2BS
guaje7villa,(PD) Una amiga ma ha montado esta web de promos de marca que est muy bien! @Quieroservip http://t.co/OfFMh2BS
guaje7villa,(PD) Muchos me preguntis por mi recuperacin y os transmito lo que he dicho hoy: ya me queda poquito y me siento muy animado y con ganas!
guaje7villa,(PD)Many of you ask me about my recovery. I transmit you what I said today: everything is ok and I feel very encouraged and excited about it
guaje7villa,(PD)Gran iniciativa de AFE y RFEF: todos los campos de Tercera tendrn un desfibrilador.Orgulloso de haber participado! http://t.co/DrktBITk
guaje7villa,(PD) Great work of AFE and RFEF: all stadiums of Third Division will have a defibrillator. Proud to be in the act! http://t.co/jJCA62Ud
guaje7villa,"Great memories of how my hometown, Tuilla, lived the victory of Spain in the World Cup http://t.co/lPBe7Zgt (ED)"
guaje7villa,"Grandes recuerdos de cmo se vivi la victoria de Espaa en el Mundial, en mi pueblo, Tuilla, en esta entrevista http://t.co/lPBe7Zgt (ED)"
guaje7villa,Until tomorrow you can still participate in the contest to win my new @adidas_ES boots signed by me in my blog! http://t.co/TBes4ZuR (ED)
guaje7villa,Hasta maana podis participar en el concurso de mi blog para ganar mis nuevas botas @adidas_ES firmadas por mi http://t.co/mFeccsTZ (ED)
guaje7villa,(PD) Contad vuestra historia relacionada con ftbol en 'Historias de Ftbol' en @mahou_es!! //on.fb.me/historiasdefutbol #historiasdefutbol
guaje7villa,(PD) This is the second part of the interview with ESPN about my first steps in professional football. Hugs! http://t.co/rF8ktAbW
guaje7villa,"(PD) Esta es la segunda parte de la entrevista en la ESPN, sobre mi salto al ftbol profesional. Abrazos! http://t.co/rF8ktAbW"
guaje7villa,"(PD) Today marks 3 months since I started this adventure on Twitter and we are already more than 720,000 in this new family! Thanks to all!!"
guaje7villa,(PD) Hoy se cumplen 3 meses desde que inici esta aventura en Twitter y en esta nueva familia ya somos ms de 720.000!!! Gracias a tod@s!!!
guaje7villa,Have you already participated in the contest on my blog? You can win my new Adidas boots signed by me :) http://t.co/TBes4ZuR (ED)
guaje7villa,Ya habis participado en el concurso de mi blog? Podis conseguir mis botas adidas Football firmadas por mi :) http://t.co/mFeccsTZ (ED)
guaje7villa,Hoy me apetece recordar con vosotros esta entrevista increble que me hicieron para ESPN http://t.co/a4bJ8XGw (ED)
guaje7villa,(PD) Enhorabuena a @alo_oficial! Carrern!!! Eres un piloto increble! Que emocin de carrera y que orgullo verte en lo ms alto del podio!
guaje7villa,(PD)Congratulations to @alo_oficial! Great race!You're an amazing driver! That thrill of race and pride to see you at the top of the podium!
guaje7villa,"(PD) Tras una semana de duro trabajo, anoche me tom un respiro con mi amigo @David_Busta. Conciertazo! Eres un grande! http://t.co/F5AZOzEU"
guaje7villa,"(PD) After a week of hard work, I took a break last night with my friend @David_Busta. Great concert!You are fantastic! http://t.co/hWAnhlfk"
guaje7villa,(PD) Enhorabuena a @juanmata10 por ser elegido mejor deportista asturiano de 2011. Te lo mereces! Yes un fenmeno picho!!!
guaje7villa,"(PD) Congratulations to @juanmata10 by being named best Asturian athlete of 2011. You deserve it! You are a crack, picho!!!"
guaje7villa,"RT @unicef_es: Pepe Reina con Gotas para Nger. Ante los problemas con el agua, se queda sin palabras. http://t.co/nQM0EHNn va @unicef_EDU"
guaje7villa,(PD) Don't forget you can win my new Adidas boots in the contest I have organized in my blog! http://t.co/TBes4ZuR
guaje7villa,(PD) Podis conseguir mis nuevas botas @adidas_ES con el concurso que organizo en mi blog! http://t.co/mFeccsTZ
guaje7villa,"(PD) Para los que me preguntis por el significado de este regalo, en mi web lo tenis bien explicado: http://t.co/UCn1gOA2"
guaje7villa,(PD) La Pea FCB Japan me ha hecho un precioso regalo que seguro me dar ms fuerzas para la recuperacin. Gracias! http://t.co/dBxKOt0l
guaje7villa,(PD) Pea FCB Japan has made me a precious gift that is sure will give me more strength for recovery. Thank you! http://t.co/breUr5j4
guaje7villa,"Another surprise! @adidas_ES has sent me the new boots and, as I cannot wear them, they will be for one of you! http://t.co/TBes4ZuR (ED)"
guaje7villa,Otra sorpresa! @adidas_ES me han enviado las nuevas botas y como no las puedo estrenar sern para uno de vosotros! http://t.co/mFeccsTZ (ED)
guaje7villa,(PD) Toda mi fuerza para Abidal! Saldrs adelante! Eres muy fuerte.Todos vamos a estar a tu lado.Te necesitamos en el equipo! #animsabidal
guaje7villa,(PD)Aqu va una de las sorpresas.Hoy me he vuelto a vestir de corto para la foto oficial del Bara.Cada da queda menos http://t.co/tIbrH3kT
guaje7villa,(PD)Here's one of the surprises.Today I have become to dress short for the official photo of the club.Every day is less http://t.co/afvlJBan
guaje7villa,"(PD) Amig@s slo quiero recordaros que mi nica cuenta oficial en twitter es @Guaje7Villa. Y, adems, os estoy preparando algunas sorpresas!"
guaje7villa,"(PD) Friends I just want to remind you that my official twitter account is @Guaje7Villa. And, besides, I'm preparing some surprises!"
guaje7villa,RT @FCBarcelona_es: Muy pronto podrs coleccionar las emociones del FC Barcelona y ganar un baln firmado por los jugadores del Bara! ...
guaje7villa,For some time I have been collaborating with DGenes and FEDER to promote the campaign A goal for rare diseases http://t.co/UOMdjwGD (ED)
guaje7villa,"Desde hace tiempo colaboro con DGenes y FEDER, que apoyan la investigacin de enfermedades raras http://t.co/84qZdSR9 (ED)"
guaje7villa,(PD) Todo mi nimo para @rickyrubio9! Seguro que antes de lo esperado estars dando espectculo de nuevo en las canchas! Un abrazo
guaje7villa,(PD) All my support for @rickyrubio9! Surely sooner than expected you will be giving show again playing basketball! A hug
guaje7villa,RT @VOSMarketing: Partidazo de Vicente Rodrguez con el Brighton. Ha marcado los dos goles de la victoria contra el Portsmouth! Enhorabu ...
guaje7villa,(PD) Anoche estuve en el concierto de @pabloalboran. Que crack! Un lujo de directo y un placer poder conocerte amigo! http://t.co/WpO0URVa
guaje7villa,(PD) Feliz da para todas las mujeres!!!
guaje7villa,I have been signing T-shirts for the winners of the contest in my blog and I wanted to leave you a message. Hugs! http://t.co/JiInVXGs (ED)
guaje7villa,He estado firmando las camisetas de los ganadores del concurso del blog y he querido mandaros un mensaje. Abrazos! http://t.co/T2aagrhf (ED)
guaje7villa,"Del Bosque: ""We're going to wait for Villa until the last moment"" http://t.co/IIRiXht1 (ED)"
guaje7villa,"Del Bosque:""Vamos a esperar a Villa hasta el ltimo momento"" http://t.co/5RU9jKWE (ED)"
guaje7villa,RT @FCBarcelona_es: Nace FCB Live! La aplicacin para vivir una nueva experiencia en los partidos del Bara http://t.co/5fDch9iz
guaje7villa,Conoces ya @ProyectoLazarus? Es posible que haya cura para las lesiones medulares: http://t.co/CuoKAXa0. Ms en http://t.co/vk9a55Oj
guaje7villa,"Guaje, the sixth best scorer of the world in the 21st Century http://t.co/fKn461Qf (ED) #football"
guaje7villa,"El Guaje, sexto mejor goleador del mundo en lo que llevamos de Siglo XXI http://t.co/bSHzKGE4  (ED) #ftbol"
guaje7villa,Muchas gracias a todos los que habis participado en el concurso de ideas del blog http://t.co/pULUjFq7 (ED)
guaje7villa,"Muchas gracias a todos los que habis participado en el concurso de ideas del blog, ha sido un lujo recibirlas! http://t.co/gE46fn56 (ED)"
guaje7villa,RT @rfef_es: Espaa disputa esta noche (21:30 horas) el decimoquinto encuentro en beneficio de la AFE... http://t.co/1gbMTh9l
guaje7villa,"In this video you can see me with the winners of the contest organized by @unicef_es, as I told you in my blog http://t.co/sfnA3nrR (ED)"
guaje7villa,En el vdeo podis ver el evento del viernes con los ganadores del concurso de @unicef_es que os cont en mi blog http://t.co/sfnA3nrR (ED)
guaje7villa,"RT @rfef_es Absoluta, declaraciones de los jugadores a su llegada a la Ciudad del Ftbol (incluye video de la llegada) http://t.co/9eMnLjIa"
guaje7villa,"@Carles5puyol RT @FCBarcelona_es Puyol: ""El equipo ha demostrado carcter"" http://t.co/JNSk4kPJ"
guaje7villa,Ayer estuve con los ganadores del concurso organizado por @unicef_es en Tuenti. Todos los detalles en el blog! :) http://t.co/d57KsySl (ED)
guaje7villa,"RT @rfef_es Absoluta, lista de jugadores convocados por Vicente del Bosque para el amistoso en Mlaga ante Venezuela... http://t.co/hNiaHPkh"
guaje7villa,"(PD) Los carnavales 2012 ya son casi historia, pero mi amigo Pinto @WMakinaciones ha dejado huella en los de Cdiz: http://t.co/6DCVaNP3"
guaje7villa,"Do you know how to score a penalty?Try the Five Star Penalty application,follow the steps.I'll show you my tricks! http://t.co/QWh3ejIm (ED)"
guaje7villa,Sabes marcar un penalti?Prueba la aplicacin Penalti Cinco Estrellas y sigue los pasos.Yo te ensear mis trucos! http://t.co/QWh3ejIm (ED)
guaje7villa,(PD) Ready to go to Camp Nou to enjoy a great match. Sorry for @Ever21Banega injury. Be strong friend! #AnimoEver
guaje7villa,(PD) Listo para ir al Camp Nou a disfrutar de un partidazo. Lamento la lesin de @Ever21Banega. Mucha fuerza amigo! #AnimoEver
guaje7villa,"RT @VOSMarketing: Pepe Reina y Vicente Rodrguez, cara a cara maana en el Liverpool-Brighton en Anfield en los octavos de final de la F ..."
guaje7villa,RT @andresiniesta8: En la ciudad deportiva con @Guaje7Villa ! Que ganas de que est recuperado! http://t.co/LjSygGhR
guaje7villa,(PD) En la Ciudad Deportiva con don @andresiniesta8 http://t.co/364AxgZk
guaje7villa,You can participate in the contest organized by @unicef_es Donate a day against child malnutritionand meet me http://t.co/h5Xip7eK (ED)
guaje7villa,"An podis participar en el concurso de @unicef_es ""Dona 1 da contra la desnutricin infantil"" y conocerme! http://t.co/d8ahuOTM (ED)"
guaje7villa,(PD) My representation agency @VOSMarketing has already twitter!!! You can know a lot of interesting things sure. They are 'cracks'!
guaje7villa,(PD) Mi agencia de representacin @VOSMarketing ya tiene twitter!!! Seguro que os enteraris de cosas interesantes. Unos cracks!
guaje7villa,(PD) Today marks two months of my injury and the most important is that every day I'm closer to enjoy the footballl again! Thanks to all!
guaje7villa,(PD)Hoy da 15 se cumplen dos meses de mi lesin y lo ms importante es que estoy ms cerca de volver a disfrutar del ftbol.Gracias amig@s!
guaje7villa,"RT @FCBarcelona_es Munich, va Leverkusen http://t.co/cWheIVbW"
guaje7villa,"@unicef_es organizes a contest for the campaign Donate a day against child malnutrition. The prize, meeting me http://t.co/h5Xip7eK (ED)"
guaje7villa,"@unicef_es organiza un concurso en la campaa Dona 1 da contra la desnutricin infantil. El premio, conocerme http://t.co/d8ahuOTM (ED)"
guaje7villa,The choice has been very hard but at last we have the winners of the blog ideas contest. Thanks for participating! http://t.co/uogNoT5V (ED)
guaje7villa,La eleccin ha sido muy difcil pero por fin tenemos a los ganadores del concurso de ideas para el blog. Gracias! http://t.co/DKuKiMwn (ED)
guaje7villa,My recovery is going very well and I am more optimistic every day http://t.co/geADc9QF (ED)
guaje7villa,La recuperacin sigue a buen ritmo y cada da soy ms optimista http://t.co/TMdovoYD (ED)
guaje7villa,RT @FCBarcelona_es: Pedro e Iniesta hacen parte del entrenamiento con el grupo http://t.co/p7cOnXwp
guaje7villa,"(PD) @David_Busta, @_danielmartin_, @DavidSummersHG y a todos los que me enviis mensajes de nimo muchas gracias!! Sois muy grandes!!"
guaje7villa,"(PD) Two screws least in my tibia. Without them, now my recovery go even faster!!! http://t.co/OvEaYrAl"
guaje7villa,"(PD) Dos tornillos menos en mi tibia. Sin ellos, ahora la recuperacin ir an ms rpido!!! http://t.co/w07m6QgR"
guaje7villa,"Antes de la lesin, disfrut con una sesin de boxing con @adidas_micoach. chale un vistazo! http://t.co/p56H3mJD  @adidas_ES"
guaje7villa,"Before the injury, I enjoyed a boxing session with @adidas_micoach. Check out! http://t.co/p56H3mJD  @adidas_ES"
guaje7villa,(PD) Ya somos 500.000! Es increble tener tantos seguidores en tan poco tiempo! Gracias a tod@s por la fuerza que me dais y por estar ah!
guaje7villa,(PD) We are 500.000! It's amazing to have so many fans in so little time! Thanks to all for give me strength and for being there!
guaje7villa,RT @paugasol:4aos vistiendo la camiseta de los @Lakers.Estos aos han sido un sueo..que vengan muchos! #Proud2beLaker http://t.co/TYT7oITV
guaje7villa,"RT @cesc4official: Btw, my head is fine, i was bleeding a bit and had 4 stitches. Thats football. Have a great days my friends!"
guaje7villa,(PD) @3gerardpique Happy Birthday!!! 25 years!!! Enjoy a great day and shares some of that big cake!!! http://t.co/hx2nX3yQ
guaje7villa,(PD) Felicidades a @3gerardpique! 25 aos! Pasa un gran da y comparte un poco de esa enorme tarta! http://t.co/QzpN8W0F
guaje7villa,"RT @donaundia: Dona tus fotos va instragram, utiliza el hashtag #donomifoto y estars ayudando a luchar contra la desnutricin infantil ;)"
guaje7villa,RT @FCBarcelona: PHOTO - Leaving to Valencia. #copaFCB http://t.co/wWZfNojP
guaje7villa,RT @mahou_es: Aprende a lanzar y parar penaltis. ker y Villa sern tus profesores en 'Penalti Cinco Estrellas' http://t.co/IA0GPai6
guaje7villa,RT @FCBarcelona_cat: Primer entrenament del dia http://t.co/XBrgRMZK
guaje7villa,Having a healthy diet is essential for football players and thats why its something we look after every day http://t.co/3Wcmvxsg (ED)
guaje7villa,Llevar una alimentacin sana es algo fundamental para los futbolistas y por eso es algo que cuidamos da a da http://t.co/7KrqFRRH (ED)
guaje7villa,(PD) Great game last night at the Camp Nou and we are in the semifinals of Copa! Great goals @_Pedro17_ and @DaniAlvesD2! Go team!
guaje7villa,(PD) Fiesta del ftbol anoche en el Camp Nou y ya estamos en semifinales de Copa! Golazos de @_Pedro17_ y @DaniAlvesD2! Vamos equipo!
guaje7villa,I have the T-shirts ready to sign! Who will the winners be? You still have until this friday to send your ideas http://t.co/r8A5FVck (ED)
guaje7villa,Ya tengo las camisetas preparadas para firmarlas! Quines sern los ganadores? An tenis hasta este viernes! http://t.co/7JNLhR5Q (ED)
guaje7villa,@chemitamartinez No me olvido de eso! A ver cundo podemos preparar una de 10km! An me queda para estar tan fuerte como t! Un abrazo
guaje7villa,(PD) Ponte la camiseta y corre contra el cncer la media maratn de Granollers!!! http://t.co/8xm6Ytql
guaje7villa,"Last week was presented the Quini-Hermanos Castro Foundation, created by my admired friend, Quini, which I support http://t.co/mU5rdcvX (ED)"
guaje7villa,"La semana pasada se present la Fundacin Quini-Hermanos Castro de mi amigo y admirado Quini,a la que doy mi apoyo http://t.co/0INoOEvZ (ED)"
guaje7villa,(PD) Great win in Malaga to follow a full in League! Three great goals from Leo (without words again) and another Alexis. Congratulations!
guaje7villa,(PD) Gran triunfo en Mlaga para seguir a tope en la Liga! Tres golazos de Leo (sin palabras una vez ms) y otro de Alexis!! Enhorabuena!!!
guaje7villa,(PD) Con las exclusivas #WMswaggaSunglasses de mi compaero @WMakinaciones (Pinto) http://t.co/jojjO0Z2
guaje7villa,"Many of you have asked me to tell you a bit more about my first steps un football, here you have a bit more info! http://t.co/RnFXWKWc (ED)"
guaje7villa,"Muchos me habis pedido que cuente un poco ms sobre mis inicios en el ftbol, aqu tenis un poquito de info! http://t.co/3Xar338F (ED)"
guaje7villa,(PD) Its been a month since the surgery and Im working hard on the bike! My leg is better every day and Im stronger! http://t.co/X5QYoZA9
guaje7villa,(PD) Hace un mes de la operacin y ya estoy dndole duro a los pedales! La pierna est cada da mejor y yo ms fuerte! http://t.co/X5QYoZA9
guaje7villa,(PD) I leave you a photo with the biggest @Carles5puyol! A great goal! A pleasure to have him as captain! http://t.co/Wa0Yz0Vb
guaje7villa,(PD)Os dejo una foto con el ms grande @Carles5puyol! Qu golazo! Un lujo tenerle como capitn! http://t.co/GKyR4sWj
guaje7villa,I want to remind you that we can each collaborate against chronic malnutrition suffered by millions of children http://t.co/0fDefSxA (ED)
guaje7villa,Quiero recordaros que todos podemos aportar nuestro granito de arena en la lucha contra la desnutricin infantil  http://t.co/WNSaQTt6 (ED)
guaje7villa,(PD) Great win in a fantastic game! Now we have to do the same at the Camp Nou! Great captain @Carles5puyol! Great Abi! Great team!
guaje7villa,(PD) Gran victoria en un partidazo!!! Ahora nos falta la vuelta! Grande capitn @Carles5puyol! Grande Abi! Enorme el equipo!
guaje7villa,"When football leaves me some free time, I like to enjoy it watching a good TV show and Lost is one of my favorites http://t.co/9RBWehtJ (ED)"
guaje7villa,El tiempo que el ftbol me deja libre me gusta disfrutar de una buena serie de TV y Perdidos es 1 de mis favoritas http://t.co/ay13JtL4 (ED)
guaje7villa,(PD) Hola amig@s!! Camino de la Ciudad Deportiva con @fontas24 para seguir con la recuperacin!! Todo va muy bien!! Abrazos!!
guaje7villa,Just a bit more than a week left until the end of the contest of ideas for my blog but you can still participate! http://t.co/OgN4d2pi (ED)
guaje7villa,Queda algo ms de una semana para el final del concurso de ideas para el blog pero an podis participar! http://t.co/dbQNELWu (ED)
guaje7villa,(PD) Good morning to everyone!! Great win last night against a hard opponent like Betis! Congratulations team! Now for the Cup!
guaje7villa,(PD) Buenos das a tod@s!! Victoria importantsima anoche ante un gran rival como el Betis!! Enhorabuena equipo!! Ahora a por la copa!!
guaje7villa,(PD) Gran victoria anoche para pasar a cuartos! Muy triste por la lesin de @fontas24! Muchos nimos amigo! Estamos contigo! #nimsfonts
guaje7villa,Today marks two years since the earthquake in Haiti and I want to share the great job @unicef_es is doing http://t.co/VpXaPRyI (ED)
guaje7villa,Hoy se cumplen 2 aos del terremoto de Hait y quiero compartir el gran trabajo que est haciendo all @unicef_es http://t.co/y8yeQPuM (ED)
guaje7villa,Congrats for the ideas you have suggested for my blog! You can still participate on the contest until the 27! http://t.co/OgN4d2pi (ED)
guaje7villa,Enhorabuena por las ideas que me habis propuesto para el blog! An podis participar hasta el 27. Abrazos! http://t.co/dbQNELWu (ED)
guaje7villa,"During Winter days is when I most miss Tuilla, where I was born and started in football http://t.co/EnC6wtY1 (ED)"
guaje7villa,"Estos das de invierno es cuando ms echo de menos Tuilla, donde nac y empec en el ftbol. http://t.co/aymAakb5 (ED)"
guaje7villa,"(PD) Full in the Golden Ball! Congratulations to Messi, Xavi, @3gerardpique, @andresiniesta, @DaniAlvesD2 and Guardiola! Proud of this team!"
guaje7villa,"(PD)Pleno en la Gala Baln de Oro! Enhorabuena a Messi, Xavi, @3gerardpique, @andresiniesta, @DaniAlvesD2 y al mster! Orgulloso del equipo!"
guaje7villa,I start this week thanking you all for the great welcome on mi blog and here. It wouldnt be possible without you! http://t.co/CwvIWLIa (ED)
guaje7villa,Empiezo la semana agradecindoos la acogida que he recibido en mi blog y aqu. Sin vosotros no sera posible! http://t.co/21KnW8Lz (ED)
guaje7villa,(PD) Feliz por volver a la rutina!!! Ya estoy en la Ciudad Deportiva con mis compaeros! La recuperacin va muy bien! http://t.co/6HNbU7Vy
guaje7villa,(PD) Very happy to get back to routine! I'm in the Ciudad Deportiva with all my mates! The recovery is going well! http://t.co/ORZNzaDP
guaje7villa,(PD) Cmo se han portado los Reyes? Espero que hayis sido buenos! Mi mejor regalo ha sido ver la alegra de mis nias al abrir los regalos!
guaje7villa,"RT @Carlos_Latre: @Guaje7Villa un , abrazo crack!!! y t esperamos pronto pronto!!;)"
guaje7villa,RT @rafabenitezweb: Desde http://t.co/p5MDjmTt nos gustara agradecer a Villa su apoyo a la Fundacin MB y desearle una pronta recuperac ...
guaje7villa,RT @rafabenitezweb: http://t.co/p5MDjmTt would like to thank @Guaje7Villa for his contribution to the MBF and wish him a speedy recovery ...
guaje7villa,"I want to welcome to @rafabenitezweb, the official twitter account for Rafa Benitez's website."
guaje7villa,"Quiero dar la bienvenida a @rafabenitezweb, el twitter oficial de la website de Rafa Benitez."
guaje7villa,Tonight The Three Wise Men are coming and I want to share with you my letter http://t.co/f81cQXaU (ED)
guaje7villa,Esta noche vienen los Reyes y yo tambin he escrito mi carta que comparto con vosotros http://t.co/Zq2Y944u (ED)
guaje7villa,(PD) Otros dos golazos de Messi para el 4-0. Gran partido para arrancar este 2012!!!
guaje7villa,(PD) Un inicio inmejorable con los dos golazos de @cesc4official. Qu diferente es ver el partido desde aqu arriba!!! http://t.co/xn2BEq0o
guaje7villa,"(PD) Llegando al Camp Nou para ver a mis compaeros ante Osasuna.
Arriving at Camp Nou to see my mates against Osasuna. http://t.co/WqBeSUsx"
guaje7villa,"To share with you more about my rehabilitation, today I want to tell you a bit more in my blog http://t.co/J3rNxjaU (ED)"
guaje7villa,"Para que sepis un poco ms sobre mi rehabilitacin, hoy quiero contaros un poco ms en mi blog http://t.co/IIjMsa5Z (ED)"
guaje7villa,@cesc4official T ests siendo un gran maestro para m!!! No me ha hecho falta vivir 8 aos en Londres para defenderme con el ingls ja ja
guaje7villa,"200 million children suffer from malnutrition. 1,000 days can change a child's life and each of us can donate one. http://t.co/0fDefSxA (ED)"
guaje7villa,200 millones de nios sufren desnutricin. 1.000 das pueden cambiar la vida de un nio y todos podemos donar uno. http://t.co/WNSaQTt6 (ED)
guaje7villa,I have the honor to be nominated for th Dream Team in the FIFA/FIFPro World XI 2011. Thanks to all my colleagues! http://t.co/W7TGmNPP (ED)
guaje7villa,Tengo la suerte de optar a estar en el once ideal del FiFA/FIFPro World XI 2011. Gracias a todos mis compaeros http://t.co/pvVqTSzE (ED)
guaje7villa,"(PD) Gracias por los nimos y feliz 2012 a @miss_belmonte, @Lorenagomez_ y a los mas de 250.000 twitteros que ya somos en 4 das!!"
guaje7villa,"(PD) Here you have my best friend from now on, the magnetoterapia machine!!! She is going to help me with the tibia!!! http://t.co/BC7hCHPj"
guaje7villa,(PD) Os presento a mi mejor amiga para 2012! La mquina de magnetoterapia! Me ayudara con la tibia! http://t.co/TEDhu3JG
guaje7villa,Feliz ao 2012 a tod@s!!!
guaje7villa,(PD) I wish you all a Happy 2012!!! I'm sure it will be a great year. Have a nice evening. http://t.co/3LSIdIgZ
guaje7villa,(PD) Feliz 2012 para t@dos!!! Estoy convencido de que sera un gran ao. Pasar feliz noche. http://t.co/Q5xOIOeK
guaje7villa,"Y a @juanmacastano, @joseangel3cote, @_danielmartin o @llorentefer19 por darme la bienvenida. Y a tod@s vosotros por vuestro cario!!!(PD)"
guaje7villa,"(PD) Gracias a @3gerardpique, @andresiniesta8, @David_Busta, @9colunga, @cesc4official, @Carles5puyol, @danimartinezweb y @juanmata10...."
guaje7villa,"I want to dedicate a post to the fans of all the teams I've played in,especially from my current team @FCBarcelona http://t.co/TBnVJbEJ (ED)"
guaje7villa,Quiero dedicar un post a la aficin de todos los equipos de mi carrera y en especial a los del @FCBarcelona_es http://t.co/bY5iqOJt (ED)
guaje7villa,(PD) Thank you for your congratulations on the San David's Day!!! Congratulations to all David!!!
guaje7villa,(PD) Muchas gracias por las felicitaciones en el da de San David!!! Felicidades a todos los David!!!
guaje7villa,"(PD) Everyone to Mestalla tonight!!! We have to support 'Champions for Africa'!!! I couldn't be there, but I'll pay attention to TV!!!"
guaje7villa,"(PD) Esta noche tod@s a Mestalla!! Hay que apoyar el Champions for frica!! Yo no podr estar, pero no me lo perder por televisin!!!"
guaje7villa,I'm sure you have really great ideas for my blog and I'd love you to share them with me. http://t.co/OgN4d2pi (ED)
guaje7villa,Seguro que tenis ideas muy buenas que aportar a mi blog y me encantara que las compartierais conmigo.Os animis?http://t.co/dbQNELWu (ED)
guaje7villa,(PD) Saliendo de la clnica!!! Un da mas de recuperacin y un da menos para mi vuelta!!! Un saludo a tod@s!!!!
guaje7villa,Im very impressed due to the 100.000 followers I have in such a short time!!! Thanks so much to everybody for your support!!!
guaje7villa,Impresionado por los 100.000 seguidores en tan poquito tiempo!!! Muchas gracias a tod@s por vuestro apoyo!!!
guaje7villa,"Today I also start mi blog, a place to keep in touch with all the fans that support me everyday. Hope to see you there! http://t.co/yEN0QcW9"
guaje7villa,"Hoy inauguro tambin mi blog, un espacio para mantener informados a los fans que me prestan su apoyo.Espero veros all! http://t.co/Q1fV96mP"
guaje7villa,"Probando, probando, espero que me estis leyendo... :)"
guaje7villa,Hi friends! Today I start a new adventure in Twitter and I hope we keep in touch here too!
guaje7villa,Hola! Hoy comienzo una nueva aventura en Twitter y espero que nos mantengamos en contacto tambin por aqu!
