kenandogulu,doktor k:) http://t.co/QQsK5psI
kenandogulu,RT @esracandas: @kenandogulu Japonlar kadnlarda dnm :)) Buda yalnz kadnlar iin :)) http://t.co/91PBcHLf
kenandogulu,zile gel:)) http://t.co/3CVEYZjO
kenandogulu,Japonlar yapm!:) kendi sevgili dizi olmayanlara sevgili dizi!:)) http://t.co/Ap8hFpIa
kenandogulu,https://t.co/KbVggMX1 super fm yayin devam
kenandogulu,RT @gzdbr: @kenandogulu ilk mikrofon :)) http://t.co/6F4mubhx
kenandogulu,RT @GrkmEren: Buda ilk hesap makinesi :)) @kenandogulu http://t.co/UqiNcx5O
kenandogulu,RT @Fatih_S_M: @kenandogulu yeni nesil kalem ile kaset arasndaki ilikiyi bilemeyecek :) kalemi kasetin bandn evirmek iin kullanrd ...
kenandogulu,"RT @erhantuzkan: lk gitar da unutmayalm:) hazr ilklerden yola ktk. orum, Alacahyk'te bulunan bu Hitit kabartmas @kenandogulu  ..."
kenandogulu,RT @eliffindikk: @kenandogulu bu da ilk televizyon :))) http://t.co/fObvCB8N
kenandogulu,RT @yasaravsar3: te bu ise ilk bilgisayar. @kenandogulu http://t.co/bKnvqsc8
kenandogulu,RT @_mervekaya_: @kenandogulu buda ilk fotoraf makinesiymi ama bunu neyle ekmiler :D http://t.co/Dd6HqdEX
kenandogulu,RT @yasaravsar3: te ilk televizyon kenan bey nereden nereye. @kenandogulu http://t.co/S49HSGr9
kenandogulu,RT @LaLinseL: @kenandogulu buda ilk bilgisayar ;))) http://t.co/Q5OiGBX3
kenandogulu,RT @zeListoytekin: buda ilk insan :) buyrunuz :) @kenandogulu http://t.co/YqL7GyFM
kenandogulu,"RT @erhantuzkan: neredeeenn nereye.. ama hep kalite , hep sper tesi..  @kenandogulu sonsuz saygyla http://t.co/sgu47209"
kenandogulu,RT @erhantuzkan: @kenandogulu bu da ilk laptop idi.. nereden nereye geldik.. sayglarmla http://t.co/NqYyIYuz
kenandogulu,RT @erhantuzkan: ilk cep telefonunu da grmelisiniz:))) @kenandogulu http://t.co/M0iriVj8
kenandogulu,@zahra_hassan no it is not true:)we have no plans or thoughts for such a thing
kenandogulu,nereden nereye2:) http://t.co/Era94MRS
kenandogulu,nereden nereye:) http://t.co/aDWkaHQA
kenandogulu,"RT @Super_FM: Kenan Doulu, YARIN saat 14:00'te Sper FM 20.yl zel rportajyla @duygucakir 'n stdyo konuu! http://t.co/ba9LbJC4 @k ..."
kenandogulu,Bilfen retmenler gn konserim sperdi!tesekkurler butun ogretmenlere http://t.co/TrgIl6Pe
kenandogulu,"RT @Show_Radyo: ""BR ALBM HKAYES""NN BU HAFTAK KONUU @kenandogulu ""AKA TRL EYLER"" N HKAYES 21 KASIM ARAMBA GN SAAT 14:00 ..."
kenandogulu,vay vay vay ! guzelmi! http://t.co/zwiodm3Y
kenandogulu,wow http://t.co/AYVRX9sQ
kenandogulu,http://t.co/0yDOBiEu
kenandogulu,http://t.co/vmt6S7Wr
kenandogulu,RT @cansuoskay: @kenandogulu http://t.co/8x8xNLue
kenandogulu,RT @KenanDoguluFan: Bostanc Gsteri Merkezi Konseri Fotoraflarn grdnz m? @kenandogulu  https://t.co/fgYebTFu
kenandogulu,RT @KenanDoguluFan: Elle Style Awards'da Kenan iin oy kullandnz m? Kullanmayanlar hadi tk.  http://t.co/3ZANiuYP @kenandogulu
kenandogulu,"RT @saba_t: Muhteem bir resim,Atam izindeyiz... http://t.co/yexxO24e"
kenandogulu,@ecemctn ok gzel foto ecem
kenandogulu,RT @ecemctn: @kenandogulu. Senn en iyiisinn Kenaaann superdiiinn sesine saglikk &lt;3 http://t.co/iWdQ90G5
kenandogulu,kendinizi bulun saklayin:) hatra olsun http://t.co/UByoqSAT
kenandogulu,bi tane daha:) http://t.co/THOlsUNf
kenandogulu,dnden bir kare http://t.co/FLXkwjl6
kenandogulu,RT @karahangoksu: @kenandogulu @OzanDogulu  abi karde;) bostanc gsteri merkezi konser http://t.co/haXKo2qh
kenandogulu,RT @ufukergin: @kenandogulu Bostanci Gosteri Merkezi konserinde Bal Gibi hepbir agizdan ciglik cigligaaaa heheyttt ! http://t.co/AgjyDWj1
kenandogulu,RT @BGMonline: Bostanci Gosteri Merkezi'nde Kenan Dogulu ile unutulmaz bir gece yasadik. @kenandogulu 'ya ve ekibine tesekkurler ... htt ...
kenandogulu,Bravo zmir!!! harika fotoraf! http://t.co/BUk15vtD
kenandogulu,RT @CNNSonDakika: Ata'y Anyoruz | 6 Kilometrelik Ata'ya Sayg Zinciri - Video http://t.co/SD0yNd82
kenandogulu,"Cumhuriyetimizin kurucusu byk lider Mustafa Kemal ATATRK kalbimizde,dnmzde,bugnmzde ve yarnlarmzdasn.Yolunda,izindeyiz!!!"
kenandogulu,RT @ntv: 2 bin 400 kiiden Atatrk portresi http://t.co/TcozImAh
kenandogulu,RT @bhtyrkck: 1 gn gecikmeli doum gn hediyem @kenandogulu konseri...
kenandogulu,RT @KenanDoguluFan: Akam kimler couyor Kenan'la??? @kenandogulu
kenandogulu,RT @attgkhan112: Bi tavsiyenyokmu bilader ?@kenandogulu konserine u :D
kenandogulu,RT @emrorhn: @kenandogulu Harbiyedeki gibi muhteem bir konser bekliyoruz Kenan abi :)
kenandogulu,RT @BegumDivarci: @kenandogulu bir ileri iki geri syleyip bisiklete bineceiz bu akam :)
kenandogulu,@MerrveSahin :))))
kenandogulu,RT @minikfarendim: aksam aska turlu hersey olucak @kenandogulu
kenandogulu,RT @FurkanGLTEKN: @kenandogulu akam eytan tyn beraber syleme dileiyle :))
kenandogulu,RT @zrrncls: Akam olsa da konsere gitseeeeeeek ! @kenandogulu
kenandogulu,"RT @meliscansu: eveeet alinacaklar alindi simdi eve gidip hazirlanma zamani,aksam bostancida @kenandogulu ile cildirrrma zamaniii:)"
kenandogulu,RT @GizemOkta: @kenandogulu Bugun PAMUK kalbinden tasiniyorum istiyoruzz aksamm
kenandogulu,RT @zafertunch: Bu akam @kenandogulu  ile Bostanc Gsteri Merkezi sahnesindeyiz !!! Bir hayli elenmeyi/elendirmeyi planlyoruz :) ht ...
kenandogulu,RT @Busraodyakmaz: Ne de olsa bu akam @kenandogulu beni iyiletirecek. Son saatleri saymaya baladmm
kenandogulu,RT @CenkOygur: Kenan Dogulu icin sahne hazirliklari debam ediyor. @kenandogulu @ASCelasun @umitoyuktas @okangenc @bugraakpinar http://t. ...
kenandogulu,@FadikAtasoy canim bisikletim:) gezdirin birbirinizi:))
kenandogulu,yarn akam Bostanc gsteri merkezindeyiz! saat 21 00
kenandogulu,RT @DilaraEndican: Meral Okay Matematik Ky'nde Douyor - 21 Kasm 2012 / Maslak Tim Gsteri Merkezi #hayatmatematik #meralokay http:// ...
kenandogulu,RT @KenanDoguluFan: Hazr msn stanbul? http://t.co/i3e7OoKw @kenandogulu
kenandogulu,RT @Elif_Safak: Tiyatroyu gnlden seven herkesin ilgi duyaca bir kitap geliyor... http://t.co/ahCSSkQJ
kenandogulu,"RT @zerleichda: Muhteem konsere yalnzca 3 gn kald! @kenandogulu 9 Kasmda Bostanc Gsteri Merkezinde, biletler Biletixte! http:/ ..."
kenandogulu,@gagayasar aklnza emeinize salk Yaarcm
kenandogulu,"@saba_t ahane program! tebrikler canim benim,gndz gndz ekrana kilitlediniz bizi:)"
kenandogulu,"@_mavishr normalde takmam kafaya bu tip haberleri, huyum deil twitterdan boyle seylere cevap vermek ama fazla uzadi bu konu."
kenandogulu,"@_mavishr Yalnla ks falan deiliz,nerden kyor bu samalk anlam deiliz.selamlamadmz da doru deil.kardesim o benim"
kenandogulu,#powerfm20yasinda iyi ki varsn Power fm! nice mzik dolu yllar!!!
kenandogulu,RT @meryemceonline: @kenandogulu Ltfen Duyuralm OK ACL!! Tiyatro oyuncusu Zihni Gktay iin OK ACELE O Rh (+) POZTF Kan ihtiyac  ...
kenandogulu,Beikta Cumhuriyet Konserinden bir video 10. Yl Mar ve tek bir yrek olmu Cumhuriyet ocuklar! http://t.co/eXEpTI7f
kenandogulu,"her sabah 6 yla7 arasi sahneye kan komumun kpei bugun yine super bi konser verdi,Allahtan bizim 4 l gaza gelip ona katlmyor.gnaydn"
kenandogulu,"RT @secilozz: @kenandogulu sradaki klip ""bir ileri iki geri""ye gelmeli derim:)) nasl gzel bir arkdr, ooo-ooo ksmlar ayr gzeld ..."
kenandogulu,@ipekdurkal imdi daha doru oldu galiba ipekciim:)
kenandogulu,evet 9 kasm bostanc gsteri merkezindeyiz! http://t.co/F6xqt8ho
kenandogulu,RT @ghstrk80: Yaralarn pe pe AK'la sarsam...nasl bir sz bu!Harika tesi bencede kliplendirmeli @kenandogulu
kenandogulu,@duygu_dag stanbul'un klibi yaza doru gibi sanki
kenandogulu,RT @yeterbas: @kenandogulu 'Kardan Kadn' arknz varya ite o muhteemm..;)
kenandogulu,herkesin gn gzel olsun
kenandogulu,RT @milaelif: Kardan kadina klip isteyebilirmiyim? @kenandogulu
kenandogulu,@Merve_Kdfc ikinci klip ona geliyor ;)
kenandogulu,:))) Natalie hayranmm! ilahi Blent:) http://t.co/nafrS8jg
kenandogulu,RT @k_adraj: @KenanDoguluFan 29 Ekim 2012 @kenandogulu Konseri -Beikta Meydan-http://t.co/M1vQdX1X
kenandogulu,"RT @erhantuzkan: @PelinFen @kenandogulu @PelinFen @kenandogulu Eitime hep destek olmalyz ,tpk O nun gibi, tpk Onlar gibi saygyla ..."
kenandogulu,"RT @PelinFen: @kenandogulu atamas yaplmayan gen retmenlerin sesine duyarsz kalmayn ltfen.. eitime destek, lkemiz geleceine ya ..."
kenandogulu,"RT @PelinFen: @kenandogulu sistem deitirmek yetmez,sistem retmensiz ilemez. lkemiz rencilerinin bize ihtiyac var. ltfen destek ..."
kenandogulu,RT @GaniMujde: Aslnda frtnann gz denilen yer en gvenli yerdir ama en fazla 40 kilometre apl bir dairedir.te fotosu. http://t. ...
kenandogulu,sahneden bir kare http://t.co/aqK2B1kd
kenandogulu,Beikta belediye bakanmz smail nal ve konsere emei geen herkese teekkr! http://t.co/axgiQ4zP
kenandogulu,Beiktataki kutlamamz ok guzel geti!katlan ve arklar hep bir azdan syleyen Cumhuriyet ocuklarna teekkr!! http://t.co/9pZLHjoR
kenandogulu,RT @demiryesim: En sevdigimle kutlanir Cumhuriyetim bayramim  @kenandogulu http://t.co/sDWFGXg4
kenandogulu,#Trkiyeninbayram konser muhteem olacak 20.30 da Beiktatayz!!!
kenandogulu,RT @NOdabasi: budur!!! http://t.co/QyrdNwSs
kenandogulu,"Cumhuriyet bayrammz kutlu olsun!!!
#TheLeaderofMilleniumAtaturk"
kenandogulu,RT @sehrazatmusic: @s34y: ..**Happy Birthday Republic of Turkey..(..Dnya Duysun..)** #TheLeaderofMilleniumAtaturk
kenandogulu,Herkese iyi bayramlar!:)
kenandogulu,"#BuNeYaa super klip oldu!tesekkurler  murad kucuk 
http://t.co/mZjLqeoy"
kenandogulu,"RT @ahmetcankrtpr: @kenandogulu bu klipte ""eytan ty"" var,milyonlarca izlenir! :) http://t.co/qFnDPxNP"
kenandogulu,"RT @ozge_kadircan: .
beklenen klip sonunda geldi #seytantuyu speerrr olmus ellerinize saglik @kenandogulu :) Kenan Doulu - eytan Ty ..."
kenandogulu,"RT @selmaozkann: Klip sper, arkya yorum bile yok ayrca Kars'inda bu kadar gzel olduunu bilmezdim.. @kenandogulu  http://t.co/aWZIN1Wh"
kenandogulu,RT @Sareakcil: @kenandogulu favori arkma klip gelmi harika olmu ok beendim hatta bayldmmmmmmm :) http://t.co/uPLMTkGD
kenandogulu,"RT @MerrveSahin: Neden benim sana zaafm,gnlme ila m attn nedir? #seytantuyu
Kenan Doulu - eytan Ty  http://t.co/GxgGtjUB"
kenandogulu,RT @mcabbasoglu: Kenan Doulunun yeni klibi eytan Ty ilk kez Facebook sayfasnda! http://t.co/3f7V2LnC #seytantuyu @kenandogulu adam ...
kenandogulu,RT @dikbasilayda: Kenan Doulunun yeni klibi eytan Ty ilk kez Facebook sayfasnda! http://t.co/EvsRHkSt #seytantuyu @kenandogulu
kenandogulu,RT @buket_ken: @kenandogulu ohooo ben klibi simdiden 30 kere belki 40 kere izledimmmm yani #seytantuyu bu kadar guzel olmus  :))
kenandogulu,RT @Duygu_Grlr: beklenen klip #seytantuyu speerrr @kenandogulu :) Kenan Doulu - eytan Ty: http://t.co/dsrGIUob
kenandogulu,"RT @zerleichda: Ama sende ""eytan ty"" var, kahretsin! Kenan'n yeni klibi bugn sadece burada... http://t.co/AYZlD00C #seytantuyu @ken ..."
kenandogulu,Eveeeeet! #seytantuyu arksnn klibini birazdan Facebook sayfamdan izleyebilirsiniz. Tam 16:00'da! http://t.co/2DI0w1l4
kenandogulu,YEN VDEO!!!:)eytan Ty 'nn klibi ilk kez Facebook sayfamda olacak!!!  Pazar 16.00y bekleyin! https://t.co/307b0W9Z
kenandogulu,:)) ya bu Ay dan arsa aldlar haberi ne?:)) ok gldm.inananlar oluyor bir de!alemsiniz :)
kenandogulu,RT @OzanDogulu: #dagilmakistiyorum diyenler. ste klibimiz :) http://t.co/PqHHOoWS
kenandogulu,"Kars emniyet mdrl ve Valiliine,izinler iin Kltr bakanlna teekkurler.Gzel bir klip olacak.Buras ok gzel http://t.co/XmYRJFyA"
kenandogulu,Kars Ani harabelerinde eytan tynn klibinden bir kare! http://t.co/oRMYHgBk
kenandogulu,@ayseozyilmazel :) klip de yolda ayseciiiim
kenandogulu,http://t.co/GVSmuKhE
kenandogulu,:))  http://t.co/fuKMy2Tm
kenandogulu,RT @erhantuzkan: @kenandogulu http://t.co/WjwqOXE9 Garip Belgeseli-Neet Erta (Tek Para)  Can Dndar'n hazrlam olduu Garip belges ...
kenandogulu,Mekan Cennet olsun.Neet erta unutulmayacak!Gnllerdedir yeri...
kenandogulu,"RT @NesetErtas: u fani dnyaya geldim gidiyom 
Sk tut bir yarin elinden gnl 
Yarine yar isen daha ne diyon 
Anca yarin anlar halnd ..."
kenandogulu,RT @erhantuzkan: sevgi emektir:) @kenandogulu http://t.co/x92aNBei
kenandogulu,:) http://t.co/ecHCbc2H
kenandogulu,Dnya sizin onu dlediiniz gibidir... http://t.co/VXVYRWbB
kenandogulu,:))) http://t.co/p7fFYWJE
kenandogulu,vehbi dincan'n bugnk yazs duyguladrd beni:)tutamyorum zaman:) http://t.co/8OxgpIXT
kenandogulu,Alaat ans http://t.co/Go39rqMN
kenandogulu,seytan tuyu klipte kullanacam mikrofonu buldum.antikacda beni bekliyormu http://t.co/nBOtCUVp
kenandogulu,emenin sakzl kahvesi!bomba! http://t.co/aBKbCwpv
kenandogulu,alaatya hayran olmamak mmkn deil!Bugun de bir melee rastladm sokaklarnda http://t.co/JcPDRH1t
kenandogulu,mthi bir konserdi emenin deli rzgarnda:)seneye yaza grmek zere!!!
kenandogulu,RT @esracandas: @kenandogulu Muhteem.Yazn en iyi arklarndan biri. Ozan Doulu feat. Model #dagilmakistiyorum http://t.co/E6wn5lLV
kenandogulu,harika bir geceydi!yeni arklar elik edilecek kadar renilmi ve sevilmi:)yaasn!!!yarn eme!!!
kenandogulu,Bu akam Harbiye Akhavadayz! #askaturlubirkonser hashtagi ile atacanz tweet ve fotoraflar konser srasnda ekranlarda yaynlanacak
kenandogulu,"@saimecelikdemir @cebeciserkan hazrm,hem de bomba gibi:)akam sper bir konser daha olacak.bu yazki ist.konserlerimin sonuncusu!!!"
kenandogulu,"umuda yolculua,olaylara iyi tarafndan bakmaya ve bi deiiklik yapmaya,herkes nce kendi iinden balamal.bugn farkli bir gn olsun"
kenandogulu,"sevgiden,bartan,aktan bahsedenler iyice azald.silkinip toparlanma,olaylara guzel tarafndan bakmaya balamak lazm."
kenandogulu,"gazeteleri ap da glmseyerek gne balamalar,birileriyle,bi eylerle gurur duyup vnmelere hasret kaldk"
kenandogulu,bir guzel habere hasret kaldik millete.byl bir denek lazm memlekete!
kenandogulu,perembe gn stanbul konserine gelenler kimler bakalm?
kenandogulu,RT @gunesyenidunya: @kenandogulu az kaldi :))) persembe aksami harbiye yikilcakkk
kenandogulu,"@GeErgen @yoncatim belki de single kt, ya da bi hit kt,ara beni ltfen:)"
kenandogulu,#30agustos Zafer bayrammz kutlu olsun!!!
kenandogulu,InStyle ekimi kamera arkasndan en zel anlar http://t.co/j79R0fZe @Instyleturkiye
kenandogulu,@EbruGundes :)canim arkam sesine salk hayrl uurlu olsun
kenandogulu,Gaziantepte yaanan terr olay nedeniyle harbiye akhava konserimizi ileri bir tarihe erteledik arkadalar.yeni tarihi haber vereceim
kenandogulu,Gaziantepi kana bulayip butun lkeyi gzyana bulayanlari lanetle knyorum.Bayrami uzuntuye boganlara yaziklar olsun:(
kenandogulu,Kurucesme arena konserini kaciranlara surpriz video! http://t.co/6sl26Yrx
kenandogulu,22 agustosta stanbulda olanlarla akhavada  bir kez daha kurtlarmz dkeceiz elbet:)
kenandogulu,Kurucesme arena konserini kaciranlara surpriz video!http://t.co/6sl26Yrx
kenandogulu,yi bayramlar !!!
kenandogulu,RT @DilekMlle: @kenandogulu #franszcaogretmenleriatansn YILLARDIR KADRO VERLMEYEN FRANSIZCA RETMENLER ENAZ400 KADRO STYOR.SESM ...
kenandogulu,22 agustos stanbul konseri icin tm hazrlklar tamam!:)aka trl eylerden repertuara girmesini istediiniz arklar yazn!
kenandogulu,RT @furkis96: @kenandogulu 17 Austos 1999 | Depremde hayatn kaybeden insanlarmz bir kez daha sayg ve rahmetle anyoruz.
kenandogulu,RT @ntv: 17 Austos Marmara depremi 13. yldnmnde anld http://t.co/ORmqADjq
kenandogulu,@GeErgen :) haydi hayirli olsun!!!
kenandogulu,"RT @GeErgen: Cd fabrikaya, Karonet matbaaya baskiya gider... @kenandogulu senin gibi, benim gibi rengarenk dunyalar gibi cd ler;) http:/ ..."
kenandogulu,#gulbenergendurdurundunyayi yaz yakasndan yakalar :)
kenandogulu,"ay boyunca  Samsung'la ektiim fotoraflar... http://t.co/ZGTcsqa0
oylamann bitmesine son 1 gn! #kenanla30gun"
kenandogulu,Aka trl eyler D&amp;R larda 1 numara!!! Gzel haber!:) teekkurler herkese!!!
kenandogulu,RT @dilaragurses: @SamsunDemir: D&amp;R haftalik satis listesi :)  http://t.co/SugaEX7U @kenandogulu 1 numara :)
kenandogulu,"1 ileri 2 geri,zevk alalim ve tabiiki bal gibi:)"
kenandogulu,"Aka trl eyler,eytan ty,Kardan kadn,Rica,bisiklet,tencere kapak,hayirdir inaallahtan birine ekerim gibi klibi"
kenandogulu,Aka trl eylere gsterdiiniz ilgi iin teekkrler!Herkesin favorileri yava yava ortaya kmaya balad;)
kenandogulu,Kenanla30gun.comda ektiim fotoraflar paylamaya devam ediyorum. #kenanla30gun
kenandogulu,RT @KenanDoguluFan: te Kenan'n Birmilyonuncu yesi KDFC'den @eSiN_Kdfc :) Tebrikler @kenandogulu http://t.co/XyFPbstR
kenandogulu,RT @didempekmutlu: Bu gece Kurueme Arena'da #askaturluseyler yaanacak!
kenandogulu,RT @gozzde: #askaturluseyler gerek..
kenandogulu,RT @pelintn: Kurueme #askaturluseyler 'le dolu bir gece yacak! Hazr msn stanbuuul?
kenandogulu,"RT @dilaragurses: #askaturluseyler Aska dair baka trl seyler.. 

@kenandogulu 

Kurueme'de ask kokusu var.. :)"
kenandogulu,"RT @cgdmysn: Onlarca insann iinde ellerinden tutup dans edebilmek, ""seni seviyorum"" diye barabilmek sadece #askaturluseyler dir."
kenandogulu,"RT @The_MistressF: baska trl eyler deil, benim istediim #askaturluseyler anladn m?!"
kenandogulu,RT @tanemebrusengul: Biz kenan konserine gidiyoruz @tanem2121 #askaturluseyler zamaniiiiii balll gibiiii ;):)
kenandogulu,RT @melekmiyimne: @kenandogulu senden rica etmitiimm #askaturluseyler bitse de saygmz kalsn demitimmm beni mahup mu ettiiinn :))
kenandogulu,"RT @dilhanc: Yeni albumu illk kez dinlicemm,cok heyecanlii #askaturluseyler zamani @kenandogulu"
kenandogulu,RT @busecemre: #askaturluseyler dunyanin en eglenceli en pozitif insani  beni bi RT  yapsan dunyanin en mutlu insani olabilirim :)) @ken ...
kenandogulu,RT @eyllzbahar: #askaturluseyler dogal olur esas olur. siyah beyaz ayn terazde bazen yanls olur ama yinede gzel olur @kenandogulu
kenandogulu,RT @aydilkiracc: boverin hereyi glmseyip #askaturluseyler yaayalm.
kenandogulu,RT @MesutSertt: #askaturluseyler  hayatn kendisi gibi birey
kenandogulu,RT @zerleichda: #askaturluseyler @kenandogulu dan mesaj var :)) http://t.co/aTpJZdUy
kenandogulu,"RT @asyaliderler: Ne dostu ne arkada ya ? Anla artk, seninle #askaturluseyler aka."
kenandogulu,"RT @damlahacioglu: ak gerek, sevmek gerek,pmek gerek,sayg gerek,elenmek gerek baka trl eyler  #askaturluseyler gerekkk :)"
kenandogulu,"RT @nacivert: #askaturluseyler sermeyeli birinin yollarina cok oldu, sarki guzel de buna eslik edecek bir ask gerek artik"
kenandogulu,RT @YalcinkayaSinem: Bu gece #askaturluseyler gecesiiii :)
kenandogulu,RT @AkyuzOsman: #askaturluseyler 'i hala seviyoruz hepimizde bal gibi @kenandogulu
kenandogulu,RT @zerleichda: #askaturluseyler en gzel eyler deil midir ya
kenandogulu,RT @iremsarica: @kenandogulu tam umidini kestigin an oyle bisey olur ki #askaturluseyler yeniden dogmus gibi yasarsin
kenandogulu,"RT @BusseKoc: Onun gulumsemesi,sohbeti,bakisi,herseyi #askaturluseyler @kenandogulu"
kenandogulu,10 Tweete imzal #askaturluseyler  gndereceim! :)
kenandogulu,Akam bizi aka trl bir konser bekliyor! Haydi siz de #askaturluseyler inizi yazn!
kenandogulu,evet yarn stabul kurucesme arena Garanti bonus konserim var!!!
kenandogulu,eme konseri de muhteemdi! ne elendik anlatamam.bu akam Kuadas!!! http://t.co/K0QhCt75
kenandogulu,"haydi eme elence zamaniiii! 
sahne saati 24 00 ! konser yarn biter:))"
kenandogulu,zlemiim Bodrumumu! aksam konser harika olacak.buralarda olup gelebicekler imdiden iyi elencelerrrr:)
kenandogulu,yol stnde durup ky kahvalts! turnelerin en sevdiim alkanl http://t.co/007V7UxB
kenandogulu,"ektiim 30 fotoraf http://t.co/Col36jh6da sizinle paylamaya baladm. Fotoraflara oy verebilir, yorum yazabilirsiniz. #kenanla30gun"
kenandogulu,evet bence de ahaneydi konser teekkrler Antalya!
kenandogulu,Antalya rixosta krallar gibi arlandik:)imdi ver elini Bodrum! http://t.co/i6QnuJ4h
kenandogulu,Antalya konseriyle sevgili turnemize balyoruz!:)antalyallara ve sahne zerinde ve arkasnda emei geen herkese iyi elenceler!!!
kenandogulu,RT @KenanDoguluFan: 18 Temmuz Kurueme Arena Konserinde @kenandogulu nun bir milyonuncu takipisi Kenann sahnesine konuk oluyor! Ay ...
kenandogulu,11 temmuz Antalya konserine hazirmi Antalya?
kenandogulu,Aka trl eyler!!! doum gnn kutlu olsun!!! http://t.co/VuLcoYn6
kenandogulu,RT @zerleichda: Bu #askaturluseyler neler acaba? Haftasonu alnz dinleyiniz ve konserlere kadar hep beraber syleyecek hale geliniz.. h ...
kenandogulu,"haydi konserlere!:)
11 tem. Antalya
13 tem. Bodrum 
14 tem.eme
15 tem. Kuadas 
18 tem.stanbul"
kenandogulu,Ntv Gece Gndz canl yayn anlurfa'da yaanan son dakika olaylar nedeniyle ertelendi arkadalar
kenandogulu,az sonra NTV 'Gece Gndz' programnda Yekta Kopan'n konuuyum
kenandogulu,http://t.co/weaotrsa ile aranzdaym :) hepinizi ok seviyorum
kenandogulu,evet p.tesi akam canm aabeyim lhan een'in akhava sahnesine konuk olacam doru
kenandogulu,akhava konserini kacrdk diye zlen arkadalara iyi haber! duymadysanz;18 temmuz kurucesme Arena konseri var st.da en yakn
kenandogulu,aksam Beyaz show millet! iyi seyirler:)
kenandogulu,Beni 'mention'layarak konserde soylememi istediginiz sarkiyi yazabilirsiniz...
kenandogulu,Konser oncesi sarki isteklerinizi aliyorum :))
kenandogulu,evet son hazirliklar http://t.co/CKcfh3J9
kenandogulu,yarinki konserin provasindayiz! http://t.co/CkCBD2Hm
kenandogulu,Aka trl eyler var tabiiki repertuarda sali akami! istanbulda olanlar bekliyoruz konsere akhavaya!!!12 haziran
kenandogulu,Aka trl eyler -2- http://t.co/UvC7QJb2
kenandogulu,Aka trl eyler  -1- http://t.co/OTMMLMLp
kenandogulu,Yeni bomba:)Aka trl eyler'in szlerini buyrun efendim!:)
kenandogulu,ehromla bahcede Aka trl eyler i dinliyoruz:)) cok sevdi pek mutluyum
kenandogulu,vay be http://t.co/ZrRIrEVC
kenandogulu,hep gzelsin be Ankara!!! http://t.co/5IUV2l53
kenandogulu,super bir Ankara konseri daha:))teekkurler http://t.co/swe2LnrR
kenandogulu,doum gnm kutlayan btn sevenlerime sonsuz teekkrlerrrr!!!:)))
kenandogulu,"RT @GuzellSozler: Ve ak; O omzuna yattnda, rahatsz
 olmasn diye kln bile kprdatmamaktr.

[Can Dndar]"
kenandogulu,"son donem singlelarm Kalp kalbe kar,ans melegim,Dr,Geer ve Gule gule de #askaturluseyler  albmmde!!!"
kenandogulu,http://t.co/rLg8p74e Dr Yepyeni video:)!!!
kenandogulu,RT @Badeparlak: @kenandogulu #askaturluseyler bu hayatta basimiza gelicek en guzel seylerdir
kenandogulu,RT @Kcobainbebegim: #askaturluseyler onu grdn o an dnyann yavalamasdr.. @kenandogulu
kenandogulu,RT @yunusaltas: #askaturluseyler hep yazlr izilir bestelenir
kenandogulu,RT @gmzkrmn35: #askaturluseyler bir kii ile geriye kalan herkes arasndaki farkn ok fazla abartlmasdr.Demi -Bernard Shaw.
kenandogulu,"RT @AkalinMerve: #askaturluseyler deyince aklma,Cemal Sreya geliyor.Annem ok kkken ld 
beni p, sonra dour beni. -Cemal Sreya"
kenandogulu,RT @Ipek_Ozarslan: Kenan Dogulu'nun yeni album adinin #askaturluseyler olmasi.. Duydugum en guzel album adi olabilir!
kenandogulu,"RT @SelenGizemCaba: @kenandogulu  #askaturluseyler  arpan kalp, midede uuan kelebekler, kararan gzler, uuan etekler........"
kenandogulu,RT @hanCNR: #askaturluseyler hadi bieylerimizi takas edelim glnden ver mrmden al
kenandogulu,RT @ecemeksi: #askaturluseyler Hatta sinirlendiginde bile ona sen benim en guzel derdimsin demektir. @kenandogulu
kenandogulu,RT @GlbaharYaka: #askaturluseyler bir kiinin dnyann geri kalanndan daha deerli olmasdr
kenandogulu,RT @buse_mb06: #askaturluseyler Hi Olmayacan Bile Bile Bir Umut Beklemektir..
kenandogulu,RT @bulendi: Senden geriye kalan sylenmemi szler ve #askaturluseyler
kenandogulu,"RT @DilaraGltkin: #askaturluseyler @kenandogulu Kimse sen gibi kimse ben gibi olamaz
Biliyoruz ikimiz de bal gibi diyeblmektir.."
kenandogulu,"RT @ecenazc: #askaturluseyler bir ark,bir cmle,bir film karesi.. her an olabilir, herhangi bir ey deil,zeldir."
kenandogulu,RT @AliGonkek1903: #askaturluseyler gzlerinin renginde kalbinin att her arpntda seni seviyorum demek
kenandogulu,RT @eSiN_Kdfc: @kenandogulu #askaturluseyler 2 saat nce Kenanla otobste konumaya almak vee ona olan akn sevgini sonunda syleye ...
kenandogulu,RT @cerencoskn: #askaturluseyler lazm ama hep baka trl eyler var.
kenandogulu,RT @minnosum81: #askaturluseyler sevgiliye simsiki siki siki sarilmaktir...
kenandogulu,RT @herseynorrmal: #askaturluseyler onun gln bi kutuya  hapsedip hep yannda tamak istemektir :)
kenandogulu,RT @meliscansu: #askaturluseyler beni de bulsa hani artk:D
kenandogulu,"RT @gamzeondes: #askaturluseyler kalbin gum gum atmasi...surekli onu mutlu etmek icin dnlen hediyeler,sprizler,pastalar,brekler :) ..."
kenandogulu,"RT @fatmacagdas: #askaturluseyler Sadakattir, gelip geici tm duygulardan sonra O'nunla var olmak adna.."
kenandogulu,"RT @BegumTurkan: #askaturluseyler Gven/gvensizlik, sevgi, hosgr, kavga-grlt, samimiyet ve K.D :) @kenandogulu"
kenandogulu,"RT @melisakgun: #askaturluseyler kimi zaman masaldr, kimi zaman husran."
kenandogulu,"RT @Mustafa_KRKT: @kenandogulu #askaturluseyler deyince,dunyanin butun olumsuzluklari omuzlarina binmiken onu dndnde ayaklarin ye ..."
kenandogulu,RT @esrasoylu: #askaturluseyler iin sylenecek ne ok ey var!
kenandogulu,RT @salmanelvan: #askaturluseyler olmali insanin hayatinda... :)
kenandogulu,RT @KenanDoguluFan: #askaturluseyler sevgiliyle kumsalda el ele yrmektir...
kenandogulu,RT @zerleichda: #askaturluseyler sevgilinin tatl gzlerini pmek pmek pmektir... bazen de pememek
kenandogulu,"RT @feyzahasircilar: @kenandogulu #askaturluseyler aska dogru goturen guzellikler geliyor aklima. lk duydugun heyecanlar, kipirdanmalar...."
kenandogulu,Bu arada #askaturluseyler deyince sizin aklnza neler geliyor merak ediyorum...
kenandogulu,"25. kiiyle de konutum arkadalar ad Egem, imdi #askaturluseyler albmnn son arksnn son detaylar iin almam lazm! pyorum :)"
kenandogulu,Hala devam ediyoruz
kenandogulu,17. kiideyiz :)
kenandogulu,Bilge'cim kzma hem konuup hem yazmak zor oluyor :)
kenandogulu,Hatay'dan Zlfikar kardeimle konuurken telefon kesildi sevgiler Hatay'a
kenandogulu,"imdi Dilara ile konutuk, sevgiler Dilara :)"
kenandogulu,"Henz 7. kiideyiz daha 18 kii var, biraz muhabbet ediyoruz merak etmeyin megul olabilir aramaya devam :)"
kenandogulu,u an 6. kiiyle konuuyorum ad Ceren :) aramaya devam edin
kenandogulu,05425973880 hadi bakalm ilk kim?:)
kenandogulu,Birazdan cep numaram vereceim! ilk arayan 25 kiiye yeni albmmn ismini bizzat syleceim!:) ara beni lutfen!!!
kenandogulu,18.30 da surprizim var unutmayin!;)
kenandogulu,yarin saat 18.30 da bir surprizim olacak size! en saglam takipiler hazirlikli olsun
kenandogulu,Ollllleeeeyyy:)Tebrikler Can Bonomo ve ekibi!!!yolumuz ak olsun
kenandogulu,kalbim senle Can bonomo!
kenandogulu,@FatihBilfen ben tesekkur ederim ahaneydi!
kenandogulu,harika bir konserdi! teekkrler bilfen orkestrasi!:) http://t.co/DLjoqUoT
kenandogulu,teekkrler!:) en cok dinlenen ve en cok indirilen Bal gibi! http://t.co/O1s5jkJg
kenandogulu,RT @mehmettez: Bee Gees solisti Robin Gibb veda etti http://t.co/YXgpoMBC
kenandogulu,RT @fikretozonur: Sislide 19 mayis coskusu :) http://t.co/m33aYM0M
kenandogulu,RT @zerleichda: @kenandogulu ile #19Mayis  http://t.co/AAXFy9TC
kenandogulu,RT @esracandas: @kenandogulu Kenan Doulu zmir Alsancak Gndodu meydannda 100 Bin kiilik konser verdi. Fotoraflar(1) http://t.co/Nq ...
kenandogulu,RT @esracandas: @kenandogulu Kenan Doulu zmir Alsancak Gndodu meydannda 100 Bin kiilik konser verdi. Fotoraflar(2) http://t.co/i5 ...
kenandogulu,RT @esracandas: @kenandogulu Kenan Doulu zmir Alsancak Gndodu meydannda 100 Bin kiilik konser verdi. Fotoraflar(3) http://t.co/ek ...
kenandogulu,RT @esracandas: @kenandogulu Kenan Doulu zmir Alsancak Gndodu meydannda 100 Bin kiilik konser verdi. Fotoraflar(4) http://t.co/y2 ...
kenandogulu,"RT @MeLTeMCe: Havasi gzel, Denizi gzel ,insan gzel zmir bu gece Gndodu da @kenandogulu ile bulumaya hazir.@fikretozonur http:// ..."
kenandogulu,RT @SelimSefada: 12 Haziran 2012 Harbiye Akhava Tiyatrosu - Kenan Doulu - Yeni albm ilk konseri @kenandogulu
kenandogulu,@sinanakciloffcl :)canim kardesim seni gormek hep cok guzel.samsunda iyi sahneler
kenandogulu,Izmir Gundogdu meydanina muhtesem bir sahne kurulmus!niye acaba?:)
kenandogulu,Can bebegim can kusum:)aksam konseri kacirma cok eglenecegiz:))
kenandogulu,RT @cebeciserkan: Kenan Doulu biletleri. Resmi Biletix Sitesi. @ http://t.co/lxExLxP3 @kenandogulu
kenandogulu,RT @caglaryasan: @kenandogulu 12 Haziran Harbiye Cemil Topuzlu Akhava Sahnesi biletleri biletix'te!! http://t.co/dmSJW19t
kenandogulu,"http://t.co/6mToo0xb 
ne guzel konserimdin sen ankara universitesi:))"
kenandogulu,@fusunmugeb konser ank uni. Salatada performans yok
kenandogulu,Ankaraya su an giris yapti tur otobusumuz!aksam ankara universitesi konser! Sahne saati 22 00 !
kenandogulu,@GeErgen @doguluozan hergn konser var studioda da benim album bitiyor:) cok heyecanl!sonra hemen glbenciimin arks geliyor!:)
kenandogulu,http://t.co/OSDvdEDk
kenandogulu,http://t.co/EmFgA5bi
kenandogulu,bi kac resim daha http://t.co/GtuB3iW7
kenandogulu,bal gibi kltr niversitesi!:)10.gunde  bal gibiyi baira ara syledik!cok guzeldi http://t.co/ixaendi3
kenandogulu,tekrar gormek zere kltrrrrr:)))) http://t.co/6Lf7K4im
kenandogulu,RT @zerleichda: kndan 10 gn sonra #balgibi @kenandogulu  http://t.co/YMo0wP1Z
kenandogulu,Supersiniz @IKUedu #mayfest2012 en kotu gunumuz boyle olsun... http://t.co/NxLTFZst
kenandogulu,kltr niversitesi konseri iin geri saym balad!iyi elenceler arkadalar!!!
kenandogulu,RT @zerleichda: 200 ksur arkdan hangi birini koyacak acaba repertuara bu gece @kenandogulu #mayfest2012 @IKUedu http://t.co/LaU2Rx8r
kenandogulu,@sinanakciloffcl ;)
kenandogulu,"RT @sinanakciloffcl: Mutluyuz,gururluyuz;)) @kenandogulu http://t.co/N8mMoPf1"
kenandogulu,koc universitesi superdiniz!!! http://t.co/UAGA1Q4U
kenandogulu,@djkadircetin @samsundemir :) sagol kardesim
kenandogulu,RT @Kdfcsimay: Kenan Doulu bu akam Ko niversitesi Bahar enliinde sahne alyor! :) @kenandogulu http://t.co/LjpGO9by
kenandogulu,RT @TijenRashid: http://t.co/Z6GMHGG0 Bag Gibi 4 gun icinde 586.979 kez dinlendi @kenandogulu eee #balgibi sarki
kenandogulu,@handeblbl o gece konser degil.ank uni. konserinin after partisi.ben gelicem eglenceye siz beni eglendireceksiniz:)
kenandogulu,haha:) sezonun ilk erii! hastasym http://t.co/4vBS6Bum
kenandogulu,@kenandogulu: hayatin kargaasna biraz #ES verip aka zaman ayirmak da lazm
kenandogulu,Kral gecesi giydigim ve diger deri montlarimla ilgili cok soru geldi. Hepsini Derimod ozel olarak hazirliyor ben de seve seve giyiyorum :)
kenandogulu,@GozdeKansu @canandogulu :)) 2012 yi cok sevdim
kenandogulu,3 gunde 425000 kii dinlemi you tube da teekkurlerrrr!!!:) http://t.co/izHIit0t
kenandogulu,@GeErgen :))) grmen lazm glbenim bir prenses daha geldi dunyaya! durduralm artk dnyay binecek var:)
kenandogulu,"ayrca canm kzkardeim bir tanecik canoumun da doumgn bugn!!!:)) mutlu salkl,sevgi dolu yllar canm benim!!!"
kenandogulu,@ayseozyilmazel :))) sagol canm
kenandogulu,RT @ufukergin: Kenan Doulu #balgibi 4 gnde rekor dinlenme ve izlenme oranna ulat. Budur ! :)
kenandogulu,@NOdabasi sagol nihatcigim:) saglikli sihatli insaallah!bir fotograflar cektim lila nin kiskanirsin:)))
kenandogulu,2. kez amca oldum!:))bugun bizi dnyann en mutlusu yaptn!canim yienim Lila bebek!hogeldin!:))
kenandogulu,RT @Turkcell: .@KenanDogulunun beklenen single Bal Gibi ilk kez ve sadece Turkcell Mzikte! cretsiz dinlemek ve indirmek iin: ht ...
kenandogulu,#balgibi sevdiniz mi?
kenandogulu,RT @zerleichda: @kenandogulu #balgibi ile az sonra sahnede http://t.co/Lt6f5sHs
kenandogulu,18. Kral Mzik dllerinde #balgibi ile sahneye kmama ok az kald! @KralPopTV  #kraltvmuzikodulleri
kenandogulu,Az sonra 18. Kral Mzik dllerinde #balgibi ile sahnedeyim!
kenandogulu,RT @KenanDoguluFan: Devamn birlikte dolduruyoruz! #balgibi biliyoruz...
kenandogulu,RT @DoguluOzan: #balgibi bu gece patlar arkadaslar:)
kenandogulu,seviyoruz ikimiz de #balgibi
kenandogulu,genel istek zerine BAL GB 'nin tamam :) #balgibi http://t.co/bAOW9PWC
kenandogulu,"sevmezsin ok syleneni,guzel ban artmak deil derdim,inanma dostlara iyi deilim,sadece bilmi ol diye..."
kenandogulu,"resmin ge dyor,her yerde sen,sana ait eyler,sistemimden skp atamyorum,ama zlme yok biey"
kenandogulu,akam ilk kez dinleyecek olanlar elik edebilsin ilerinden diye szlerin bir ksm:)
kenandogulu,"gel de sen savun kolaysa kalbime,bu sebepsiz ayrlik nedendirki?kimse sen gibi kimse ben gibi olamaz biliyoruz ikimiz de bal gibi..."
kenandogulu,"ki bu eller baka ele dokunmad,sadece bilmi ol diye"
kenandogulu,"kimse sen gibi dokunmadi,yle iten sarlmad,pp pp teslim almad,bu devredi niye?hi mi iin szlamad?ellerinle verdin ele"
kenandogulu,yarn da btn radyolarda!!!
kenandogulu,akam kral tv dl treninde canl yaynda yeni albmden BAL GB ' yi syliycem.ok heyecanl!:)
kenandogulu,@MehmetOkur13 just listen to your heart:)
kenandogulu,@eceteber kayitlar bittiiiii:))) sarkilarin isimlerini ve sozleri burdan paylasicam.cok yogunduk yazamadim hic
kenandogulu,siyah kada beyaz kalemle yazdm yeni arknn szlerini.farkll imdiden ilgimi ekti
kenandogulu,@mustafaceceli canm kardeim album hayrl olsun.yreinize emeinize salk
kenandogulu,"EKM YAPMAK ESKDEN ZORMU
YA MD ???

http://t.co/qhM61jWt"
kenandogulu,@adnygzyslyprk ;) haha alemsin
kenandogulu,"can,volkan,alp,ozan ve ben alt yaplar hazr,yaza dinleriz! http://t.co/B4GYknzP"
kenandogulu,ak dolu bir albmden ilk fotoraflar:) http://t.co/bQZf2Ctd
kenandogulu,gitarm getirin:) http://t.co/tZYLq5iZ
kenandogulu,kenan ve ozan ve yeni arklar frnda:) http://t.co/GMlBiPJt
kenandogulu,devrimin gznden ilk kaytlar! http://t.co/HFzglfxi
kenandogulu,devrim yalin kardeimin kamerasndan bu resimler http://t.co/gHHyKLxZ
kenandogulu,ozi ve ken http://t.co/TrU39NWH
kenandogulu,studiodan ilk foto! http://t.co/dNFMwr0z
kenandogulu,@canbono25 gereim kardeim kendim yazyorum ben.sevmiyorum bakalar tarafndan yazlmas fikrini.biliyorum az yazdm.az ama ben:)
kenandogulu,yeni albmn arklar ortaya ktka kalp atlarm hzlanyor:)sper oluyor!!!
kenandogulu,"RT @KenanDoguluFan: Ziynet Sali'nin yeni albmnde @kenandogulu bestesi""Ruh kizim"" Olaca varsa olur elbet ak bir gn bize gler elbe ..."
kenandogulu,sahnede super olmazmi?her ark bi kyafet:)) http://t.co/uQIi6Zxh
kenandogulu,@GaniMujde :)salk ve shatle dolu bir mr inaallah ganiciim
kenandogulu,@otakoid :)) haha denk geldi farkndaym.belki de onceki hayatmda domino taydm:)
kenandogulu,@MehmetOkur13 yaratclk disiplin ve almayla birleince kusursuzluk douyor:)
kenandogulu,"Bach'n Viyolonsel Suitleri'nden alnm 3 dakikalk bir para.
bu japonlar  baka bir dnyal galiba.nasl bir emek...
http://t.co/HVBqd5SH"
kenandogulu,tm ocuklarin dikkatine! 11 sene sonra cumhuriyetimizin 100. ylnda nasl bir Trkiye olacak?http://t.co/rTkfi9xo
kenandogulu,RT @gafebesi: Kony 2012 - Uganda'da 2 milyon ocuu yuvasndan karan gerilla lideri Kony hakkndaki belgesel. http://t.co/7uFGtUdr #st ...
kenandogulu,@ertu_61 @sedeftekinn evet almak ve hediye etmek :)ya da daha ok insanin duymasn salamakla da katkda bulunulabilir.
kenandogulu,aile ii iddet kampanyasna destek olan hayranlarima sevgiler.beenmenize sevindim.orbaya tuz katanlara sayg!
kenandogulu,"RT @sedeftekinn: #penti nin,geliri aile ii iddet yardm hattna aktarlacak oraplarndan en sevdiim bu http://t.co/lDlkTUPN  @kenand ..."
kenandogulu,@gozdedemirci :) haha bayldm Allah mutlu etsin! hep sevin!
kenandogulu,RT @gozdedemirci: @kenandogulu http://t.co/xPItEmNx kandirdim sarkina yeni yorum getirdik izle deriz biz :)
kenandogulu,"@ziynetsali_ ruh ikizim super oldu ziynetim:)gulen yuzu gibi kalbi olansin,sen zaten kendin guzel bir sarkisin.."
kenandogulu,can bonomo nun sarkisini cok samimi eglenceli ve tatli serseri buldum.balkan havalarina zaten bayilirim:)basarilar kardesim!!!
kenandogulu,@GeErgen @doguluozan cansin gulbenim opuyorum
kenandogulu,canim babamin yolculuk yildonumu:( gozler nemli..meleklere gitar calan adam! bi sarki da benden cal!
kenandogulu,:))) http://t.co/6RBkvFQS
kenandogulu,@benguofficial @iskenderpaydas tesekkurler canim:) klip de yolda dr a
kenandogulu,uludag konser oncesi bursada sahane bir iskender!:) patlicanli falan http://t.co/yygC0arD
kenandogulu,:)))) http://t.co/p1qCKkb9
kenandogulu,dr klip yakinda geliyor:)
kenandogulu,benden o tip pozlar cikmaz:)) bu olur mu? http://t.co/JjwXeZLL
kenandogulu,surpriz tweetlerim olacak takip edenlere sevgili kenciler:))haha panpisler gibi oldu
kenandogulu,"albumle ilgilinet tarih ver
ek istemiyorum cunki surekli iyi yeni sarkilar yapiyorum arkadaslar.ama merak etmeyin ilk siz duyacaksiniz:)"
kenandogulu,okan ve ekibine hayirli olsun ziyaretiydi de biraz.coktandir aklimdaydi.ilgiye tesekkurler sonra tekrar uzun uzun gidecegim album zamani
kenandogulu,@TijenRashid @iskenderpaydas kisa kaldim diye cok msj geldi ama studioda kayida ara verip katildim programa.hemen geri donmem lazimdi
kenandogulu,RT @TijenRashid: @iskenderpaydas @kenandogulu daha uzun kalsaydi iyiydi ama yinede salladi ne kellime.yer yerinden oynadi
kenandogulu,RT @zerleichda: Kenan bizi diskoya gotur!... @kenandogulu  http://t.co/92IOsGmf
kenandogulu,Rengarenk TV8 koridorlari... Az sonra Okan'dayim. http://t.co/f6V2R2Xz
kenandogulu,gomlekten elbise yarat:) http://t.co/kl4hQarv
kenandogulu,yanar doner basiyla level 42 nun bascisi mark king konserde kucuk bir parantez aciyor:) http://t.co/U0kL5Q1X
kenandogulu,australya tenis turnuvasinda favorim Nadal efsane Federer i eledi.herhalde seyretmesi en zevkli mac onlar oynadiginda oluyo.ee en iyi 2 !!!
kenandogulu,"RT @Kdfcsimay: @kenandogulu ""ans Meleim"" arks TTNET Mzik'te 4.204.951 kere dinlenmi! :) Emeinin karln alman gzel,hatta s ..."
kenandogulu,yeni super dizi Alcatraz ! bayildim
kenandogulu,RT @serkanyakin: @kenandogulu abicim numaran nerden bulmular :))
kenandogulu,bi de $u rus aksanli ingilizceyle 'busy now' diyen kizi degistirseler? gerci iyi guluyoruz her seferinde.kalsa daha iyi belki:)
kenandogulu,turkcell musteri temsilcisi aradi ve bu oneriyi dikkate alacagiz dedi:)sosyal medyayla bu kadar ic ice calistiklari icin tebrikss dogrusu!
kenandogulu,akliminermedikleri/2 turkcell sesli telesekreter sisteminde niye 2bip var?ing.cesinden sonra ki bip kalkmali:)derdimiz bu olsun ayrii
kenandogulu,@guvenfindikli haha bana bile oyle geldi hafif basi benziyor.will i am cakkididan esinlenmis  sanki:)))
kenandogulu,ekledestekle.com       u destekliyorum siz de bir goz atin arkadaslar
kenandogulu,Yaratici ve degisik bir calisma.so cool http://t.co/DcQon6rt
kenandogulu,"RT @Semih_Hazar: Ozan Dogulu feat. @kenandogulu ""kalp kalbe karsi"" acilen kliplenmeli !!"
kenandogulu,"Bi daha BRANDT BRAUER FRICK live at Club Contemporary Classical - Berghain, Berlin September 2009  http://t.co/YZPUJsbS"
kenandogulu,Sevdiyeseniz bir tane daha.ozellikle minimal sevenlere http://t.co/XrgxOLBM
kenandogulu,cok seviyorum bu grubu  http://t.co/mCUdJJaQ
kenandogulu,RT @ekingultepe: @kenandogulu hahahahahaaha http://t.co/oXmXkLTk
kenandogulu,@gulleylul pacanin sivanasi varsa dere islatamaz:)haha
kenandogulu,@ipekdurkal herkesin en kiymetlisi hep yaninda olsun cnm:))
kenandogulu,"Ben 2012 yi simdiden pek sevdim,hem karsilikli :)"
kenandogulu,"@faruksorak tesekkurler cnm kardesim:)biraz heyecanliyim,2012 ye ilk defa girecegim:))))"
kenandogulu,kinci en cok istek alan sarki En Zor Anim. Onu da calacagiz. http://t.co/0b0yHlnl
kenandogulu,Yarin icin prova :) Sizlerden gelen istek uzerine Bogazici soyleyecegim. http://t.co/EDBNPB3K
kenandogulu,RT @eSiN_Kdfc: @KenanDoguluFan @kenandogulu biz #kenandoguluileyilbasi na girmek isteyoruz.:D fstk ve ben fena kenan hayranyz.&lt;3  ...
kenandogulu,RT @KenanDoguluFan: Vee bu gecenin kazanan eSiN_Kdfc oldu.  Tebrikler Esin )
kenandogulu,RT @didmaz: ylba gecesi  ayamn yerden kesilmesini istediim iin #kenandoguluileyilbasi @kenandogulu http://t.co/0zsOB2kq
kenandogulu,RT @KenanDoguluFan: Veeee 5. gnn kazanan sevgili yemiz @didmaz oldu. Tebrik ediyor keyifli bir yl diliyoruz.
kenandogulu,RT @KenanDoguluFan: Yeni yla 4 gn kald. Oyunumuz devam ediyor hl ansnz var. Hadi KDFC durmak yok :)
kenandogulu,"RT @roxyfilizy: @kenandogulu #kenandoguluileyilbasi 20'10'suz geti,201'1'likte olamadk,bari 201'2'mizin yl olsun:)"
kenandogulu,RT @KenanDoguluFan: 4. gnn kazanan sevgili yemiz @roxyfilizy oldu. Tebrikler :) Bol konserli bir yl olsun inallah.
kenandogulu,RT @KenanDoguluFan: 3. gnn kazanan sevgili @evrimgltkn oldu!
kenandogulu,"RT @pelintn: Deliyim,gz kara deliyim!  #kenandoguluileyilbasi 'na giremezsem yakarm,Roma'y da yakarm ben!Yaparm Bilirsin @kenandog ..."
kenandogulu,RT @mertdavran: #kenandoguluileyilbasi gecen sene W otelde birlikte girmis biri olarak 2011 benim yilimdi bana cok ugurlu geldin @kenand ...
kenandogulu,RT @aysegull84: @kenandogulu http://t.co/yJDVlUoq AntalyaBB BANDOSUNA ZELLKLE BAYAN TROMBON VE SAKSAFON SANATISI ARANIYOR.7 K ALIN ...
kenandogulu,RT @zkcnkdgl: #kenandoguluileyilbasi muzigin bagdastirici yonunu ortaya koyup tek yurek Turkiye icin yilbasi
kenandogulu,"RT @eSiN_Kdfc: #kenandoguluileyilbasi  yeni yla akla, mutlulukla, sevgiyle kenann ansyla girmek demek. "
kenandogulu,"RT @tekgunes: 01.01.2012 00:00 hayata reset atmak iin, tm ktlklerin denizlerde boulmas iin,gzel seneler iin #kenandoguluileyil ..."
kenandogulu,"RT @alfeni: #kenandoguluileyilbasi sahnedeki bitmeyen enerjiyi seyirciye aktarmak,seyircinin deposunu dier ylbana   kadar doldurmaktir."
kenandogulu,RT @KenanDoguluFan: Gnaydn KDFC!Yln son haftas herkese gzellikler getirsin in. #kenandoguluileyilbasi iin son 6 gn. Hadi tweetl ...
kenandogulu,Arya ile Kanyon'da Ozan'n konserini izledik. Arya ben de Noel abla olucam diye tutturdu :)) @DoguluOzan http://t.co/htpSkGZA
kenandogulu,RT @sevvaldemrbay: @kenandogulu ans meleim nerelerdeydin tam zamannda geldin #kenandoguluileyilbasi balyor yanma uzan seyredelim :)
kenandogulu,RT @aytuncozer: #kenandoguluileyilbasi atom bombas etkisi yaratr. Etkisi yllarca srer...
kenandogulu,RT @cakirsinem: 9ay hamilelik sonra zorluklarla gecen koca bir yl annemde cocuga bakmayi kabul etmisken #kenandoguluileyilbasi yln d ...
kenandogulu,"RT @ekinozkurt: #kenandoguluileyilbasi demek Tarifi imkansz mutluluklar, ak, ans ve tm 2012 yl boyunca dilimdeki muhteem Kenan Do ..."
kenandogulu,RT @ezgi21s: @kenandogulu ''gne'' girmeyen eve ''doktor'' giriyorsa yeni yl sensiz nasl gesin!! #kenandoguluileyilbasi
kenandogulu,"RT @didmaz: at diye atlamak zeriyim,@kenandogulu dinleyip de dzeleyim orta olmuum bu dzenein, #kenandoguluileyilbasi na giresim ..."
kenandogulu,"RT @gzdebrkrdslr: #kenandoguluileyilbasi demek , tarifsiz eglencenin icinde kaybolmak demek.Yeniyila en guzel dileklerle girmek demek.Yi ..."
kenandogulu,RT @Kdfcsimay: Dr. derdime bul bi aree. #kenandoguluileyilbasi 'na giremiyorum yaz bi reetee :) @kenandogulu
kenandogulu,"RT @KenanDoguluFan: 2. gnn kazanan @ceyyyceyyyimm oldu! Hadi KDFC, oyuna devam, hala davetiye kazanabilirsin!"
kenandogulu,RT @burcucobanoglu: #kenandoguluileyilbasi 'na girmezsem depresyona girerim e koca bi yl yle geer mi? :) @kenandogulu
kenandogulu,RT @KenanDoguluFan: 2. ansl yemiz @selimkoyuncu1
kenandogulu,RT @KenanDoguluFan: Eveet kazananlar belli oldu.O kadar gzel tweetler geldi ki bu gn 2 yemiz Ken ile Yeni yl ansn yakalad 1. an ...
kenandogulu,Retweetlere biraz ara veriyorum cok mesaj geliyo.ilgilenenler #kenandoguluileyilbasi ndan takibe devam
kenandogulu,@YALINonline @ipeksorak batidan firtinayla geldin.e sessiz sedasiz bi giris stara yakismaz:)
kenandogulu,@iknrV su anda bi oyun oynuyoruz o yuzden bunca retweet:) yoksa ben de pek haz etmezdim bu kadar retweet saldirisindan:)
kenandogulu,RT @iknrV: Sevgili @kenandogulu retweet askina bi son versen artik !
kenandogulu,RT @FRTTMR: Her eyi boykot ederiz de...French Kiss n'olcak
kenandogulu,RT @KenanDoguluFan: ok yaratc mesajlar geliyor. Harikasnz KDFC :)
kenandogulu,@YALINonline hosgeldin bro:) ozlemissindir ist trafigini haha
kenandogulu,"RT @gulsahokka: eime yeni yla @kenandogulu  ie giricem dedim ""zaten o varken benimle girmeni beklemiyordum"" dedi garibim:)  #kenandogu ..."
kenandogulu,RT @AksuNaz: #kenandoguluileyilbasi ilk gittiim konser geldi bir anda aklma 18.yla ve yeni yla beraber girmek anlatlmaz yaamak laz ...
kenandogulu,"RT @yalinmeltem: @kenandogulu #kenandoguluileyilbasi nda Yaln , Ozi , Ken sahnede olsun . Muhteem 3 l !."
kenandogulu,RT @muzisyenn89: @KenanDoguluFan @kenandogulu #kenandoguluileyilbasi  tv de cd de degil onu canli canli dinlemk kimbilir belki butn yili ...
kenandogulu,RT @MrAldoR: @kenandogulu #kenandoguluileyilbasi hayatmn en gzel gecesi olaca iin yanmda kimin geleceine kura ekiyorum. :)
kenandogulu,RT @sedeftekinn: 40 kere yazsam gerek olur mu acaba? #kenandoguluileyilbasi #kenandoguluileyilbas i#kenandoguluileyilbasi... @dogulukenan
kenandogulu,RT @burakonal: #kenandoguluileyilbasi gecesi bi arkadaa bakp kacaktm...
kenandogulu,RT @ssanemm: @kenandogulu #kenandoguluileyilbasi Finale alan arkadan kulann dibinde PAMUK sylenir.sonu=tm snav arky syler ...
kenandogulu,RT @80THECITY: Yeni yilda sans lazimsa piyango al ask lazimsa @kenandogulu izle #kenandoguluileyilbasi kalbim seninle sans melegim
kenandogulu,"RT @iremknc: Hayr demeyi beceremeyen, kendini bilen, tutkulu, aka ve kadna ak bir adam olduu iin#kenandoguluileyilbasi seviyor ..."
kenandogulu,@benguofficial aynen cnm benim:) uzun suredir izlemedim seni gelicem en kisa zamanda!!!!:) kiss
kenandogulu,RT @benguofficial: Yeni yil gecesi Istanbul Kongre Merkezinde sahnede olmasaydim #kenandoguluileyilbasi na girmeyi tercih ederdim:)) @ke ...
kenandogulu,RT @yalinmeltem: @kenandogulu  #kenandoguluileyilbasi olmaz . Olmaz nk hep stanbulda . Neden stanbulda ? Niye orda ? Niye burda de ...
kenandogulu,RT @pokemor: #kenandoguluileyilbasi bir memurun ayba kadar heyecanl olmasa da gayet gideri var :)
kenandogulu,RT @tekgunes: #kenandoguluileyilbasi efsanedir yeniyla @kenandogulu ile girilir tm yl nee ile geirilr.hem y.ba d.gnm en gzel h ...
kenandogulu,RT @fusunmugeb: @kenandogulu 2010da #kenandoguluileyilbasi 'na girmistim yasadgm en gzel yld.Bu yla sensiz girmek korkutuyor beni; ...
kenandogulu,RT @orjinal__adam: #kenandoguluileyilbasi  dansz varm dansz..
kenandogulu,@Fx_iyi elimden geleni yaparim
kenandogulu,RT @CananKahveci: Yeni yla Ken'siz nasl gireyiiiiim. Koca bir yl onsuz geer mi?   @kenandogulu @KenanDoguluFan
kenandogulu,RT @Leyla_oraL: #kenandoguluileyilbasi harikaaaa olurdu ... tabi ki mesafeler olmasa...
kenandogulu,"RT @muratelmas: ""Kurun Adres Sormaz ki"" ile birbirine ak olup o zamandan bu yana ak kalabilen ka ift vardr bizden baka? #kenand ..."
kenandogulu,RT @sakayapiyosun: #kenandoguluileyilbasi acayiptir arkadas ! kenan abinin nesesi yeter
kenandogulu,RT @insanbuI: @KenanDoguluFan  #kenandoguluileyilbasi hi kendimi kasamcam enteresan eyler yazmak iin kim neyi nasl istiosa le yaa ...
kenandogulu,"RT @pokemor: #kenandoguluileyilbasi na girmek o gn krmz don giymek kadar nemlidir, geleneksellemeli! :)"
kenandogulu,RT @turksarisini: #kenandoguluileyilbasi her sene dogulu soyadini alma umudyla girdigim yilbasina Kenan Doguluyla girmek super olurr!:)
kenandogulu,"RT @layla_balam: #kenandoguluileyilbasi yeni yla @kenandogulu yla girersem btn ylm onunla geer e o zaman en gzel ylm balyor,  ..."
kenandogulu,RT @07Uc: Dr. Yazdi receteyi   #kenandoguluileyilbasi'na girmezsen oluceksin dedi.
kenandogulu,RT @neoldumdelisi: #kenandoguluileyilbasi ben parasiyla gelirim belee kenan dinlemek caiz deil ;)
kenandogulu,RT @Ozlemyyurt: #kenandoguluileyilbasi zel olabilirdi tm gece en sevdigim sarklarla %100 eglenme garantili. O sansl ben miyim=)
kenandogulu,RT @iremdakak: #kenandoguluileyilbasi dnlesekte dnlemesekte nefesne saglk yen yl elnden kacmayan bestelerle dolsun :)
kenandogulu,"RT @gurhansoysal: ylba hindisi 99 tl,ylba elencesi,299 tl,ylba bileti 39 tl,ylba aac 399 tl, #kenandoguluileyilbasi kutla ..."
kenandogulu,RT @zynperden: Tansm @XXIVIII bak Kenan'm @kenandogulufan bz cagryormus :)  #kenandoguluileyilbasi yaratc bir msj bulmak lazm :D
kenandogulu,RT @goncaguzel: #kenandoguluileyilbasi 15 yasimda sesim kisilarak deli gibi eglenerek girmitim yeniyila ; imdi 32 yanda ayn hislerl ...
kenandogulu,RT @serrayetek: #kenandoguluileyilbasi hibir yl noel babann getirdii hediyeleri alamadm sanrm ya minem yoktu ya noel babam
kenandogulu,"RT @dilaragurses: Her yln bir gzellii var en guzel yilimdayim 
Ya #kenandoguluileyilbasi na girerim ya da oturup aglarimm :)"
kenandogulu,RT @07Uc: #kenandoguluileyilbasi bana tek kisilik lazim.. Planlarima gore konser sonunda kenan bana asik olucak..
kenandogulu,RT @eLoLife: Send a creative tweet with the #kenandoguluileyilbasi hashtag to win tickets to Kenan's new year's eve VIP concert! @chamad ...
kenandogulu,"RT @KenanDoguluFan: #kenandoguluileyilbasi hashtag'ini kullanarak Kenan'a ylba mesajn yaz, yeni yla Kenan konseri ile gir!"
kenandogulu,RT @KenanDoguluFan: Ylbana kadar her gn #kenandoguluileyilbasi hashtag'i kullanlarak girilen en yaratc tweete ift kiilik davetiye!
kenandogulu,RT @KenanDoguluFan: @kenandogulu  #kenandoguluileyilbasi sper sper!
kenandogulu,RT @Gizemm_T: @kenandogulu st.Kltr niv. rencileri olarak Omurilik Fellileri Dernei'ne topladmz plastik kapaklarla destek olm ...
kenandogulu,"Yakinda facebook, youtube ve yeni internet sitesi de yenilenip hayata geciyor!!!"
kenandogulu,Arkadaslar twitter hesabimin dogulukenan olan  ismi sonunda degisti:)hayirli olsun! @kenandogulu
kenandogulu,@123Ceycey demolarini noterden onaylatip patron albumumun arkasindaki adresteki ofisime gonderirsen bi ara dinler yorum yaparim
kenandogulu,@smuratdalkilic :) hahaha dogru soyluyosun kardesim
kenandogulu,RT @KralPop: Kral Pop'un sponsorluunda yeni yl partileri! @dogulukenan & @doguluozan stanbul Grand Cevahir Hotel! http://t.co/TMk9xQk ...
kenandogulu,RT @eceMen: 24 Ocak'ta @lokalanestezi @babylonistanbul 'da yeniden balyor! Hem de ilk konuk @dogulukenan oluyor! @erimozsen www.lokala ...
kenandogulu,@faruksorak :))) http://t.co/SdrrF2us
kenandogulu,@Kdfcsimay tesekkurler
kenandogulu,@djkadircetin duyuyorum kardesim:)
kenandogulu,Gule gule de var tabiiki
kenandogulu,@DereogluBuket :)))
kenandogulu,@DereogluBuket sozu bana muzigi ozi ye ait.babam icin yazdigimiz sarki
kenandogulu,Konsere gelebilecek olanlar istek sarkilarini 1 hafta boyunca twit atsin bana repertuara alicam
kenandogulu,"Son zamanlarda cikan hancer,sans melegim,kalp kalbe karsi ve dr gibi sarkilari da calicaz tabiiki,konserden sonra da Ozi turn table basinda!"
kenandogulu,Yilbasi gecesi konseri icin Cevahir oteldeyiz!cok eglenicez!haber bekleyen arkadaslara ve sarkilarimi ozleyenlere duyurulur!:)
kenandogulu,O ses !Tarik sezer ve ekibi muhtesem!:)tebrikler usta
kenandogulu,uyumadiysaniz kalkip dans edin:) http://t.co/mvj3haqu iskender paydas albumunden yeni sarkimiz 'DR'
kenandogulu,RT @allahcc: real madridli futbolcularn R1'i basl kalm.
kenandogulu,"RT @AhmetMisbah: Emek sinemas yklmayacak, restore edilecek"
kenandogulu,RT @emreroktay: Tp okuyacak birisine neden corafya dersi verilir ki? Hastay kaybettik ama zlmeyin dalar denize paralel.
kenandogulu,"RT @haksizmiyim: SAYIN KLAVYE RETCLER,ONCA YAZDIKTAN SONRA AIK UNUTULAN CAPS N ""hepsini klt"" gibisinden bi tu koyun uraya l ..."
kenandogulu,"RT @gafebesi: ""Kim o, deme bouna... Benim, ben. yle bir ben ki gelen kapna; Batan baa sen.."" zdemir Asaf"
kenandogulu,@ilkankursunlu evet var benim de aklimda bir senfonik album fikri.super olur
kenandogulu,Bir cok mesaj aliyorum yilbasi gecesi konser olacakmi diye.Burdan da kendim duyuracagim arkadaslar tarih ve mekani
kenandogulu,"Ayrntl bilgiye iPhone, iPad ve Blackberry'lerde 'Kenan Dogulu' uygulamasndan, TEGV web sitesinden ve Biletix'ten ulaabilirsiniz"
kenandogulu,"12 Aralk Pazartesi ""40 Yllk Bir Gece"" konseri kapsamnda Ltfi Krdar'da ocuklarmzn eitimi iin hep beraber sahnedeyiz!"
kenandogulu,Senfoni orkestrasi esliginde Pamuk dinlemek istermisiniz?
kenandogulu,@KenanDoguluFan @gurhansoysal Allah bagislasin!:) saglikli sihatli insaallah!
