psy_oppa,I miss HongKong already!! http://t.co/sWOm8qan
psy_oppa,(PSY) -  (Gangnamstyle) @ MAMA 2012: http://t.co/np4vnMft @youtube 
psy_oppa,@IBGDRGN @Realtaeyang    ~!!! ^^
psy_oppa,@qflava U think so bro~!? Yeah~!!!
psy_oppa,"I Like This @GLEEonFOX!-Full Performance of ""Gangnam Style"" from ""Thanksgiving"" | GLEE: http://t.co/gdC2cOKu @youtube "
psy_oppa,"GET READY ATLANTIC CITY! I'm hosting @PoolAfterDark #Harrahsresort
next Wed 12/5!"
psy_oppa,@Realtaeyang @ibgdrgn Im in Singapore bros!!  T_T
psy_oppa,@Realtaeyang @IBGDRGN ??    2    
psy_oppa,#SixBang after #MAMA lol http://t.co/SPxRRt8v
psy_oppa,How was the #MAMA!? I got big congrats from this man!! watch this pic http://t.co/l3aSCi7v
psy_oppa,@teoinmbc @quanninomarley
psy_oppa,@Quanninomarley @teoinmbc    
psy_oppa,@teoinmbc   !? 
psy_oppa,A Brave New Wave!! in newspaper from HongKong http://t.co/3YDa3bxF
psy_oppa,HongKong!!! Are ya ready tonight!??? #MAMA http://t.co/xTCdzCEq
psy_oppa,RT @VIP_BJ21: I think Psy should be named @TIME's Person of the Year! Vote now | http://t.co/QwAV7y82 #POY2012 @psy_oppa @YGIndonesia
psy_oppa,RT plz~!!! ^^ http://t.co/DI8tl6Jm http://t.co/FZC8rCz5
psy_oppa,RT @piceij: @psy_oppa    1021 10           50         ...
psy_oppa,RT @Linly_VIP: Thank you oppa ^^~ @psy_oppa http://t.co/r6QJUyCa
psy_oppa,64-11-2-2-2-2-2-2-2-5-7-'5'~!!! This means a lot to me @billboard !!!
psy_oppa,Look at this pic...Bangkok gave me such a sweet welcome!! http://t.co/95gUIowJ
psy_oppa,ON MY WAY NOW!!! #PSYinTHAILAND1128
psy_oppa,"RT @MCHammer: Beautiful night in the recording studio.
""HAMMER THEE 8TH"" 2013
#H8TH"
psy_oppa,Should Psy be named @TIME's Person of the Year? Vote now | #POY2012 | http://t.co/iG8r7hDy
psy_oppa,I've been chosen as a candidate on @TIME's People Of the Year of 2012 poll. PLZ VOTE EVERYBODY!!! lol http://t.co/8wtx1Zfd
psy_oppa,D-1 #PSYinTHAILAND1128
psy_oppa,RT @TIME: @psy_oppa Congrats! You've been chosen as a candidate on @TIME's #POY2012 poll.
psy_oppa,"Sneak Peek: ""Thanksgiving"" | GLEE: http://t.co/wIW2yuQF @youtube "
psy_oppa,Still pretty and proud in UK @officialcharts!!! http://t.co/qv9YgWW4
psy_oppa,Gangnam Style - Glee [HD Full Studio]: http://t.co/NykFRoeB @youtube 
psy_oppa,@BoAkwon You are so beautiful when you say 'bro'!!! lol
psy_oppa,@BoAkwon Plz tell them I'll be there on 28th~!! ^^
psy_oppa,RT @uclee95: @psy_oppa !! Yahoo posted an article about Gangnam Style being the most-watched Youtube video!!  ^^ !! http: ...
psy_oppa,@moviejhp          
psy_oppa,@scooterbraun then TRY this bro!! http://t.co/STEuuF0R
psy_oppa,"RT @billboard: Congratulations @psy_oppa! ""Gangnam Style"" passed @JustinBieber's ""Baby"" to become the most-watched YouTube clip ever: ht ..."
psy_oppa,"RT @Popdust: Congrats, @psy_oppa! #GangnamStyle is now the most-viewed YouTube video of all time! http://t.co/zz9u47q2"
psy_oppa,@jaysean @youtube Thx man~~~
psy_oppa,#GangnamStyle just became the most watched video @YouTube!! #History http://t.co/H5voJsSR @youtube 
psy_oppa,RT @edster42: @psy_oppa Will you consider allowing the release of your recent AMAs mashup with @MCHAMMER on @iTunesAus? I loved it &amp; ...
psy_oppa,@LUCKYHONGCHUL    ...
psy_oppa,@lee_seungchul @theyoongun   ~~~~~~~ ^o^
psy_oppa,"RT @Ourpinion1: @psy_oppa Fans of Psy, we have a voting going on right now! Will Psy be a one hit wonder? Go VOTE! http://t.co/RIisowx9"
psy_oppa,Happy Holiday @scooterbraun!! http://t.co/rG8Oq5SR
psy_oppa,Excited to host the after party in Washington DC on Dec. 11 @parkat14th @marcbarnesdc @mikeesterman
psy_oppa,RT @ygent_official: 2012 MAMA PERFORMING LIVE _ PSY http://t.co/g4nVQgyZ
psy_oppa,Still steady in iTunes!! #Happy http://t.co/rG8Oq5SR
psy_oppa,check me out at tonight show with @jayleno tonight! http://t.co/qFdfU8cC
psy_oppa,"RT @jayleno: Happy Thanksgiving! Tonight we have Bradley Cooper, @natashaleggero and @psy_oppa performing ""Gangnam Style!"" #TonightShow"
psy_oppa,RT @natashaleggero: Gangnam style http://t.co/xkjveKXF
psy_oppa,#007style!!! http://t.co/1QPg3LfH
psy_oppa,Watch this video everybody called #RightBeforeHistory  http://t.co/agfQWkNz
psy_oppa,RT @kingsthings: Little known fact: I taught @Psy_oppa how to dance Gangnam style. We're celebrating w/ Chan Ho Park &amp; @shawnieora.  ...
psy_oppa,RT @britneyspears: You are now now rockin wit @iamwill and Britney Bitch! ;) #GetScreamAndShoutNOW
psy_oppa,RT @iamwill: #screamANDshout is available on itunes in the USA http://t.co/ga48GOf8 .@britneyspears #britneyARMY #iamangels #willPOWERpeople
psy_oppa,RT @billboard: Watch: @Psy_Oppa and @MCHammer Backstage with @Billboard at the 2012 #AMAs http://t.co/3lGrq7tE
psy_oppa,@kingsthings @shawnieora Honor was mine sir...
psy_oppa,"RT @koreantomcruise: ""sometimes you need to close your eyes to see better"". wise words from mr. brainwash"
psy_oppa,"RT @jsmanson: My new favorite iTunes review of #GangnamStyle:  ""If you don't like this song, you're stupid."" @psy_oppa @scooterbraun"
psy_oppa,@ForvictoRi I got the text...Now I got it! lol
psy_oppa,"RT @BaikJiYeon:  .  ,         .   "
psy_oppa,RT @scooterbraun: when i see @psy_oppa and @mchammer on my ITUNES together i get happy! #MASHUP http://t.co/4u09BDOJ
psy_oppa,RT @WostyUnnie: I just voted for Gangnam Style #musicvideo #PeoplesChoice. Retweet to vote http://t.co/feAHkCbm via @peopleschoice @psy_oppa
psy_oppa,Watch this #toomuchvideo!!! lmao PSY - Lady GaGa &amp; Beyonce dance: http://t.co/UY8iFScR @youtube 
psy_oppa,RT @MaxTheWanted: Me and Psy getting messy! #geekandproud :) http://t.co/fxX6Ulsd
psy_oppa,"RT @thewantedmusic: ""@weluvthewantedx http://t.co/n1yU2hOH  #MyFavouriteTWMove JAY AND PSY"" one to show the grandkids"
psy_oppa,"RT @followjyp: 'Diamond Tears', the headphone that I created, is finally in the US Apple stores! Unbelievable... http://t.co/G8vJB1jl"
psy_oppa,@scooterbraun Take a break from 7pm bro...U can have the WAVE if ya want to!! lol
psy_oppa,RT @Forcetrankil21: @psy_oppa hi! You are in the newspaper of my region ( Bourgogne) ^^ http://t.co/r3dQYnx6
psy_oppa,RT @AeuyTLiN: TRANS @psy_oppa:  #GangnamStyle  40  !! ...~!?   ...
psy_oppa,@ForvictoRi     ...
psy_oppa,I just heard #GangnamStyle got 40million views from THILAND!! so...Guess what~!? I'll be there NEXT WEEK!!!
psy_oppa,Minecraft Gangnam Style: http://t.co/q7qCLdq5 @youtube 
psy_oppa,@MCHammer But my body is not sharp bro...lol
psy_oppa,@MCHammer @scooterbraun AMAs 2012: Top 5 Best Performances - American Music Awards http://t.co/SCDNpNzI @billboard  http://t.co/Wza8ooRn
psy_oppa,"American Music Awards 2012 Recap: Bieber, Minaj Win; Psy, MC Hammer, Car...: http://t.co/hbg3D5yo @youtube "
psy_oppa,RT @scooterbraun: this video makes me smile - http://t.co/1nGhnqwK
psy_oppa,RT @TIME: WATCH: Psy and MC Hammer perform together at the American Music Awards | http://t.co/tdPOmNFo (via @TIMENewsfeed)
psy_oppa,@MCHammer I love Hammer Pants more than u do sir...lol
psy_oppa,RT @AlfredoFlores: @justinbieber @scooterbraun http://t.co/RLxqXfec do you accept the challenge? http://t.co/B3ty6fH3 @quincy #GangnamSt ...
psy_oppa,RT @scooterbraun: if u liked the MC HAMMER - PSY MASHUP last night. It is NOW ON ITUNES!! #GangnamStyleX2Legit2Quit MashUp on  Itunes ht ...
psy_oppa,Yes He Does@scooterbraun: @psy_oppa @MCHammer HAMMER still got it! http://t.co/kWIRDwYb
psy_oppa,RT @joehahnLP: Kickin it w OG oppa and Mrs. Hahn! http://t.co/HCtfuM5w
psy_oppa,"If ya wanna see more about @MCHammer doing #GangnamStyle, CHECK THIS OUT~!!!!! http://t.co/bvSnq4Ph"
psy_oppa,PSY - Gangnam Style (Live 2012 American Music Awards) AMA http://t.co/QlpYkSl8 @youtube 
psy_oppa,GangnamStyleX2Legit2Quit MashUp in itunes http://t.co/93RTJFn3
psy_oppa,@sungminkim89: MC HAMMER STYLE. http://t.co/JkgH3rN9  @psy_oppa @MCHammer #AMAS #Gangnamstyle #2Legit2Quit
psy_oppa,RT @zeusFanHouse: PSY &amp; MC Hammer Remix 'Gangnam Style' @ AMAs 2012~ American Music Awards http://t.co/qlAdT2Tf @billboard @psy_oppa ...
psy_oppa,"RT @billboard: .@PSY_oppa and @MCHammer remixed ""Gangnam Style"" with ""2 Legit 2 Quit"" at the 2012 #AMAs tonight! Watch the video here: h ..."
psy_oppa,You can get the Mashup of Gangnam&amp;2Legit at @itunes!! Go check it out ya
psy_oppa,"RT @KennyHamilton: PSY, @JustinBieber, @ScooterBraun, and Allen Shapiro!  #GangnamStyle #AMAs http://t.co/AYMBibBz #gifboom"
psy_oppa,I checked @justinbieber out and just found out that he's perfect with my dance move!! lol http://t.co/fiNl01Mz
psy_oppa,I love you bro lol@jonmchu: I wanna be like @psy_oppa He is the frickin man!! No fear. All fun. #2Legit2Quit
psy_oppa,RT @jonmchu: Mad props to my boy @justinbieber !!! Artist of the year!!!!! Crazy. And @psy_oppa was one of the best closers with Hammer. ...
psy_oppa,so....HOW WAS the #HammerTime!??? #AMAs http://t.co/q99TvNwB
psy_oppa,are you ready??!! #HammerTime #AMAs
psy_oppa,How lucky I am!! Gonna be the Closing of #AMAs!! #HammerTime
psy_oppa,RT @TheAMAs: New Artist of the Year is @CarlyRaeJepsen! http://t.co/xwNDulRW
psy_oppa,RT @KpopHotness: Proud to see @psy_oppa at the 40th American Music Award red carpet. #AMA2012 http://t.co/sEIKEnTz
psy_oppa,#HammerTime
psy_oppa,great performance ever @UsherRaymondIV #AMAs
psy_oppa,congrats @justinbieber !!
psy_oppa,who is ready for #AMAs !??
psy_oppa,"beautiful, aren't they? #AMAs http://t.co/GX0Id427"
psy_oppa,I received the #AMAs New Media Honoree award from Lance Bass! http://t.co/3R0vZgSv
psy_oppa,about to be at the red carpet of #AMAs
psy_oppa,Ready to be at the red carpet!! #AMAStyle http://t.co/9W5rNzds
psy_oppa,"RT @brianwatson80: Could #Psy's #gangnamstyle hit 1 billion views on #youtube??? Probably! And I hope so! Good luck at the #AMAs today,  ..."
psy_oppa,"RT @Lee_SeungChul:  ..
  
 
 .. 
^^"
psy_oppa,RT @thewantedmusic: Almost there... be ready! #AMAs #HammerTime
psy_oppa,RT @koreantomcruise: #AMAs dress rehearsal was amazing. can't wait for everyone to see the surprise @psy_oppa has in store for everyone.
psy_oppa,RT @dc_psy_oppa: RT @ShaharLaham: @psy_oppa Good luck ! Your 1st time Gangam Style at #AMASTYLE ! and I'm excited to see the special guest!
psy_oppa,RT @TheRealSKhan: @psy_oppa #AMAstyle We Gangnam in Canada every day! Ehhhhhhhh Sexy Lady! O-O-O-O-O-OPPA GANGNAM STYLE!
psy_oppa,RT @sunagimo93: @psy_oppa #AMAstyle from JAPAN(^^) Please come to Japan(^o^)
psy_oppa,RT @h_rockchirps08: @psy_oppa #AMAStyle philippines
psy_oppa,RT @TEUKiluv30: @psy_oppa #AMAstyle  ~ #Bigsupporttoyou From th Philippines!!! 
psy_oppa,RT @VoldemarCh: @psy_oppa  #AMAstyle Tashkent waiting for ya !! . Do you know where is?
psy_oppa,RT @Fardosaahussein: @psy_oppa  #AMASTYLE from Norway
psy_oppa,RT @lejansolyambao: @psy_oppa your'e so amazing and so cool:) i wish i can dance with you oppa:) #AMAstyle from Philippines:)
psy_oppa,RT @dc_psy_oppa: #AMAstyle from USA always support RT @psy_oppa: It's about time to do a rehearsal #AMAstyle
psy_oppa,RT @nyachim426: @psy_oppa from JAPAN!!! #AMAstyle
psy_oppa,RT @Eli_X_Angelo: @psy_oppa From Texas #AMAstyle
psy_oppa,RT @sprocket702: @psy_oppa #AMAstyle GOOD LUCK BRO #goodluck
psy_oppa,RT @Nutyong: @psy_oppa  #AMAstyle From Thailand!
psy_oppa,RT @Curlycil: @psy_oppa fighting! #AMAstyle from Denmark
psy_oppa,RT @corosuuke: @psy_oppa #AMAStyle
psy_oppa,RT @lovely_komel: @psy_oppa #AMAStyle Indonesia  u oppa ^^
psy_oppa,RT @ThatHatimLarza: @psy_oppa #AMAstyle from marocco
psy_oppa,RT @HeleneChen_: @psy_oppa #AMAstyle !! From France on t'aime.
psy_oppa,@scooterbraun maybe is that you!?
psy_oppa,RT @valdespartano_: @psy_oppa #AMAstyle from Spain!!! XD
psy_oppa,RT @GiuliaLinton: @psy_oppa #AMAstyle from Italy!
psy_oppa,RT @Kpop_F: @psy_oppa #AMASTYLE
psy_oppa,"RT @natii_kidrauhl: @psy_oppa #AMAstyle from Poland , we love you 3"
psy_oppa,RT @demi_crazzy: @psy_oppa #AMASTYLE From maryland! RT?
psy_oppa,RT @21DanaBJVIP: @psy_oppa  #AMAstyle from MEXICO ! &lt;3 (_) RT please #MexicoStyle
psy_oppa,RT @ReynaHammond: @psy_oppa #AMAstyle from Canada :) RT???? ;)
psy_oppa,RT @giedeeshow33: @psy_oppa #AMAstyle Don't you love Filipinos Oppa..? I didn't get a single RT.. :(.. But yeah.. I LOVE YOU and the FIL ...
psy_oppa,RT @ShaharLaham: @psy_oppa Good luck ! Your 1st time Gangam Style at #AMASTYLE ! and I'm excited to see the special guest!
psy_oppa,"RT @Ryu_taru: @psy_oppa oppa, fighting! you rule this world~ #AMAstyle from Ukraine "
psy_oppa,RT @_sungshine_: @psy_oppa #AMAstyle from Hungary &lt;3
psy_oppa,RT @miss_otaku: @psy_oppa PuertoRico LOVES U #AMASTYLE ! HAVE FUNNNNNNNNNNNNN cant wait to see u &lt;3 :DDD
psy_oppa,RT @Cemdictator: @psy_oppa #AMAstyle Do you hate me TooT huhu why don't u RT mineee #rightnowww
psy_oppa,RT @5LadsTheWanted: I Wonder If I Could Get @psy_oppa to RT this! Oppa #AMAstyle Oppa
psy_oppa,RT @ImKhimMiyaishi: @psy_oppa #JANG #Amastyle from #Italy! #! &lt;3 #PleaseRT #YGlover #nuffsaid
psy_oppa,It's about time to do a rehearsal #AMAstyle
psy_oppa,RT @Yas_2699: @psy_oppa  Good luck ! #AMAStyle  RT ! please :) from Colombia ...
psy_oppa,RT @19Nick901: @psy_oppa #AMAstyle pleas retweet this ;D
psy_oppa,RT @pauljaf6: @pauljaf6: @psy_oppa you should RT me cos I'm cool and from Scotland #AMAstyle
psy_oppa,RT @lv_1D1: @psy_oppa  #AMAstyle from CHILE ! &lt;3
psy_oppa,RT @JakeAlcorace_12: @psy_oppa #AMAstyle PLEASE RETWEET!!!! I LISTEN TO #GangnamStyle LIKE A MILLION TIMES EVERY DAY!!! YOU'D MAKE MY DA ...
psy_oppa,RT @Cowbag16: @psy_oppa #AMAStyle Bristolian KPop fans (if there are any apart from me) love you :D 75
psy_oppa,"RT @ohhaiemilyy: @psy_oppa GANGNAM STLYE FOR LIFE&lt;333 #AMAstyle Pleaseee retweeett? From San Jose, CA :D"
psy_oppa,RT @YuliyaYedynets: @psy_oppa  From American and Ukraine #AMAstyle(;
psy_oppa,RT @FatinNjhah: @psy_oppa come to Malaysia please?!! #AMAstyle #GangnamStyle
psy_oppa,RT @Team_Misha22: @psy_oppa#AMAStyle pleaseee RT!! #GangnamStyle 4 life SLOVENIAAAAAAAAAAAAAAAAAAAAAAA
psy_oppa,RT @Lydia_JYJ: @psy_oppa Spain love you! PSY STYLE! :D #AMAstyle
psy_oppa,"RT @_antieroe: @psy_oppa rock the whole place off, buddie! #respect #AMAstyle"
psy_oppa,RT @KarenBieber123x: @psy_oppa #AMAstyle from Ireland #followback xx
psy_oppa,RT @oneharry_styles: @psy_oppa #AMAstyle ~~~~~~~~
psy_oppa,"RT @ElsiBermudez10: @psy_oppa #AMAStyle Fighting! Please come to Mexico, you gonna love tacos &lt;3"
psy_oppa,RT @LiamMapplebeck: #AMAstyle @psy_oppa Please please please come and do a concert in England!!!iy
psy_oppa,RT @KissMyMouthBabe: @psy_oppa Poland love You verry much #AMAStyle oppa from Poland :D
psy_oppa,RT @DeborahMonnet: @psy_oppa #AMAstyle from France! &lt;3
psy_oppa,RT @MarnixBotter: @psy_oppa Gangnam style is the second national anthem of Holland! Hehe #AMAstyle
psy_oppa,"RT @verrelananta: @psy_oppa come to indonesia,we waiting you #AMAstyle"
psy_oppa,"RT @zelherman: @psy_oppa @psy_oppa Good luck to u at #AMAs! Lets go and rock! Latvia loves you :)
#Bigsupporttoyou #AMAstyle"
psy_oppa,RT @alex_86149: @psy_oppa #AMAstyle Hey PSY! :D Please come to Slovakia :)
psy_oppa,RT @SegahKurt: @psy_oppa  #AMAstyle from Turkey ! &lt;3 &lt;3
psy_oppa,RT @chiky_gloomy: Dominican Republic is crazy with Gangnam Style My family grade school and everybofy dance gangnam style EVERY DAY XD @ ...
psy_oppa,RT @AngelitoCuervo: @psy_oppa #AMAStyle yeeeeeah from argentinaaaa!
psy_oppa,#AMAstyle
psy_oppa,RT @shiningDONGHAE: @psy_oppa  come to indonesia #AMAStyle
psy_oppa,RT @MZiukaite: @psy_oppa WHY ARE YOU RETWEETING EVERYONE BUT ME! Lithuanians love you Psy.:) #AMAstyle
psy_oppa,RT @renata_turtle1D: @psy_oppa #AMAStyle Brazil love you!  Sexy Lady!
psy_oppa,RT @ilMango: @psy_oppa  i would die for a retweet ! Italy loves u! #AMAstyle #AMA
psy_oppa,"RT @CheniseGolbin: @psy_oppa #AMAStyle  Go on, and make the world dance!"
psy_oppa,RT @Kristynka8: @psy_oppa #AmaStyle ! czech republic loves u !!!!!! xx
psy_oppa,RT @DaXz2: @psy_oppa #AMAstyle support from Venezuela
psy_oppa,"RT @CarmenNoeliabl: @psy_oppa I'ts time to ROCK! at  #AMAstyle #AMAs Peru always supports you, You'll do a good performance ! God Bless !"
psy_oppa,RT @swager1903: @psy_oppa #AMAstyle!              #MattyB loves Gangnam style!!!!!
psy_oppa,RT @Fiorediloto88: @psy_oppa #AMAs Yeaaaahhhhhhhhhhh!!!!
psy_oppa,RT @AreLeafe: @psy_oppa #AMAstyle #Malaysialovesyou
psy_oppa,RT @sarisinbrain: Turkey supports @psy_oppa #Oppa #Amastyle #GangnamStyle op op op op
psy_oppa,RT @zaynstoast: #AMAstyle @psy_oppa :)
psy_oppa,RT @Lynemrt: @psy_oppa Mxico love you! #AMAS Mxico support you! #Oppa Mxico dances Gangnam Style with you!!
psy_oppa,RT @iamwill: @britneyspears I am so happy people like #screamANDshout...I can't wait until they see the video...my #iamangels are your # ...
psy_oppa,RT @mariojrodrigues: @psy_oppa #AMAStyle \o/
psy_oppa,RT @ItsRonitB: Make #AMAstyle TT !!!! @psy_oppa love u (;
psy_oppa,RT @tiboxstick: As a Vietnamese guy but i'm so proud of @psy_oppa to be performing with a special guest for @TheAMAs #Amastyle
psy_oppa,RT @damradbruch: @psy_oppa Mexican kpopers love you and support you! #AMAstyle!
psy_oppa,"RT @valeriodesiena: @psy_oppa byes from italy!
We dance gangnam style ALL the time!
#AMAstyle"
psy_oppa,RT @RickyGuerrero1: Mexico supports @psy_oppa #Oppa #AMAs #GangnamStyle
psy_oppa,RT @Incarille: @psy_oppa #AMAstyle  #Franceloveyou
psy_oppa,"RT @CarmenNoeliabl: @psy_oppa #AMAstyle Peru always supports you , You'll do a good performance ! God Bless , PSY GO GO You can !!"
psy_oppa,RT @esr33: . @psy_oppa Gangnam Style makes me happy every time! #AMAs
psy_oppa,RT @BlessUnicorn: @psy_oppa #AMAs !!
psy_oppa,RT @DORKaTabii: mi ez az #AMAstyle ?  o.O  es wae jelolik be hozza @psy_oppa t ??
psy_oppa,RT @WilHetfield: @psy_oppa #AMAstyle (Y)
psy_oppa,RT @christinehanah: As a Korean I am so proud of .@psy_oppa to be performing tonight at the AMAs!   !!!! #GangnamStyle #AMAs #ILove ...
psy_oppa,RT @PipeVillamizar2: @psy_oppa #AMAstyle 
psy_oppa,"RT @Vh3nee: ""@psy_oppa: I'm gonna perform #GangnamStyle tonight @theAMAs with the #SpecialGuest !!! Who THAT~!???"" Barrack Obama? yah th ..."
psy_oppa,RT @CHRISTIANPRESI: @psy_oppa on @TheAMAs #AMAsTYLE Oppa!
psy_oppa,RT @Sthef_Ugarte802: @psy_oppa #AMAs i cant stop dancing!! LOVE YOUUUU
psy_oppa,RT @_may_bieber_: @psy_oppa #AMAstyle 
psy_oppa,RT @dzonershow: @psy_oppa #AMAstyle!
psy_oppa,RT @Realtaeyang: @psy_oppa !!PSY ROCK !!!
psy_oppa,"RT @Sonninnette: @psy_oppa I'm here tonight just for you to the #AMAs, I don't sleep, Same if tomorrow I have a maths test ..  #ILoveU &lt;3"
psy_oppa,RT @13Angels4u: We can't wait to find out who is doing #GangnamStyle with @psy_oppa on @TheAMAs  #SpecialGuest
psy_oppa,RT @scooterbraun: ready for @TheAMAs today. @JustinBieber @UsherRaymondIV @carlyraejepsen @theWANTEDmusic @psy_oppa and a SPECIAL GUEST  ...
psy_oppa,     ?@Realtaeyang: @psy_oppa  !!  !
psy_oppa,@keumkangkyung: @psy_oppa   .    ...^^
psy_oppa,I'm gonna perform #GangnamStyle tonight @theAMAs with the #SpecialGuest !!! Who THAT~!???
psy_oppa,RT @officialcharts: 13 weeks on the #OfficialChart and #GangnamStyle is still going strong! @psy_oppa is this week's #Number7
psy_oppa,RT @Estelle080792: @psy_oppa Oppa watch this :) FRENCH Flashmob for Gangnam Style ^^ http://t.co/rjpYLr0v !!!! very nice ^^ it was yeste ...
psy_oppa,"Talked about music,life,career and #partying with @iamwill...Make sure bringing ya #soju tomorrow man lol http://t.co/UMX1ulYv"
psy_oppa,RT @CapitalOfficial: TIME to get your HORSE DANCE ON !!!!! We're doing it GANGNAM STYLEEEE next!
psy_oppa,http://t.co/Z69Mf7OG http://t.co/WwuTJakN
psy_oppa,RT @mtvema: We can't stop watching this hilarious #MTVEMA video of @heidiklum &amp; @psy_oppa dancing Gangnam Style! http://t.co/FRHYb9yY
psy_oppa,@chaz9127 @TheAMAs because of sexy lady maybe lol
psy_oppa,#BulgarianNewspaper http://t.co/HKLB9MOo
psy_oppa,RT @TheAMAs: OPPA GANGNAM STYLE! @Psy_oppa is performing at the #AMAs! Make sure to practice the signature dance so youre ready to rock ...
psy_oppa,"RT @TheAMAs: Not only has @Psy_Oppa taken the Internet by storm, hes named this years #AMAs New Media Honoree too! Check it out: http: ..."
psy_oppa,RT @TheAMAs: Who needs swag when you have gangnam style? Top Five Gangnam Style tributes right here! Ch-ch-check it out! http://t.co/A ...
psy_oppa,RT @diplo: my radio show on tonight in LA ! #diplo&amp;friends 10pm @987LA
psy_oppa,RT @scooterbraun: Heading to @TheAMAs rehearsals for @thewantedmusic @justinbieber @carlyraejepsen and @psy_oppa - we are reppin hard on ...
psy_oppa,"RT @LA_Reid: Happiness is an attitude.  We either make ourselves miserable, or happy and strong.  The amount of work is the same. -Fra ..."
psy_oppa,@scooterbraun Let me call you Champagne Braun baby!! lmao~~ http://t.co/HWc9oYO8
psy_oppa,"RT @billboard: With @Psy_Oppa 's ""Gangnam Style"" now among the Hot 100's hugest No. 2s, we ranked the top 40 hits to peak at No. 2 http: ..."
psy_oppa,RT @billboard: Biggest No. 2s Hits Ever: The Top 40 Tunes To Not Hit No. 1 http://t.co/3qyScKHj
psy_oppa,@siwon407 @Yoana81 ... ...      ...? 
psy_oppa,RT @scooterbraun: excited about the performances at @TheAMAs - @JustinBieber @carlyraejepsen @UsherRaymondIV @TheWantedmusic @psy_oppa a ...
psy_oppa,How do you like this pic!? #HISTORY http://t.co/KVhwqwos
psy_oppa,@2AMkwon ^^*
psy_oppa,@radmecom  ~^^
psy_oppa,RT @evaum33: OMG THIS! @mdna  @psy_oppa #MDNAMSG2 http://t.co/zdUofL4X
psy_oppa,Thought about last few months...4:39am NYC... http://t.co/wlcz6U1k
psy_oppa,@_sweethara     ... 7  
psy_oppa,@kimhs0927 @YouTube    
psy_oppa,@tacticsworld  ... ..? ^^
psy_oppa,@BIGRhymer 
psy_oppa,@BoAkwon @YouTube  ...   ...KPOP ?  ...^^
psy_oppa,RT @PerezHilton: I've got the video! In high quality! Watch #Madonna perform Gangnam Style/Give It To Me and Music with @psy_oppa HERE:  ...
psy_oppa,@1003Grace  ...  ...
psy_oppa,PSY x Madonna x Gangnam Style x Give It To Me http://t.co/D3669ofr @youtube 
psy_oppa,RT @scooterbraun: #mashup with Madonna and @psy_oppa at MSG!!!! Amazing http://t.co/huJ0Bych
psy_oppa,          !       ...    ^^
psy_oppa,I think tonight I am going to go dance with a friend and make some history. you will see
psy_oppa,but i will come to those countries and do a show. it will be great. we will have fun. you will love me. haha. see u soon. thank you
psy_oppa,i love my fans. i dont like when people lie to them. Im sorry Indonesia and Norway but the promoter saying I have a show there is a lie.
psy_oppa,"RT @RedFoo: I'm sexy and I know it! 
&lt;&gt;
.    |
_/\_"
psy_oppa,RT @CapitalOfficial: Test your Gangnam knowledge and Tweet us your score! http://t.co/IRK6FNQ0 #CapitalMusicNewws
psy_oppa,RT @PerezHilton: @DavidHasselhoff PSY Brings Gangnam Style To The 2012 MTV EMAs.AND David Hasselhoff! http://t.co/rYXiKHhb
psy_oppa,I'll be back Germany!! Thx for being so nice to me!! Heading to NYC and guess WHY!?? http://t.co/jXXHzB5e
psy_oppa,@heidiklum: Had so much fun dancing w @psy_oppa! What do you guys think of my Gangnam Style? #mtvema
psy_oppa,RT @planetjedward: We had a great time with @psy_oppa and we told him to come to Ireland and he is excited about the idea! http://t.co/R ...
psy_oppa,Award winning pic with @carlyraejepsen ^^ http://t.co/RqCssLBa
psy_oppa,RT @DavidHasselhoff: Getting lessons from the master backstage @psy_oppa #MTVEMA #gangnamstyle http://t.co/42VbYVsf
psy_oppa,RT @maniajungha: EMA http://t.co/eMS2guXy
psy_oppa,RT @KimKardashian: Gangnam style http://t.co/NzpKS2p5
psy_oppa,O M G @mtvema: Best Video goes to @psy_oppa!
psy_oppa,How was it!? Am I #EMAzingPSY!!???
psy_oppa,RT @scooterbraun: @psy_oppa killer performance!! The Hoff!! Yes! Hahaha
psy_oppa,RT @mtvema: GANGNAM STYLE! @psy_oppa is storming the stage!
psy_oppa,Are ya watching the @mtvema right now? #EMAzingPsy is coming shortly~!!! so Watch it &amp; Watch out~!!! lolmao
psy_oppa,PSY - Gangnam Style (Live Jonathan Ross Show): http://t.co/WxlVKiHP @youtube 
psy_oppa,RT @sarah1997lol: @psy_oppa &lt;3 http://t.co/d5BR32TY
psy_oppa,#700millionStyle http://t.co/TMZPNNDy
psy_oppa,Let's make this a trend everybody!! #EMAzingPSY http://t.co/bNrY8xL3
psy_oppa,Are ya ready for #EMAzingPSY Germany~!?? On my WAY!
psy_oppa,"RT @QueenRockBand: RT If you like ""The Show Must Go On""  http://t.co/Xf3YspsX"
psy_oppa,RT @scooterbraun: hoping it is a big day for @justinbieber @carlyraejepsen and @psy_oppa at the #EMAs today. Looking forward to the perf ...
psy_oppa,Done with the rehearsal!! It seems like you gonna see #EMAzingPSY tomorrow!! Oh yeah~~~
psy_oppa,Massive Roma Flash Mob - Piazza del Popolo 10-11-2012 - 30.000 Presenze - Vista Pincio!!! http://t.co/BM9dTNEh @youtube 
psy_oppa,"RT @Brlove12:    ? ,  110  5 1   .    .     .  ..."
psy_oppa,RT @heidiklum: Now I know how to dance Gangnam Style! Check out @psy_oppa and me tomorrow at 9 PM CET on the @mtvema. http://t.co/Lj5y0q2R
psy_oppa,RT @wossy: Me and my new best friend...PSY!! http://t.co/RdcQCimH
psy_oppa,UK!!! Plz Watch me at the Jonathan Ross Show tonight!!! U too @wossy!! http://t.co/NZ7IYrw6
psy_oppa,Must see this pic! How I feel to be #EMAzingPSY!? http://t.co/DSUpLtnm
psy_oppa,Everybody PLZ USE this word until tomorrow #EMAzingPSY lmao http://t.co/dkhTKAPf
psy_oppa,RT @justinbieber: u got me and @carlyraejepsen ?? #EMAs!! VOTE!! thanks. #TEAMBIEBER - http://t.co/Sq69eQXi
psy_oppa,"La danse du ""Gangnam style"" au Trocadro - France 3 Paris Ile-de-France http://t.co/XTR4F1lq"
psy_oppa,No.1 trophy from the UK's @officialcharts along with @scott_mills lol http://t.co/OQZaoQjy
psy_oppa,Achieving #guinness for the most liked video @youtube!!! Yeah~~~ http://t.co/iMzeoEAp
psy_oppa,RT @De_LMFAO2: @RedFoo and @psy_oppa http://t.co/wfwGH1AX
psy_oppa,Looking forward to partying tonight @dstrktlondon gangnam style! @showcasepr Let's Go!
psy_oppa,@kimsungil69   !!^^
psy_oppa,On my way to make a speech @OxfordUnion #excited http://t.co/DqdXtvik
psy_oppa,#PSYinUK1107 Are U Ready!?? http://t.co/5vqN7lyH
psy_oppa,"Spending my last night in Paris...It was a short but passionate stay!!! 
Plz remember what I told you at the flashmob. #PSYinPARIS2013"
psy_oppa,"RT @LA_Reid: Youre braver than you believe, and stronger than you seem, and smarter than you think. A.A. Milne #BeEpic"
psy_oppa,Guess what I'm sayin in this video lol http://t.co/2XZBZpyV
psy_oppa,@LUCKYHONGCHUL                
psy_oppa,merci@edwine19: @psy_oppa on French newspaper!!! http://t.co/9wh375B1
psy_oppa,Spend ya 25 sec. watching this for sure!!! PSY Gangnam Style Flashmob at Trocadero Paris: http://t.co/ZMtNP70d @youtube 
psy_oppa,PSY leaving the flashmob in Paris: http://t.co/vKqvjQIt @youtube 
psy_oppa,@scooterbraun #BrothaWithAnothaMotha
psy_oppa,@doc0102   !!!
psy_oppa,#OnceInALifetime meet&amp;greet in Paris http://t.co/mUTMqMAc
psy_oppa,I still can't get used to this kinda pic T_T http://t.co/EafjIKI3
psy_oppa,"To all the FRENCH followers,plz leave your mentions in English. I WANNA READ THEM!!!"
psy_oppa,@Realtaeyang           1  
psy_oppa,@scooterbraun It's me man kkkkk
psy_oppa,@Realtaeyang   
psy_oppa,GOTTA SEE VIDEO #PSYinPARIS Flashmob Gangnam Style Trocadro [05/11/12]: http://t.co/rC3LpB4w @youtube 
psy_oppa,GOTTA SEE THIS PIC #PSYinPARIS http://t.co/DLYQhakE
psy_oppa,R U still with #GangnamStyle or what~!?? C'mon BABIES~!!! https://t.co/qNwsBNMT
psy_oppa,#PSYinPARIS1105
psy_oppa,RT @AmericanTop40: .@PSY_oppas Gangnam Style becomes the 1st mostly foreign language song to hit the Top 10 since Bailamos by @Enri ...
psy_oppa,D-3 to #PARIS
psy_oppa,@Lee_SeungChul ~~~~~~~~~~
psy_oppa,RT @scooterbraun: Boys Trip! Vegas ain't ready! @smanhanga @psy_oppa @davidkatzenberg @marksudack ........oh sh****... http://t.co/KuPZj ...
psy_oppa,RT @scooterbraun: sorry Harvard Business School http://t.co/Kl8k1Xfd but MIT GANGNAM STYLE was killer! http://t.co/Tvuk9jXD acapella par ...
psy_oppa,@IBGDRGN @diplo Yes we did
psy_oppa,"^o^~!!@moviejhp:         ! ,,,!  ()...  34         "
psy_oppa,@diplo ...How did you write that down~!??? lmao  YG    ...  ...   ...
psy_oppa,@scooterbraun @jonmchu Happy Chu-Day~!!!
psy_oppa,RT @scooterbraun: Calling on all friends to help make a little #History!! Gift #GangnamStyle on ITUNES to help us try and make @psy_oppa ...
psy_oppa,RT@scooterbraun: @theellenshow @psy_oppa  :) GET IT DUSTIN! http://t.co/E5ssjc0I
psy_oppa,"I'm coming on Monday to teach you my dance! 
@cauetofficiel @NRJhitmusiconly ya ready PARIS!?? http://t.co/qz0ln7uv"
psy_oppa,@scooterbraun came to wake me up for radio interviews at 5am. How Lucky I am to have that kinda manager and brother!! http://t.co/CaC9iaUW
psy_oppa,RT @OnAirWithRyan: Oppa Dougie Style! @PSY_Oppa ditches Gangnam to dance the Dougie! http://t.co/ZcJmrmmx
psy_oppa,#PSYgotMILLIONfollowers in 2 months~!!! say YEAH~~~~~~~ http://t.co/cwn0kvZw
psy_oppa,@scooterbraun How come the guy is so cute at that early 5am!? lol
psy_oppa,It's 5am here in LA and I just can't sleep thinking about performance @mtvema!!! #INSPIRED
psy_oppa,RT @usembassyseoul: Check out @psy_oppa on the cover of @Billboard! Can you name all the Koreans who have made the cover? http://t.co/1J ...
psy_oppa,RT @brianwatson80: Country Music Awards open in Gangnam Style! http://t.co/nXPr8HPr #Psy #gangnamstyle @psy_oppa
psy_oppa,@scooterbraun Watch this~!!! GLEE - Gangnam Style Teaser: http://t.co/mnw83HGj @youtube 
psy_oppa,Yes I am Grande! Lmao http://t.co/iqtYOcTS
psy_oppa,Argentina !!!!! http://t.co/a0wL4AoH
psy_oppa,"RT @nitabing: ""@steveprattca: Gangnam Style pumpkin! #halloween #pumpkin http://t.co/4TcsFKik"" @psy_oppa"
psy_oppa,RT @touchthesky25: @psy_oppa My friend went as Yoo Jae Seok :D http://t.co/8fVYFzdR
psy_oppa,RT @koreantomcruise: . @roeconn dressed as @psy_oppa for Halloween http://t.co/qel9sD5e
psy_oppa,Happy B day bro@scooterbraun: No hurricane could stop us!! We got him!! Happy Birthday @AdamBraun - love u!!! http://t.co/2XM6Nbci
psy_oppa,There s ma man haha RT@keenerZ: @psy_oppa right here! http://t.co/UsdHr4r7
psy_oppa,RT @Kel__21: @psy_oppa ^^ Aww yeahh!! :D http://t.co/TpsSUlLW
psy_oppa,sexy ladies RT@mellybean18: @psy_oppa #gangnamstyle http://t.co/5NCsiiFS
psy_oppa,There ya go haha RT@Littlepretty88: @psy_oppa dressed #Gangnam style last weekend!! @RicEllis85 http://t.co/Hb1UiBBq
psy_oppa,"Isn't this funny to tweet pic with @jack Dorsey,founder of Twitter. It was pleasure man. http://t.co/Mb5ll491"
psy_oppa,How many of ya dress my style tonight? haha
psy_oppa,No.2 for one more night~~T_T kk http://t.co/9b4SeOyH
psy_oppa,Samsung galaxy NoteII Party at Toronto!!!   ?^^* http://t.co/INpnJXyQ
psy_oppa,#600MILLIONviews!!! 6 ~!!!!!  http://t.co/VajCK5j1
psy_oppa,@scooterbraun: @psy_oppa did this really happen? http://t.co/aMdF54oEOh my GOD!!!
psy_oppa,Finally on my way to Toronto!!!
psy_oppa,"RT @QueenRockBand: RT If you like ""Bohemian Rhapsody""  http://t.co/rGUrLlZy"
psy_oppa,Should I release a NEW single or TRAVEL~!?? I gotta go MEXICO too. WOW~!!! http://t.co/FnJDObSw
psy_oppa,Planes to Toronto are canceled. Waiting for next availabilities. Please be safe everybody in the east coast!!!
psy_oppa,#1029PSYinTORONTO R YA READY~!???
psy_oppa,"Psy Talks Gangnam Style, Growing Up, and His Next Single http://t.co/ZEL8X3N0 @newsweek "
psy_oppa,RT @scooterbraun: great @cnn interview with @psy_oppa http://t.co/yzV03SH3
psy_oppa,RT @OfficiaLilChris: @psy_oppa Yo! Check this out haha... http://t.co/yF6pGL0c
psy_oppa,SPY's gonna come to Paris on Nov. 4th~!!! lmao~!!!  11 4  ~!!!  http://t.co/3Xk2cT9J
psy_oppa,RT @justinbieber: new video from @carlyraejepsen for #ThisKiss - song is a smash. http://t.co/Gr3jSKTl
psy_oppa,RT @goninri:       ...      ..     ~~^^         ...
psy_oppa,@AdamBraun I miss you bro...
psy_oppa,RT @MaxTheWanted: Who's coming to the jingle ball in new York??
psy_oppa,"Steven Spielberg says ""Thank you for your energy"". How can I forget today for my life? T_T http://t.co/hwlXBZyL"
psy_oppa,"RT @BJCee:    Kyu( Lee, Kyu Chang)/Korean American who tossed #Psy-#GangnamStyle to Scooter Braun http://t.co/hg6YRMwd http: ..."
psy_oppa,"I'm planning the tour in near future,and I wanna know bout NATIONALITIES of my followers. Plz answer me ""WHERE R U FROM?"""
psy_oppa,Coffee from New Zealand...I gotta go there @scooterbraun!! k http://t.co/kh4l0L6H
psy_oppa,@Lee_SeungChul ~~!!!!!
psy_oppa,"RT @billboard: Halloween Costumes: How To Dress Like PSY, Katy Perry &amp; More http://t.co/69CXKqfT"
psy_oppa,Ehhhh Sexy ladies @theviewtv http://t.co/fYAnO8b6
psy_oppa,#JerseyshoreStyle!! lol http://t.co/9lSab4Dz
psy_oppa,RT @billboard: PSY's 'Gangnam Style': The Billboard Cover Story @psy_oppa http://t.co/fEi5JeSk
psy_oppa,Bay Area! Can't wait to perform 4 @997now #TripleHoShow Dec 14th - Tickets here http://t.co/mnmK8BbW password HOLIDAY
psy_oppa,Thx for Having me@billboard: Get a first look at @PSY_oppa on the cover of Billboard: http://t.co/I6M9reLJ
psy_oppa,I Am the Cover of BILLBOARD!!!!! http://t.co/xw079YeM
psy_oppa,I wanna eat this kk@ROMARIOTEEE: @psy_oppa CUPCAKE GANGNAM STYLE http://t.co/0vaa02Sl
psy_oppa,Did ya see @theviewtv!? How was it!??
psy_oppa,"RT @QueenRockBand: @psy_oppa PSY revealed he was inspired by Freddy Mercury, the lead singer of Queen. | @Time NewsFeed  http://t.co/kf ..."
psy_oppa,South Park - Gangnam Style: http://t.co/SSc99BZc @youtube 
psy_oppa,Team Gangnam Style - Guilty Pleasures - Dancing with the Stars All Stars...: http://t.co/rWX06yl5 @youtube 
psy_oppa,RT @scooterbraun: THIS HAPPENED!!!! @psy_oppa http://t.co/e9XPOIrT
psy_oppa,"RT @ygent_official: [VOTE for PSY at 2012 MAMA]
PSY nominated for 2012 Mnet Asian Music Awards! You can vote for each category below:... ..."
psy_oppa,@UsherRaymondIV goes #GANGNAM? lol http://t.co/NHulcZ9H
psy_oppa,heyyyyy sexxxy lady!! @brookeburke can do gangnam style too!!! https://t.co/6q1z7iKa
psy_oppa,join me for reddit q&amp;a. starts in 5 minutes!! http://t.co/aRtkx7qx http://t.co/Go8J3cGQ
psy_oppa,This Pic means I gotta travel A LOT!!! http://t.co/94sObAfC
psy_oppa,here is link to my Reddit q&amp;a. 5-6pm EST. be there!! http://t.co/aRtkx7qx
psy_oppa,"@ABCNewsEnt: #GangnamStyle #Halloween House has 8,500 bulbs synced up to the mega pop hit. Video: http://t.co/393ZUiyY hahaha"
psy_oppa,I am excited for my Reddit AMA from 5-6pm EST!!!
psy_oppa,"RT @STcom: VIDEO: ""Gangnam style"" meets UN style as @psy_oppa meets with UN chief Ban Ki Moon http://t.co/U7FAfJME"
psy_oppa,A Huge momentum of my life!! Honorable meeting with Ban ki-moon secretary-general of UN!! #UNstyle!!   ?^^ http://t.co/A36V5EV7
psy_oppa,RT @mtvema: Find out what @aliciakeys @thekillers &amp; @psy_oppa say about performing at the #MTVEMA! http://t.co/XK6jYTD6
psy_oppa,@TheEllenShow I want the incredible outdoor concert too!!!
psy_oppa,@ybrocks  
psy_oppa,I miss KOREA!!!  http://t.co/a93vGYqu
psy_oppa,Flash Mob @Milano Gangnam Style http://t.co/18WgZu2K @youtube 
psy_oppa,#MustVisitSite kk http://t.co/W4fwDkCT
psy_oppa,@jucklee      
psy_oppa,"RT @jucklee:      ""  .""  ."
psy_oppa,This time It was #DressLessyDanceCheesy @REHAB_LV!! yeaheeee vegas! http://t.co/ZrKmEB1s
psy_oppa,#AncientOriginOfHorseDance -1000 years ago in KOREA lololol http://t.co/MtGcXFTC
psy_oppa,RT @SupermanTweets: #WeAllGotThatOneFriend Who isn't scared of Bane... http://t.co/gKV14aK5
psy_oppa,@Realtaeyang 11   !? 
psy_oppa,@IBGDRGN  !!! 
psy_oppa,@jaysean I look like an immitation of PSY kk
psy_oppa,@IBGDRGN !!!  !!!  ~~ !!!   !!!   !!!!!!!!!
psy_oppa,Touching moment @ampradio! Not just Gangnam but doing the rest of PSY!!! For the 1st time http://t.co/dnH3p3mb
psy_oppa,"Let me proudly introduce my bros called ""EPIK HIGH""! And there new single ""Don't hate me""!!! Try it now!!! http://t.co/xBPOEEFq"
psy_oppa,"I met the legendary ""Betty White"". How come she knows me!! lol http://t.co/8oJJPwyg"
psy_oppa,@blobyblo ~~~^^
psy_oppa,almost time for @ampradio Halloween Masquerade @hobsunset. LA r u ready???
psy_oppa,RT @MelodyMonthly: @teoinmbc 300 ....^^
psy_oppa,RT @iamdiddy: Rule #1 BE HONEST http://t.co/KTlf31XS
psy_oppa,"@jonmchu @scooterbraun As we can see in the pic, I'm F*ckedup!!! Damn...kk"
psy_oppa,@theyoongun ~~~   !??       
psy_oppa,RT @Galikso: @psy_oppa 2 hours ago while i was looking app store i found your game and i downloaded http://t.co/O5fuAWx1
psy_oppa,"Just arrived LA,Getting a warm welcome from US iTunes!! #1 again!! http://t.co/I2Asc8wm"
psy_oppa,#gangnamstyle got 500million views @YouTube #HalfaBillionStyle! haha http://t.co/J7stgv6c
psy_oppa,RT @scooterbraun: #GANGNAMStyle is OFFICIALLY the Biggest Selling Single in ONE WEEK in AUSTRALIA by any artist EVER!! #HISTORY - WOW!
psy_oppa,RT @scooterbraun: LIve PERFORMANCES can show a song and MUSIC is the UNIVERSAL LANGUAGE! http://t.co/dgUjlht3
psy_oppa,@blobyblo     ...      
psy_oppa,@doc0102    
psy_oppa,@scooterbraun Here comes your lover!! lololol
psy_oppa,@blobyblo !?? 
psy_oppa,@KaraAvery next week
psy_oppa,I'm coming LA!!! Wassup!?? #PSYinLA1019
psy_oppa,@BSKworld      ...  
psy_oppa,@jaysean All right. But don't be too strict to ya self bro lol
psy_oppa,Gonna be my last night at Sydney...Come join the party @marqueesydney at the Star Sydney!!!
psy_oppa,@BSKworld !!!~!!! ~~~
psy_oppa,@_sweethara    ......     ...^^
psy_oppa,RT @billboard: .@PSY_oppa still stuck at No. 2 as @Maroon5 tops the Hot 100 again: http://t.co/93XBi5yb
psy_oppa,@justinbieber op op op op
psy_oppa,RT @PerezHilton: @psy_oppa Glee Goes Gangnam Style! http://t.co/onV9I7pJ
psy_oppa,RT @ygent_official: '-  '  ! http://t.co/mKYB8RQ9
psy_oppa,have not left AUS yet and already excited to come back for Future Music Fest in March. tix on sale tomorrow! http://t.co/ZaavRGSv
psy_oppa,RT @umusicAU: @psy_oppa goes platinum style! A great shot from his visit today... #psy   @ Universal Music Australia http://t.co/fa3flbEb
psy_oppa,RT @RealHughJackman: Slicing gangnam style!!!! Great to meet @psy_oppa who visited set yesterday. http://t.co/xMuFFhSG
psy_oppa,@RyanSeacrest I love this skit man~!! I'll be in town this weekend so see you then~!!!
psy_oppa,@jaysean @OfficialMelB Yeah~~Gonna B a passionate farewell with Aussie!!! haha
psy_oppa,PSY Makes Ryan Seacrest Do Gangnam Style Dance http://t.co/3BAaCSTn @youtube 
psy_oppa,RT @carlyraejepsen: The music video for THIS KISS is coming soooo soon! Until then here is a little preview. Hope you enjoy it! Mwah x h ...
psy_oppa,Martin Place is fully packed for @sunrise7!!! So R ya ready AUS!???
psy_oppa,Had a great time with @RealHughJackman  #GangnamStyleWolverine~!!! lol http://t.co/vuOnPhuF
psy_oppa,Gangnam Style taking over @sunrise7 tomorrow morning. See you live on the plaza at Martin Place !!!
psy_oppa,"I don't know why but let me say ""I'm not using any color~!!"" OK~??"
psy_oppa,@OfficialMelB Ask @jaysean for Thursday night~!!! kk
psy_oppa,Must see #MelBstyle lol PSY - Gangnam Style () - Live in Australia on The X Factor 2012: http://t.co/s06EfHPP @youtube 
psy_oppa,@OfficialMelB You were way better than me~!!! How long have you practiced~!??? hahaha
psy_oppa,RT @thexfactor_au: CONFIRMED: @psy_oppa is mesmerising. #XFGangnamStyle #xfactorau
psy_oppa,RT @estellachan94: @psy_oppa is trending in Australia WOW http://t.co/iCOW6lsL
psy_oppa,@scooterbraun Why don't we say...Hit goes on or Heat goes on
psy_oppa,@doc0102    ...   ...   
psy_oppa,Hello~!! Australia~!! Are ya ready for the X Factor tonight~!??? http://t.co/ApizUEUN
psy_oppa,It's gonna be BIG @marqueesydney Oct 18 https://t.co/YBGAbAAP
psy_oppa,"PSY - ENTERTAINER () @ Seoul Plaza Live Concert
http://t.co/tJo2N8sz @youtube "
psy_oppa,"PSY - SHAKE IT () @ Seoul Plaza Live Concert http://t.co/WnrCUzCF @youtube "
psy_oppa,"PSY - RIGHT NOW @ Seoul Plaza Live Concert
http://t.co/d9m1ZH68 @youtube "
psy_oppa,PSY - GANGNAM STYLE () @ Seoul Plaza Live Concert  http://t.co/GmM2hqP8 @youtube 
psy_oppa,@scooterbraun hey man~~ It's me!! Your brother with another mother. lolol
psy_oppa,"New York Times article published today-His Style Is Gangnam, and Viral Too http://t.co/eM7Aix3c"
psy_oppa,@scooterbraun @justinbieber #underdogstyle
psy_oppa,@RyanSeacrest Where is the video that we did before man~? kk
psy_oppa,@MelodyMonthly   ...~!!!
psy_oppa,I'm coming Sydney~!!! Are Ya READY~!?? #PSYatSYDNEY1016 http://t.co/PQj6pC1B
psy_oppa,RT @officialcharts: At #Number3 on today's #OfficialChart it's @psy_oppa with #GangnamStyle! http://t.co/90cxyti4
psy_oppa,!.jpg http://t.co/9xfZOxeK
psy_oppa,    @Brlove12:            ..
psy_oppa,"    @BaikJiYeon:  ' ..' if    ,      .      ..       "
psy_oppa,"RT @LovefromLily: @psy_oppa I can't wait to meet you in Sydney :)

You are...

P assionate
S uccessful
Y oung at heart

"
psy_oppa,#gangnamstyleAVENGERS hahaha http://t.co/wNAdNasw
psy_oppa,Fastest Men in the world!!! Mark Webber and Sebastian Vettel http://t.co/UTcogWBo
psy_oppa,RT @Moni_Maldonado: Mark Webber &amp; Sebastian Vettel doing the OPPA GANGNAM STYLE with @psy_oppa!! :D #F1 #Priceless #KoreanGP http:// ...
psy_oppa,RT @mohitrathi: Supercool! RT @redbullracing: @AussieGrit &amp; Seb doing OPPA GANGNAM STYLE with @psy_oppa  naturally! http://t.co/bRnJDoDI
psy_oppa,RT @AlfredoFlores: #GangnamStyle @psy_oppa HEYYYYYYYYYY SEXYY LADIES! http://t.co/zw7H02Cb #TEAMBIEBER
psy_oppa,@mjjeje        
psy_oppa,"RT @jucklee:  ,   .        ."
psy_oppa,RT @scooterbraun: @justinbieber @carlyraejepsen @thewantedmusic @psy_oppa now let's focus on EMA's and AMA's!! VOTE! :)
psy_oppa,@gally5882 @ybrocks  
psy_oppa,And...Germany~!!! I'll Be there in November and you know Why~!??? http://t.co/GO1pvKIn
psy_oppa,@scooterbraun @UsherRaymondIV Are ya ready for #theWAVE~!??? I'm coming in a week~!!! LOLOL
psy_oppa,The reason why I'm heading to there!!! Oct 16 http://t.co/QhW29xNN
psy_oppa,#MustSeeVIDEO by @justinbieber and @nickiminaj #BeautyAndABeat~!!! http://t.co/RHZyNLg1
psy_oppa,"RT @billboard: .@PSY_oppa photo gallery: ""Gangnam Style"" invades America http://t.co/SPpI5VeS"
psy_oppa,"RT @billboard: . @taylorswift13, @Rihanna &amp; @psy_oppa Buoyed by Billboard Chart Changes http://t.co/0fepkwsQ"
psy_oppa,Oct. 15 R U ready Australia!!?????
psy_oppa,Ranked at 39 of Top 49 Most Influential Men of 2012 by http://t.co/rP8gZsOY Everyday I'm surprising~~ http://t.co/ICCKJyip
psy_oppa,#gangnamstyle became #platinum in the US!!!!! Yeah~~
psy_oppa,RT @scooterbraun: @psy_oppa if someone is gonna block u from #1 again at least it is great people in @adamlevine and the guys from @maro ...
psy_oppa,"Me and my ""Yoo,jeaseok"" aka Grasshopper. Best comedian in Korea!! http://t.co/suBQQIen"
psy_oppa,@kkachi0912 @blobyblo      ...    
psy_oppa,64-11-2-2-?
psy_oppa,RT @blobyblo:   ! @kyungjoon0101: Epik High  ~~ ^^  !!!!!!!!!!!!!!!!!!!!!!!! http://t.co/j8iCI1Rp
psy_oppa,"RT @officialcharts: Gangnam Style by @Psy_Oppa is the UK's most listened to track, hitting #Number1 on the Official Streaming Chart: htt ..."
psy_oppa,#9000PeopleGangnamStyleITALY OFFICIAL VIDEO  Massive Flash Mob Gangnam Style Palermo: http://t.co/hNX7wRuQ @youtube 
psy_oppa,and...HELLO CHINA~!!! http://t.co/JOxBPTsU
psy_oppa,RT @scooterbraun: http://t.co/ODvOFkRA
psy_oppa,RT @blobyblo:   7  '' .  ''          ...!!! !!! #
psy_oppa,RT @martincheong: @psy_oppa PSY! you are no.1 in Singapore as well (6 Oct 2012)!  http://t.co/YHnP9NUM
psy_oppa,I gotta travel everywhere~!!! oh em gee~!!! LOLOL http://t.co/9ki5xXYK
psy_oppa,RT @scooterbraun: @psy_oppa @billboard go for #1 this week! #GANGNAMSTYLE!! haha. @adamlevine ... please let it be #1. thank u
psy_oppa,PSY Watch: Will 'Gangnam Style' Reach No. 1 on the Hot 100? | Billboard http://t.co/7OSXXggM @billboard 
psy_oppa,"#GangnamStyle400,000,000Views @YouTube!!!!! http://t.co/O9tR50nx"
psy_oppa,Listen up EVERYBODY!! Help me out to get #NO1 @billboard!! Buy #GangnamStyle @itunes and Request it at the radio!! http://t.co/EilwIaAM
psy_oppa,"#No2inUK@officialcharts this week~!!! Still Pretty &amp; Proud~!!! Wait for me UK, I'll be there ASAP~!!! http://t.co/28WZK1Tl"
psy_oppa,RT @officialcharts: Happy #OfficialChart day! Who do YOu want to be #Number1 today? @onedirection? @rihanna? @officialadele? Or @psy_opp ...
psy_oppa,RT @blobyblo: RT ^^  7  ''  (9) !  10 19!       ~  http://t.co/e0egvdfv
psy_oppa,@2AMkwon  ~~^^
psy_oppa,@scooterbraun You gotta give these people a big time present man~!!! which is ...!!!!! LOLOLOL
psy_oppa,RT @scooterbraun: HOLY SHIT!! @psy_oppa 's concert 2 days ago in Seoul for the people to thank them 4 their support. WOW. MUST WATCH! -  ...
psy_oppa,@followjyp ~~!!!!   ..!???     !!!
psy_oppa,Gotta see 100000 KOREANS doing #GangnamStyle http://t.co/v1gZtDav @youtube 
psy_oppa,funny jay leno Gangnam Style Oct 3.MOV: http://t.co/KPW92q6F @youtube 
psy_oppa,#ThisIsKorea http://t.co/ylmCQZRG
psy_oppa,"I'm gonna have the  biggest show ever at the Seoul City Hall Plaza!!!
Join me http://t.co/KPdVHJWQ 10 PM (KST)"
psy_oppa,"RT @COMMANDAH_PANDA: @psy_oppa's ""Gangnam Style"" meets @diplo's ""Express Yourself""  http://t.co/j7j7udse"
psy_oppa,No.2 @billboard for 2 weeks in a row~!!! YEAH~!!!   ~!!! ^^ Tonight's gonna be the night~!!! at Seoul City Hall Plaza~!!!
psy_oppa,#GangnamStyle hits no.1 in CHINA~!!! http://t.co/j7ItXXpZ
psy_oppa,RT @scooterbraun: @psy_oppa this is nuts! http://t.co/xGaNcnzR
psy_oppa,"RT @billboard: PSY Watch update: ""Gangnam Style"" is still behind ""One More Night."" @PSY_oppa may not be topping the Hot 100 this week: h ..."
psy_oppa,"RT @officialcharts: .@psy_oppa says that if Gangnam Style goes to #Number1 on the @Billboard Hot 100 on Thursday, he'll perform it tople ..."
psy_oppa,See my #GangnamStyle gif on GifBoom. Get the app and win some cool prizes: http://t.co/EIW6ejpr
psy_oppa,RT @iHeartRadio: #GangnamStyle! @Psy_Oppa does his pony dance on the #iHeartRadio Music Festival stage. Be honest: are you dancing in yo ...
psy_oppa,"#GangnamStyle got no.1 at the official UK charts. I heard that this is ""the first time in the Asian Music History""~!!! http://t.co/IZjo68P5"
psy_oppa,RT @QueenRockBand: Psy revealed that Queen and their late frontman Freddie Mercury first got him interested in making music  http://t.c ...
psy_oppa,PSY Gangnam Style Wins Dodger Stadium Juke Box Vote Again 9-28-12 - 3rd ...: http://t.co/Sp9ZqPWp @youtube 
psy_oppa,RT @ItchyEagle:  .       .       . .    . . http://t.c ...
psy_oppa,@teoinmbc @Quanninomarley ...  ...  
psy_oppa,Gotta see this~!!! Funniest EVER~!!! - without music: GANGNAM STYLE () by PSY: http://t.co/hs0nUFMp @youtube 
psy_oppa,Have you ever tried my song called #RightNow~!?? Try this for your health~! LOL PSY - Right Now M/V  http://t.co/5GNVSWRM @youtube 
psy_oppa,@jucklee @chung505    ~~!! 
psy_oppa,@IBGDRGN        ...     ...
psy_oppa,RT @IBGDRGN:    ..  ! http://t.co/APrkyrS0
psy_oppa,"RT @chung505: ~~ ^^
 
 
 ^^
 """" 
 ~~!!"
psy_oppa,You gotta see this how energetic &amp; dydamic koreans are~!!!  PSY - Gangnam Style @ Seowon University http://t.co/NVNjBPIO @youtube 
psy_oppa,RT @ginachoi87: yes yes yes!!  ! RT @billboard: PSY Watch: Will 'Gangnam Style' Reach No. 1 on the Hot 100? http://t.co/f8vzNNq7
psy_oppa,PSY- #gangnamstyle just got 300million  views @YouTube http://t.co/RPLuIrHV
psy_oppa,RT @todayshow: Watch @psy_oppa return home #gangnamstyle http://t.co/6d5MBkHa
psy_oppa,"RT @chung505: Releasing new song ""Amatur"" today by noon time~ Please enjoy.  Hope you guys like it. Have a great day !!!"
psy_oppa,10/6/2012 Billboard Hot 100 - Top 10 Singles chart: http://t.co/XN9SLJdl @youtube 
psy_oppa,"Dwight Howard gangnam style on Ellen show: http://t.co/xMo4VBrk @youtube    ...by the way, I love you @ellenshow"
psy_oppa,@melodymonthly @chung505      
psy_oppa,@MelodyMonthly @chung505
psy_oppa,@BSKworld        
psy_oppa,RT @BSKworld: @psy_oppa ~           1     ~~;;.. ~?!;;
psy_oppa,How the world did I meet and have fun with the chairman of GOOGLE!?? @ericschmidt!!! http://t.co/mxodPqRz
psy_oppa,RT @doc0102: ~~~~~~~~~~~~  2 ^^           1!!!!!!!!     ^^  !!!!!!!!
psy_oppa,"RT @shinhyunjoon_: 

!
 1 !
  !"
psy_oppa,"RT @chung505:   2.. !!
  
    
  "
psy_oppa,RT @Brlove12:  !!    !!  RT @yabess2:  .. http://t.co/2Sb4Cw97
psy_oppa,@blobyblo ~!!!    
psy_oppa,#GangnamStyleNo.2onBillboardHot100  Make some noise~!!!!!!!!! http://t.co/4UBGEysN
psy_oppa,RT @officialcharts: It looks like this will be the week #GangnamStyle finally conquers the UK #OfficialCharts: http://t.co/o6b98on4
psy_oppa,RT @officialcharts: Blasting towards #Number1: You might have guessed it...@psy_oppa is set to top the #OfficialCharts. #GangnamStyle in ...
psy_oppa,@choiza11       
psy_oppa,  !! @chung505
psy_oppa,@OfficialSSH        
psy_oppa,"RT @OfficialSSH:    hot ~~
   !^^ http://t.co/YXxC2s1u"
psy_oppa,This is how we do it~~!! from KOREA http://t.co/Iaa5o2Rw
psy_oppa,@IBGDRGN        
psy_oppa,They know how to do it Malaysia~!!!!! LOL http://t.co/EXTb7ald
psy_oppa,  ...^^ Let me say the MOST TOUCHING SCENE of #GangnamStyle - Ohio University Marching 110: http://t.co/i1Jo1MOa @youtube 
psy_oppa,#GangnamStyle can stop babies from crying~!??? hahaha ~?  http://t.co/jpcHQHpG
psy_oppa,Psy-Gangnam Style @ iHeartRadio Music Festival: http://t.co/c23uKWRN @youtube 
psy_oppa,"After beautiful 3weeks in the US, I m going home!! but Don't worry! I ll B BACK soon lolol~~"
psy_oppa,"RT @KISS_FM_LIVE: .@psy_oppa 20,000 people danced #GangnumStyle today! http://t.co/fyxBm8Om @scooterbraun @RyanSeacrest PLZ RT!"
psy_oppa,"RT @taolasvegas: In case you missed #HISTORY at TAO last night, get a front row view of @psy_oppa performing #GangnamStyle! WATCH: http: ..."
psy_oppa,"Last Night, It was #GangnamStylePartyRockAnthem by @RedFoo and @psy_oppa http://t.co/tyL731wN"
psy_oppa,Hey sexy ladies! At @taolasvegas with @redfoo #yeeeaahbaby
psy_oppa,now time to go party at @taolasvegas join me
psy_oppa,Backstage at iheart with my favorite american tv host @mariamenounos http://t.co/h7VYoFUP
psy_oppa,RT @iHeartRadio: Are you ready for #GangnamStyle at the #iHeartRadio Music Festival?! @psy_oppa is in the house and EVERYONE is on their ...
psy_oppa,@jinpyo_kim     
psy_oppa,TONITE!!! @taolasvegas I M COMING!!!
psy_oppa,RT @scooterbraun: Haha! My man @psy_oppa just came out solo dolo on IHeart show and killed it #GANGNAMSTYLE . Crowd went nuts!!!
psy_oppa,John BonJovi met his huge fan!! yeah~ That's ME and besides he knows me OMG YEAH~~~~!!! http://t.co/k9iixFeO
psy_oppa,RT @RyanSeacrest: Here we go!!! #iheartradio
psy_oppa,Gangnam Style Video Breaks Guinness World Record http://t.co/jtNXNeN5 (via @ABC)
psy_oppa,RT @_chirpchoe0115: #GangnamStyle by @psy_oppa is now trending on yahoo lol http://t.co/ouDwoNQI
psy_oppa,Number 1 @itunes in 31 countries~~!!! How wonderful LIFE is #gangnamstyle !!!  !??  http://t.co/DGXDUcMB
psy_oppa,RT @TomCruise: #FF #GangnamStyle @TinaLancing @DirectionerEimy @Deacs @Chrisrich25 @nagasree3 @aim_tak @gerie_vip @nagasree3 @plant_55 @ ...
psy_oppa, ...  What'up MEXICO~!??? Should I Be there~!??? lol http://t.co/eaZrEOVm
psy_oppa,RT @CodySimpson: #GangnamStyle featuring myself with @VDuffield and crew. shout out to @Psy_Oppa for this instant classic http://t.co/vF ...
psy_oppa,PSY-Gangnam style () MEDITATION version(ENG-SUB) by BBC radio-1: http://t.co/2yPnhqun @youtube 
psy_oppa,PSY GETS GANGNAM X NEW YORK STYLE: http://t.co/xo57hX6G @youtube 
psy_oppa,"(NEWS)I'm gonna have a party @taolasvegas this sat-day(09/22). So if ya nearby the town,why don't ya come see me performing #GANGNAMSTYLE~!!"
psy_oppa,"[]   !  ""  "": http://t.co/wKkvWpyM @youtube "
psy_oppa,Psy stopped by the office of Chelsea Lately and we put him to work...: http://t.co/4Kk2H8Xs @youtube 
psy_oppa,@MelodyMonthly    ...SNL    AFKN   
psy_oppa,RT @siwon407: :) http://t.co/OsF9vVoI
psy_oppa,RT @hitRECordJoe: #EndlessGangamStyle #Again #AndAgain http://t.co/imGrKLUJ
psy_oppa,"RT @HyundaiCard: '' , '' .  02   'Breaking the Trend, Making the Brand'  ^^  : http://t.co/WCCkMUOg"
psy_oppa,RT @blobyblo: psy hyung is truly killin' it
psy_oppa, 100 11   @billboard #HOT100 #gangnamstyle happened to be placed at number 11~!! LET US CONGRATZ!!!!!
psy_oppa,"RT @TheEllenShow: The only thing I love more than @Psy_oppa 's ""Gangnam Style"" right now is watching Americans try to sing along."
psy_oppa,@TheEllenShow How beautiful your audience are~!!! I'll see you soon.
psy_oppa,Psy Brings Down the Ellen House!: http://t.co/DVCymuG6 @youtube 
psy_oppa,PSY  FATHER (Eng - Sub)  @ Summer Stand Live Concert: http://t.co/0BXCQXnJ @youtube 
psy_oppa,Big Shout Out to all the KOREANS in overseas~!!! -&gt;/ - [/]  (Gangnam Style)   !! :) http://t.co/WasYQZbM
psy_oppa,RT @scooterbraun: u cant help but smile at this... http://t.co/EBcuj9qs ... make sure to watch @psy_oppa on @theellenshow TODAY!
psy_oppa,'Extra's' Gangnam Style Flashmob!: http://t.co/e9q1i6fs @youtube 
psy_oppa,RT @mtvasia: Could @Psy_oppa's 'Gangnam Style' Get An English Makeover? Would you want an English makeover? Why/why not? http://t.co/qB9 ...
psy_oppa,    ~!!-&gt;  http://t.co/5iQnkMkr @TwitPic 
psy_oppa,it was pleasure to meet @LA_Reid @TheEllenShow http://t.co/vZX1VOWp
psy_oppa,@krungy21 @Realtaeyang @superfunkboy   
psy_oppa,RT @scooterbraun: this happened....Navy Cadets Do 'Gangnam Style' [VIDEO] http://t.co/RXKSaGxY @mashable
psy_oppa,RT @dannyim80: @psy_oppa  thx again for chillin with us on set! LA   ! DFLA episode 2 Sept. 20th on Mnet!! http://t.co/AtJRqGVc
psy_oppa,@UsherRaymondIV @iheartfest @1oaklv Yeah man!!! LOL
psy_oppa,One and Only @TheEllenShow everybody!!! Just performed #gangnamstyle http://t.co/ImDfOWag
psy_oppa,RT @TheEllenShow: Yes! RT @scooterbraun yes... i love @theellenshow
psy_oppa,RT @TPAIN: Shout out to my dude @psy_oppa he makes the DOPEST music! #GangnamStyle
psy_oppa,Help my friend @TPAIN get to 1 million followers for his birthday! Please follow him!
psy_oppa,RT @GrubbsHyundai: @Hyundai and @psy_oppa are bringing the #GangnamStyle #Equus http://t.co/K9pVLS8l
psy_oppa,PSY - GANGNAM STYLE () M/V Making Film: http://t.co/ZkOvJ2vl @youtube 
psy_oppa,"It's still #PSY, besides even getting better...O M F G ~~ #GANGNAMSTYLE !! http://t.co/i48YFtpl"
psy_oppa,RT @958capbreakfast: We've got #GangnamStyle @Psy_Oppa on the show now! #KPOP
psy_oppa,"RT @forest94ft:  .     .       .   2, 3   . 
   / .  ..."
psy_oppa,"I was at Grove mall with the program ""EXTRA""~!!! in L.A~!!!  http://t.co/uyeK5RX8 @youtube "
psy_oppa,Got 200 million views !!! Thx everybody!!! 2!!! http://t.co/v6h4IY3Z
psy_oppa,@TPAIN How are you man~!?? lol
psy_oppa,RT @TPAIN: Oppa Batman style!! #PSY http://t.co/DQqz89qk
psy_oppa,@kkachi0912          
psy_oppa,"OMG~!!! I am nominated 'BEST VIDEO' at #EMA~!!!  MTV (EMA)    ... ,~!!!!  http://t.co/RpJWlLEH"
psy_oppa,"Hi~@TheEllenShow,I'm @psy_oppa~!!! I will see you on tuesday~!!! and all of you guyz gonna see us on wednesday~!!! YEAH~!!!!!"
psy_oppa,"RT @AsiaPrince_JKS: Stay http://t.co/EDCus61B

   ..



   !!!"
psy_oppa,G-DRAGON - CRAYON () M/V: http://t.co/FP9fu3DC @youtube 
psy_oppa,@Heehihi @DanCerWooNg       ~~~~~ 
psy_oppa,Did you see me at #SNL !??lolol http://t.co/5PRDppuA
psy_oppa,"RT @todayshow: ""Our plaza will never be the same!"" -@savannahguthrie after @psy_oppa performance. #PsyTODAY"
psy_oppa,RT @todayshow: RT @talyncoleman: @todayshow thanks for the #gangnamstyle performance it was the best plaza concert ever. #PsyTODAY
psy_oppa,RT @AdamBraun: WOW. What a night w @scooterbraun @usherraymondiv @psy_oppa @tehillahvoslevi http://t.co/mdibtfGi
psy_oppa,RT @BaikJiYeon:    ...
psy_oppa,@teoinmbc      
psy_oppa,RT @todayshow: Guess who has #1 song on iTunes?  1st Asian solo artist to hit the top of that chart. We're still dancing here @todayshow ...
psy_oppa,Check this out ya~!!!! maybe #NYCstyle !??? LOL http://t.co/OKbOS1Jp @youtube 
psy_oppa,Let me proudly introduce #1 song of itunes single chart in US #gangnamstyle http://t.co/imlUKMCY
psy_oppa,"RT @scooterbraun: it's spreading.. @justinbieber just called and yelled ""GANGNAM STYLE!"" haha. then @psy_oppa said he wants to take him  ..."
psy_oppa,RT @in332: PSY - GANGNAM STYLE(NBC TODAY LIVE SHOW)     . http://t.co/02WhlWe0 @youtube 
psy_oppa,How was #psytoday!?? They asked me singing twice for the first time @todayshow!!! http://t.co/gHLPvIhj
psy_oppa,RT @scooterbraun: As an immigrant's kid I'm taking a lot of pride in what is happening on the @todayshow right now. Thousand r here for  ...
psy_oppa,RT @todayshow: RT @MarkMcLain PSY rocking the house twice! Nothing could be better. Thank you for featuring this performance @todayshow. ...
psy_oppa,RT @todayshow: Here we are live with @nmoralesnbc @alroker @savannahguthrie @psy_oppa Having a blast! http://t.co/amsq22ZI
psy_oppa,RT @todayshow: Thousands here for @psy_oppa's performance on the plaza later this morning. #PsyTODAY #GangnamStyle
psy_oppa,Ok. It's time to turn on the @todayshow for history. #gangnamstyle
psy_oppa,Up early. Too early. Ready to bring #gangnamstyle to new york city and the @todayshow
psy_oppa,RT @koreantomcruise: fans camped out since 9pm last night. let's make history @psy_oppa @scooterbraun #todayshow #gangnamstyle http://t. ...
psy_oppa,RT @958capbreakfast: Ooopa Gangnam Style! #GangnamStyle
psy_oppa,RT @TheRobEllisShow: This is Psy - 'Gangnam Style' that Wingman has found. What do you think? http://t.co/e5NAiOko
psy_oppa,RT @todayshow: RT @StephLauren: These people REALLY want to do it Gangnam Style. #PsyTODAY @ NBC Studio 1A - Today Show http://t.co/EOhoOOd5
psy_oppa,It's ShowTime!! Performing #GANGNAMSTYLE tommorow morning in NYC @todayshow!! R U R E A D Y~!??? http://t.co/zoeml7aU
psy_oppa,Psys Gangnam Style MV becomes Most Liked video in YouTube History http://t.co/RKtmrxhg @allkpop 
psy_oppa,RT @scooterbraun: just another bbq with @thatrygood and @nickdemoura and some friends. lol. #sycronizedswimmingstyle - http://t.co/ffbtfhTd
psy_oppa,"@jucklee  ...,   "
psy_oppa,RT @RyanSeacrest: @scooterbraun @psy_oppa good luck on @todayshow... I NEED to see @mlauer doing the dance
psy_oppa,@ybrocks     ...
psy_oppa,@officialse7en      
psy_oppa,RT @scooterbraun: Listening to @RyanSeacrest on KissFM in route to fly to nyc this morning and I hear #GangnamStyle ! Haha. So epic. Goo ...
psy_oppa,@Tsoul0512    ...
psy_oppa,@gaekogeem @blobyblo  ~?  THX Bors~ 
psy_oppa,"RT @Jungwook_Hong:       ,    .       5."
psy_oppa,RT @scooterbraun: heading to NYC tomorrow to watch this man perform on the @todayshow friday morning. http://t.co/LyTxKlte
psy_oppa,RT @ygent_official: 'Gangnam Style': 6 Things You Didn't Know http://t.co/5wL7IMEN
psy_oppa, 100 64 ~!!! I made my debut spotted #64 of the charts called #BillboardHot100~!!! http://t.co/2IXSOd2M
psy_oppa,"Because @britneyspears and @TheEllenShow learned my dance, let me say the very dance is not cheesy any more. haha"
psy_oppa,RT @todayshow: MT @psy_oppa You gonna watch me performing #GANGNAMSTYLE this friday in NYC @todayshow http://t.co/r1aqetLb
psy_oppa,RT @scooterbraun: on a different note...look who is #10 already on the ITUNES chart!! #GANGNAMSTYLE!! haha. HELL YES!! http://t.co/qTRhbcnd
psy_oppa,"finally #GANGNAMSTYLE hits T O P 10 @itunes~!!!! YEAH~!!!!!!   ~~~, http://t.co/pXflBAhe"
psy_oppa,"RT @sooooyeonJeong: @psy_oppa http://t.co/GBcyDlBQ 3      

       ..."
psy_oppa,You gonna watch me performing #GANGNAMSTYLE this friday in NYC @todayshow with the very #ClassyCheesyAttitude~!!! LOL http://t.co/V71ZqQXo
psy_oppa,"RT @britneyspears: LOL, thank u @psy_oppa for the surprise dance lesson yesterday http://t.co/Z7II4W6u @TheEllenShow was going off Gangn ..."
psy_oppa,RT @scooterbraun: haha. yes my dude @psy_oppa is performing #GANGNAMSTYLE for the first time in the US on the @todayshow this FRIDAY in  ...
psy_oppa,"   all the Kpop fanz in NY ,plz come out and see me performing #gangnamstyle on friday morning @todayshow"
psy_oppa,RT @TheEllenShow: The Internet just called to personally thank me. RT @BritneySpears learned to Gangnam style from the master! @psy_oppa ...
psy_oppa,@diegobluff  ~?^^
psy_oppa,Surprise! Britney Learns 'Gangnam Style' from Psy!: http://t.co/Y5crxYPE @youtube 
psy_oppa,RT @scooterbraun: the things the internet give us. wow. honey boo boo style! hahaha - http://t.co/dhoLB0rc
psy_oppa,RT @TheEllenShow: Wait 'til you see #BritneyDoingGangnam Style w/Psy on my show tomorrow. http://t.co/7hfaErti
psy_oppa,RT @britneyspears: .@TheEllenShow and I learned how to go Gangnam style from the master today! @psy_oppa #BritneyDoingGangnam http://t.c ...
psy_oppa,South Korean rapper Psy joins TODAY concert lineup http://t.co/vokFqY54
psy_oppa,RT @scooterbraun: Make sure to watch @TheEllenShow tomorrow!! WOW!! Haha
psy_oppa,"RT @RyanSeacrest: amazing interview with ""gangnam style"" star @psy_oppa aka Park Jae-Sang, father of twins! http://t.co/NzZ51tha"
psy_oppa,RT @diana_jk: Wowww.. Psy is on @OnAirWithRyan .... Never thought I'd see the day a korean would be on american radio... Lol
psy_oppa,@ybrocks ~~~~~~~~~    
psy_oppa,#gangnamstyle by MLB LoL http://t.co/p0U8va1k
psy_oppa,RT @thatrygood: Things got a lil gangnam today
psy_oppa,@scooterbraun No doubt bro~~ gonna be hot viral ever lol and plz let someone email me the shit we did today man...
psy_oppa,"RT @OnAirWithRyan: Tomorrow, we have the one and only @psy_oppa, then @TheEllenShow will give us the scoop on her season 10 premiere!"
psy_oppa,If ya wanna know more about me...plz check this out PSY - IT'S ART () M/V: http://t.co/5lel1wsQ @youtube 
psy_oppa,@chrisbrown THX. for following me man. We can do some crazy shits together later on~!!  lol Let's hang out sometime with scooter~~
psy_oppa,With the guy called @chrisbrown http://t.co/ZQng9Bce
psy_oppa,I'm at the ABC news again~~!! OMFG~!!!! lolol : http://t.co/tRbH3Nnm @youtube 
psy_oppa,@babospmc      
psy_oppa,PSY - GANGNAM STYLE () M/V w/ Power 106 Big Boy's Neighborhood: http://t.co/7wtoWZqs @youtube 
psy_oppa,RT @LMFAO: Check out #PartyRock .... Gangnam Style! http://t.co/pjCBObKt
psy_oppa,"RT @inggridch: @psy_oppa ""@9GAGTweets: PSY came to the VMA's - http://t.co/n65uT9en #9gagtweets"""
psy_oppa,@IBGDRGN         
psy_oppa,@gunboy77  ... ~!!!!! 
psy_oppa,@Realtaeyang ~~~~... ~~^^
psy_oppa,I wanna be here every year if possible~!    ''  ...  ...^^ http://t.co/gSOJL89U
psy_oppa,I did what I had to do~!!! PSY on MTV VMA!: http://t.co/mmGHdkC2 @youtube 
psy_oppa,"RT @kaorufortune:  ,      (Psy's Asak Zipel Dance Preview) http://t.co/CWuvp1xK @youtube"
psy_oppa,'Gangnam Style' Star PSY 'Cannot Believe' That He Just Appeared On The MTV Video Music Awards http://t.co/ZeT5jdVX
psy_oppa,RT @THR: VIDEO: Pop Star PSY (@psy_oppa) Joins @TheWantedMusic on Stage at VMA Pre-Party http://t.co/OrUzzmXd
psy_oppa,"RT @MTV: #VMARedCarpet PSY!! Dance for me, immediately. http://t.co/5Pghztcx"
psy_oppa,Finally~~~I'm at #VMA http://t.co/B3O4uq4n
psy_oppa,RT @scooterbraun: PSY -- 'Gangnam Style' Singer DANCES ON THE STREET!!!! http://t.co/F0JLxLpN via @TMZ
psy_oppa,YEAH~~~~ http://t.co/uJRv2KVV
psy_oppa,PSY vs. Neo http://t.co/xK56diLV @youtube 
psy_oppa,    What'up Thiland!!!!!!!!??????? http://t.co/TzCpRYvE
psy_oppa,RT @scooterbraun: drinking alot of water and bread right now as im preparing my body to go to dinner with @psy_oppa . the man can drink. ...
psy_oppa,RT @TomCruise: Think @Psy_oppa would make a good future co-star Gangnam Style? http://t.co/SNLKFr6C http://t.co/8iFsinIZ
psy_oppa,PSYs Gangnam Style Becomes the 5th Most Viral Video of All Time  http://t.co/dENCE1nr
psy_oppa,Justin Bieber's Manager Scooter Braun Signs Internet Star Psy http://t.co/E2b8dJQU @THR 
psy_oppa,RT @billboardbiz: .@ScooterBraun announces label deal w/ Korean viral sensation Psy http://t.co/8FdB9c6G @justinbieber's mgr goes #Gangn ...
psy_oppa,@BSKworld @gally5882   
psy_oppa,@Brlove12   ~?? 
psy_oppa, 1   ~~ #GangnamStyle100Million views @YouTube  !!!!! Thx. everybody~!!!!! http://t.co/WlDg5AAx
psy_oppa,@scooterbraun B ready for the very SOJU man~~~ lol
psy_oppa,Public Announcement - Scooter Braun Regarding PSY http://t.co/AW0vnxQ4
psy_oppa,"RT @zelowaifu: omg RT""@bbspazz:   ?? Gangnam Style restaurant?? @psy_oppa http://t.co/JSRh0mkd"""
psy_oppa,RT @NangmanBooks: ' '     .     http://t.co/cBWs6mN6  . http://t.co/uRldRsUk
psy_oppa,OMG~!!! Gotta watch this~!!! That's my jacket kid~!!!! http://t.co/GqAVm95w
psy_oppa,11#PSY@MBC(RT!!!) http://t.co/PGposrm6
psy_oppa,RT @scooterbraun: because im becoming obsessed with this song i think @mtv #VMAs need to have this performance. would be so next level!  ...
psy_oppa,RT @babospmc:  space bound      #
psy_oppa,For those people who might miss this~~~ http://t.co/IidXtDs4
psy_oppa,RT @Realtaeyang: zzZZ http://t.co/QVKkl9qL
psy_oppa,@shinhyunjoon_   ~~~~~~^^
psy_oppa,OMG~!!! Thx.~!!! Argentina~~~http://t.co/n0uQKMJw
psy_oppa,@KimSooro @MelodyMonthly      ~~~
psy_oppa, ... ...^^ http://t.co/56jAgZmG
psy_oppa,RT @ssamssanea: @psy_oppa     !  ! http://t.co/xsGFAdn2
psy_oppa,@MelodyMonthly ~~~   ~     ~^^
psy_oppa,"RT @ygent_official: PSY's ""Gangnam Style"" Has Made A Meteoric Rise As A New Kind of K-Pop Star! http://t.co/EQKKd6dy"
psy_oppa,"RT @ShawtyOfBiebs_: 120901 (Girls' Generation) Diet LOOK Concert : ""PSY"" Gangnam Style D...: http://t.co/5AlOv8bK via @youtube aksdh ..."
psy_oppa,"RT @ygent_official: [PSY_0902_SBS Inkigayo_GANGNAM STYLE ()]
Copyright2012 SBS Contents Hub Co.,Ltd. &amp; YG Entertainment Inc... ..."
psy_oppa,RT @kimhs0927: @psy_oppa http://t.co/hiFgR271  ~~
psy_oppa,RT @rabbbooo: @psy_oppa Oppa look at this http://t.co/fjehhG6O
psy_oppa,lolol hahaha yeah~~~ http://t.co/Wz1WOPIE
psy_oppa,RT @siwon407:   !  ^^ @psy_oppa @DrunkenTigerJK http://t.co/Fx587flM
psy_oppa,RT @britneyspears: I am LOVING this video - so fun! Thinking that I should possibly learn the choreography. Anybody wanna teach me?!  ha ...
psy_oppa,"RT @dhichul: !!  :o""@allkpop: Britney Spears wants to learn PSYs Gangnam Style dance http://t.co/0aKjVUSd"""
psy_oppa,RT @MTVFR: Oppa Gangnam Style ! http://t.co/vqfZ9UuC
psy_oppa,Surprises EVERYDAY~!!! Psy takes Korean pop mainstream - Entertainment - Video - 3 News http://t.co/rYOEVtdo @3newsNZ 
psy_oppa,@shinhyunjoon_ ...   ...... ...
psy_oppa,@Tsoul0512   ~~~~
psy_oppa,"RT @ygent_official: [PSY_0826_SBS Inkigayo_GANGNAM STYLE ()]
Copyright2012 SBS Contents Hub Co.,Ltd. &amp; YG Entertainment Inc... ..."
psy_oppa,@_sweethara  ...  ...
psy_oppa,"@DrunkenTigerJK   ... ...,  Do I gotta buy smart phone~? k k"
psy_oppa,@razesoul  ~???
psy_oppa,@_911007 ... ... 
psy_oppa,"@kimhs0927 ... ~?       ,"
psy_oppa,"Psy - Concert, Gangnam Style ,  -   MusicCore 20120825: http://t.co/oURSEM98 @youtube "
psy_oppa,MBC  ''   !!! 4_5 ~^^ ......
psy_oppa,"@TPAIN I'll be in states at early September, so let's talk about it~!!"
psy_oppa,@BIGRhymer    
psy_oppa,"  ~~~""~!!!"" Let me proudly introduce my man~~GD a.k.a #GANJI STYLE lolol G-DRAGON &amp;#8211; ONE OF A KIND M/V http://t.co/XKFjVZCS"
psy_oppa,RT @Brlove12: ..K  ..
psy_oppa,@gaekogeem     ~!??? 
psy_oppa,@TPAIN How are you? I'm the PSY~!! of #GANGNAM STYLE from KOREA. Thank U for following me~!!! Let's keep in touch man~~~ ^o^
psy_oppa,CHELSEA LATELY  http://t.co/9wlyPf3u ...OMFG~~lolol
psy_oppa,yeah~~~~!!! ^0^ Korean rapper PSY is having a pop culture moment with viral music video for 'Gangnam Style' http://t.co/uYFDmes2
psy_oppa,8    ...8-dayz-staying in the US was excitement itself~!!! along with korean made 'HYUNDAI'~!!! http://t.co/5gD5VcLI
psy_oppa,@pristaceylee   !!!
psy_oppa,@KihaChang         
psy_oppa,BIGGEST EYES ever seen~~~~~ lololol http://t.co/ruV2m5nQ
psy_oppa,@GillMeo ...
psy_oppa,@dambi925         ~^^
psy_oppa,@tacticsworld    ~???
psy_oppa,@jinpyo_kim ..  ... 77 ...
psy_oppa,@77donspike ...   ...    ~~~!!^^
psy_oppa,@smkyun33 ... ...     ...
psy_oppa,@MelodyMonthly  ~~~^^  ~~~
psy_oppa,@DrunkenTigerJK      ~!??      ...
psy_oppa,@DrunkenTigerJK  ...   ~^^
psy_oppa,@DrunkenTigerJK !??????????
psy_oppa,@dajungho2   ...
psy_oppa,@BSKworld      ... ...  
psy_oppa,"pleasure...lol  ...Psy Recreates His ""Gundam Style"" Video With Carrie And Jason http://t.co/gvPBuACF"
psy_oppa,"RT @TIMENewsFeed: WATCH: 'Gangnam Style,' L.A.-style: K-pop rapper PSY makes appearance at Dodgers game | http://t.co/demEHMhO"
psy_oppa,@teoinmbc     
psy_oppa,"If you are in the US, plz stay tuned @ VH1Buzz at 10am EST #GangnamStyle"
psy_oppa,kkk Thx. a lot~!!! ^^ Nelly Furtado Gangnam Style!!: http://t.co/6Xss2MHy @youtube 
psy_oppa,"OMG~~!! kk   ..., Ravens Punt Returner goes Oppa Gangnam Style: http://t.co/JvnPy7KX @youtube "
psy_oppa,"RT @YouTube: His swag is literally off the charts."" Teens react to mega viral hit ""Gangnam Style."" What's your reaction? http://t.co/ug ..."
psy_oppa,RT @ygent_official: Korean rapper explains `hors... http://t.co/T5ni93f6
psy_oppa,@geniusoh @Quanninomarley ~!!!!!^^
psy_oppa,@officialse7en ~~~!???? 
psy_oppa,"RT @katyperry: Help, I'm in a gangnam style k hole:  http://t.co/KboJd2OO"
psy_oppa,@katyperry Hi...I'm the very 'PSY' of the video. k k This is a H~~~uge pleasure to be introduced by U~!!! Please follow me if Possible~! kk
psy_oppa,Thank GOD!!!!~~ Psy at Dodger Stadium! Gangnam Style!: http://t.co/tdHSOv5r @youtube 
psy_oppa,@jinuSEAN3000 ~~~   ... ~~~~       
psy_oppa,@asherroth so...When ya gonna come to KOREA man...? Come ASAP...with scooter. k k k
psy_oppa,@teoinmbc @MickeyJY @kaybono ~~~~   ...  ~~
psy_oppa,"RT @teoinmbc: PSY ~~!! Mtv   ~! ""@MickeyJY:        oppa  RT @kaybono:   ! http://t.co/u ..."
psy_oppa,"RT @ygent_official: ,     MV  1! ... http://t.co/0edIhPLO"
psy_oppa,@Quanninomarley    ...     ... 
psy_oppa,Bringing #GANGNAM STYLE to the @Dodgers - Giants game this evening!  http://t.co/oWOxoNZ0
psy_oppa,...^^ TEENS REACT TO GANGNAM STYLE: http://t.co/Mqf4qqIV @youtube 
psy_oppa,"RT @ygent_official: The whole world's getting into the craze of Gangnam Style, so BIGBANG's Seungri also challenged PSY's Gangnam... htt ..."
psy_oppa, ... ...  ...^^ Beautiful Koreans pictured by Korean at  the Korean Show(mine kk) in KOREA~!!! http://t.co/tiTClYmu
psy_oppa,WATCH: PSYs Gangnam Style Is the Best Invisible Horse-Riding Rap Video Youll See All Week http://t.co/1Ds4cPvy @TIMENewsFeed 
psy_oppa,@jucklee ...... 
psy_oppa,"RT @flaircandy: My video of Nelly Furtado dancing Gangnam Style went viral. Over night had 7,000 ++ hits http://t.co/Wa5AaGfW"
psy_oppa,@AsiaPrince_JKS     ...   MCN...~? 
psy_oppa,@AsiaPrince_JKS 
psy_oppa,@AsiaPrince_JKS      ...??? 
psy_oppa,@AsiaPrince_JKS  ~!!!   ~???  http://t.co/aPSjhcQz
psy_oppa,The Next Episode gonna be at 'Dodgers Stadium'~!!!!!  ...^^
psy_oppa,'Gangnam Style' Viral Video Sends Psy Onto Billboard's Social 50 Chart http://t.co/LY95kjqF @po_st 
psy_oppa,RT @blobyblo: @IBGDRGN happy G-Day!
psy_oppa,@BoAkwon   
psy_oppa,"RT @jooheecho:         RT @ABCNewsEnt: South Korean Rapper PSY's ""Gangnam Style"" Goes Viral http://t.co/f3xlG ..."
psy_oppa,@ybrocks ~~~~  ~~~~~ 
psy_oppa,@AsiaPrince_JKS ... ~~     ^^
psy_oppa,@keumkangkyung   
psy_oppa,"@Quanninomarley ... ...,,,  "
psy_oppa,@blobyblo  
psy_oppa,@Brlove12     
psy_oppa,@keumkangkyung ~~~
psy_oppa,@Brlove12      
psy_oppa,... ...   ...PSY of GANGNAM from KOREA~...
