yalinonline,Yilbasinda super olur Suada;) http://t.co/u1YXdqle
yalinonline,"""Olmasa da olur"" video cekimden bir kare @hakanyonat http://t.co/cIOV13ah"
yalinonline,"Yilbasi Konseri icin cekimi bitirdik,ohh!:)  @tameryilmaz1 http://t.co/wIkFzUX4"
yalinonline,#AknTarifi bugun pek coklari icin iki renk! Basarilar Galatasaray!
yalinonline,"cok sevdim! ""Su Soley - Bu Yaz"" on Vimeo http://t.co/nOpzU24S"
yalinonline,#10kasimdaizindeyiz !!!
yalinonline,Helal olsun Aslanlar!
yalinonline,"Cuneyt Cakir cok yakisiyor sampiyonlar ligi maclarina,gurur duymak lazim,tek basina yuruyor yolunda sessizce ve basariyla..."
yalinonline,@yagmurtabakci mutlu yillar Yagmur!
yalinonline,#ATAMZNDEYZ
yalinonline,#29EkimCumhuriyetBayramimizKutluOlsun
yalinonline,RT @TurkcellMuzik: Trk pop mziinin baarl isimlerinden @YalinOnline'dan Olmasa da Olur'u bugn cretsiz indirebilirsiniz. http://t. ...
yalinonline,The Black Keys - Lonely Boy Dance video ft. Wavy hands man dance. Video isini akillica cozmusler:) http://t.co/nSh0OKqE
yalinonline,yi bayramlar olsun!;)
yalinonline,"Dilegin ve umudun gucune cok inanirim!
@BIRDILEKTUT  a destek olalim bu bayram...https://t.co/RJbGM6tk"
yalinonline,"RT @yalincrew: Siz de Yalnla ilgili ektiiniz tm videolar info@yalinonline.com adresine yollayn, 'Sizden Gelenler' blmnde yayn ..."
yalinonline,RT @yalincrew: Yaln 'Sen En Gzelsin' albmnn k paras Kasma'nn ardndan 'Olmasa da Olur' iin nmzdeki gnlerde kamera kar ...
yalinonline,@ozancolakoglu @_btlblkbs_ :) selam Betul
yalinonline,son zamanlar en cok dinledigim http://t.co/Qecq1Vop
yalinonline,@TankutKarakurt @ulus29 olleeyy
yalinonline,"Bir kare daha,benimle sarkilar soyleyen herkese sonsuz tesekkurler!!!:) http://t.co/8JTtDQ1z"
yalinonline,Bu gece Sabanci Universitesinden http://t.co/k2THKIM5
yalinonline,Aksam  Sabanci Universitesinde 8 de baslar konser! Gel diyorum sana ben:)
yalinonline,AKUT a hep destek tam destek!!! Yine bir AKUT gecesinde kurucu Nasuh Mahrukiyle... http://t.co/Y0eAGtBM
yalinonline,@leventbuyukugur hillside beach club
yalinonline,Buraya hala yaz:)  http://t.co/Urr5jbBg
yalinonline,Melekler yeryuzunde http://t.co/l81cEO73
yalinonline,@Yumiingoo: @YALINonline Ankara da ki en muhteem konserdi. Teekkrler :) http://t.co/GRLkl8gkcok iyi foto:)
yalinonline,Ankara http://t.co/AgfrPEfB
yalinonline,"Ankaraya inis yapildi,aksam Atilim Universitesinde konser 21 de baslar! Gel diyorum sana ben:)"
yalinonline,"Kus ucusu burdan ne tutar oralar dedim ya,isinlanmaya kadar gitmis is ayni anda hem evde mac izle, hem yemege git ve kac!:)#Turkleruzayda"
yalinonline,"RT @NielsenMusicTR: Nielsen Music Trkiye Resmi Listesi haftasonunda ikinci srada ""KASMA"" ile  @YALINonline  @Avrupamuzik"
yalinonline,RT @nurcanunar: http://t.co/yNLOoGSM - Sana Muhtacm @YALINonline &amp; Emel Sayn Kurucesme Arena
yalinonline,@GeErgen ohh:)))
yalinonline,"Dun gece benimle sarkilar soyleyen ""en mukemmel misafirlerime"" sonsuz tesekkurler... http://t.co/IEMHBPc2"
yalinonline,Dun geceden favorim http://t.co/QWUj3VQa
yalinonline,@TaylanOzcanGNL: #bireylulaksami @YALINonline Kurucesme Arena konserinden... http://t.co/LG7wF8wF guzelmis
yalinonline,#30AgustosZaferBayramiKutluOlsun !!!
yalinonline,"Cok sevdim:""2 eit insan var,ii yapanlar ve yaplandan kendine pay karanlar. 1. grupta yer almak gerek,orada rekabet daha az."" Gandhi"
yalinonline,RT @istanbul_LIFE: stanbul Life Eyll saysnda kapak konuumuz @YALINonline ok keyifli bir rportaj sizi bekliyor!
yalinonline,@zeeyneep_ duyulurum senin icin
yalinonline,@1976erdem takipteyim
yalinonline,"@fedige: Benimki belli... ""Sensiz Olmaz""... @YALINonline akustik bolumun en muhim sarkilarindan :)"
yalinonline,@gozdesonsirma sizin icin soyleyecegim o zaman...Sevgiler
yalinonline,"#BirEylulAksami Kurucesme Arena da sahnedeyim,var mi eskilerden,yenilerden istek sarkilar?? http://t.co/cnnf3Oxz"
yalinonline,"@GeErgen ne mutlu bana,cok cook yakisti ama haklilar:)"
yalinonline,Mutlu yillar en isikli anneye!!! :) Annemle ayni gun dogmus @GeErgen
yalinonline,"RT @Bkmonline: #bireylulaksami Yaln'dan hangi arky dinlemek istersin? arkn yaz, Yaln senin iin sylesin! http://t.co/5Gu96eqF"
yalinonline,"RT @avrupamuzik: Yaln, #bireylulaksaminda @turkcell  Kurueme Arena sahnesinde!.. @Bkmonline @yalinonline http://t.co/lAmV959G"
yalinonline,"yi bayramlar olsun!Ask,saglik ve mutlulukla..."
yalinonline,"@FiratGURGEN: @YALINonline  Yaln, bak kuzum burada ne var? Yaln - Kasma (Unoffical Video) http://t.co/rS4udRAl Final bomba:)"
yalinonline,@buseterim yine bekleriz:)
yalinonline,RT @nurcanunar: Hncal Ulu'un bugnk yazsndan! @YALINonline #senenguzelsin http://t.co/tJMe8DDg
yalinonline,@fedige zor sanki :)
yalinonline,"Ve bu ozel gecede tum dualarimiz kabul olsun...saglik,mutluluk ve tabiki ask!"
yalinonline,"Bodrumda bir baska favori yer Limon Gumusluk, umarim degismez hep boyle kalir..."
yalinonline,Bodruma gelme sebebidir Mimoza http://t.co/6j62dtfB
yalinonline,@suatkavukluoglu ben de heyecanla:)
yalinonline,@suatkavukluoglu harikasin Suatcim coook mutlu oldum
yalinonline,"RT @YouTubeTRmuyap: @YALINonline'nn ""Kasma"" adl klibi http://t.co/33tvpQeo portalna yklemitir http://t.co/OrZius44 iyi seyirler.. # ..."
yalinonline,@dammos90 :))
yalinonline,Kasma videosu saat 15 te http://t.co/LXqZFVt6 da!!! @hakanyonat
yalinonline,@r_islek tesekkur ederim
yalinonline,"RT @hakanyonat: @YALINonline u anda ""kasma"" klibi kurgusu bitti.Yaln ve @denizerdem1973 ile birlikte byk bir keyifle seyrediyoruz..h ..."
yalinonline,@ozancolakoglu hahahahah
yalinonline,"Sevgili @ozancolakoglu  ""Olmasa da olur"" a islik calarken :) http://t.co/9nusiKQb"
yalinonline,Hafta sonu Bodrumda olanlar!!! Palmarina Anfi Tiyatro da yeni sarkilar ve eskilerden en sevdiklerinizle 21:15 te sahnedeyim...
yalinonline,@hakanyonat hayirli olsun diyorum o zaman
yalinonline,RT @hakanyonat: @YALINonline kasma klibinden kareler-3 http://t.co/PbCT5sMG
yalinonline,"Son Kurucesme Arena Konseri 1 Eylul! Umarim yerine belediyemiz guzel bir alternatif yaratir,ozleyecegiz bogaza karsi sarkilar soylemeyi..."
yalinonline,@cuneytdevecigil bekliyorum kardesim:)
yalinonline,"RT @Bkmonline: Yaln, yeni albm 'Sen En Gzelsin'in arklarn 1 Eyll akam Boaza kar syleyecek! @YALINonline http://t.co/MlgdEHCM"
yalinonline,@hakanyonat: @YALINonline akam saatlerinde klipten ilk kareleri tweetlicem bekliyoruz cumleten
yalinonline,"@ayseozyilmazel :o) mimozaya iyi bak,sev,saril selam soyle Aysee"
yalinonline,@ayseozyilmazel anladim ben onu ;)
yalinonline,RT @TTNET_Muzik: TTNET Mzikten Tek Tkla Tek ark mjdesi! @YALINonline 'n yeni paras Kasmay cretsiz indirmek iin tklayn: ...
yalinonline,@FarukSorak farkettim onu :) cok guzel seyler izliycez yine anlasildi
yalinonline,"@FarukSorak tesekkur ederim:),gittin mi buralarda misin?"
yalinonline,"""Kasma"" videosundan bir kare http://t.co/jSdy8XLH"
yalinonline,"""Kasma"" videosu tamamdir @hakanyonat tan gosterim tarihini bekleyecegiz,hadi Hakan"
yalinonline,gunesi batirirken dinlemelik... Madeleine Peyroux-La Javanaise
yalinonline,Bir kapi ve de birkac merdiven cok mu zor donmesi en beklenen...
yalinonline,En yakin konser 11 Agustos Bodrumda http://t.co/Qza2Re4j
yalinonline,"Ve klip Cumartesi cekiliyor,izlememize 2 hafta kaldi!!!"
yalinonline,"@djcanparlak tesekkur ve mutlu olma hali,cok sevgiler..."
yalinonline,@djcanparlak :)))
yalinonline,@emirhankokcuuu @ipekdudaroglu :))) yapar
yalinonline,@suatkavukluoglu saol Suatcim:))
yalinonline,"RT @suatkavukluoglu: Ayrca kendileri bu akam 18.25'te NTV'de Gece Gndz'e konuk olacak.Yeni albmle ilk kez,canl performansl sohbet ..."
yalinonline,"Yarin 18:35 'te NTV Gece Gunduz deyim,""Sen En Guzelsin""den sarkilarla canli canli..."
yalinonline,@emirhankokcuuu yuruu bee:))
yalinonline,http://t.co/HXeibBZa
yalinonline,@ozancolakoglu yapalim tabi ya:)
yalinonline,@ozancolakoglu kesin favorilerden:)
yalinonline,@HandeTokmak :))
yalinonline,@hakanyonat saol Hakancim:)
yalinonline,@julidekocoglu tedbirli gordum seni
yalinonline,@mmumcuogullari :)))
yalinonline,Bugunden itibaren artik sizin!!!  #SenEnGuzelsin muzik marketlerde @ozancolakoglu
yalinonline,@gulsenin @ozancolakoglu coook tesekkurlerrr:)))
yalinonline,Bugun bende yarin sizde:) http://t.co/YNwozhJo
yalinonline,"RT @emreerdem: @YALINonline 'in ""Sen En Guzelsin"" album gorsel tasarimi @70x100Design imzasi tasiyor; Persembe raflarda... Album sahane, ..."
yalinonline,"Usul usul sigmissin kalbime en mukemmel misafirim benim,zaman susup otursun karismasin en mukemmel misafirim benim.""Sen En Guzelsin"""
yalinonline,@GeErgen geliyoorr :)
yalinonline,@GeErgen cok heyecan var:)
yalinonline,"Zaten sana birakip zaferleri teslim olmusum bastan,zaten sen esir olunacak guzel ruh dogustan...""Sen En Guzelsin"""
yalinonline,Iste ilk 11 !! Album persembe muzik marketlerde olsun artik daha da kasmasin:) http://t.co/mpdjb4KX
yalinonline,Alacati  http://t.co/TgyI0bkc
yalinonline,Bu Bi Olay Yeri Alacati saat 23 sahne! Alacati bitane:)
yalinonline,Iyi ki dogdu iyi ki var en sevdigim @fedige http://t.co/eqvQlMid
yalinonline,@faruksorak @ozancolakoglu bi beceremedik su isi
yalinonline,Suan geldi :)@ozancolakoglu http://t.co/CLXNQQxq
yalinonline,@smuratdalkilic :))) ozan studyoda bakti yapti @ozancolakoglu
yalinonline,@gulsenin :)))
yalinonline,RT @TaylanOzcanGNL: 7 Temmuz Cumartesi saat 23:00'te Bu Bi Olay Yeri'nde #SenEnGuzelsinEME diyeceiz. @YALINonline
yalinonline,@Gorkie_ @ozancolakoglu ;)
yalinonline,@emirhankokcuuu yeni sarkilar kulagimda:)
yalinonline,@TankutKarakurt ;)
yalinonline,"En sevmedigin havalarda bile ""sen en guzelsin""..."
yalinonline,Bu is olur diyorum sana ben :) @ozancolakoglu
yalinonline,Veee sozleri  http://t.co/iFijAhgH
yalinonline,"Veee sonunda ""Sen En Guzelsin""in ilk sarkisi ""Kasma"" carsamba radyolarda!"
yalinonline,RT @denizerdem1973: YALN'in 12 sarkilik yeni albumunun ilk sarkisi CARSAMBA gunu radyolarda sizlerle bulusmaya hazirlaniyor :)))
yalinonline,Where have you been all my life !! Rihanna yapmiss
yalinonline,#YineYenidenNilufer ! :) @sehrazatmusic
yalinonline,RT @EleleDergisi: @ayse_arman @YALINonline rportaj... http://t.co/5vaGWAMO
yalinonline,RT @YALINyazturnesi: te 7 Temmuz eme'de YALIN konserini burada dinleyeceksiniz! http://t.co/l82OcwXo
yalinonline,"@ZuLou_1D gormusumdur mutlaka,yanma artik:)"
yalinonline,@bernakurekci e o zaman konserdesiin:)
yalinonline,7 Temmuz Cesme Konseri!! Olur olur guzel de olur...
yalinonline,Dun geceden http://t.co/cG23e17L
yalinonline,Kucukciftlik Park Konserine son 3 bucuk saat:) Vaaarsaa sen yoksaa seen
yalinonline,My best friends wedding http://t.co/hkHoe5jZ
yalinonline,Samos http://t.co/xCkiwUZy
yalinonline,"RT @Biletix: Okan niversitesinin dzenledii Snavdr Geer After Party @KucukCiftlik Park'ta,sahnede Yaln! @okanedu @YALINonline htt ..."
yalinonline,"Nerde oldugumu merak edip baktim,karsimdaki fotograf:) http://t.co/JXcvRYxz"
yalinonline,RT @denizerdem1973: Studyoda YALN albumu dinliyoruz.Bekle bizi Temmuz :))) @ozancolakoglu @YALINonline @cngzerdem
yalinonline,"Kalpten Dudaga sarkisi son haline gelene kadar 2 sayfa alternatif soz,3-4 alternatif nakarat melodisi urettirdi @ozancolakoglu :)"
yalinonline,Bu kayit hic bitmesin.. http://t.co/1dHUqGaH
yalinonline,RT @ozancolakoglu: Altin dubleler kayitta @yalinonline :) http://t.co/WJ1M0iBD
yalinonline,RT @ozancolakoglu: Bir adet @yalinonline sarkisi. Goruntu var ses yok :)) http://t.co/K7pImW72
yalinonline,Boyle de afise ediyoruz :) http://t.co/rb9F87aS
yalinonline,"24 Haziran Kucukciftlik Park Konserinde  yeni albumden bir sarki ilk kez!! Ve tabiki ""Kalpten Dudaga"" @ozancolakoglu yla ..."
yalinonline,@atinctombak hadi insallah :)
yalinonline,@jadabalaban :)))
yalinonline,"yeni album sarkilari kulagimda...hemen duyun,soyleyin,soyleyelim istiyorum:)
Az kaldi cok az"
yalinonline,RT @ozancolakoglu: Yalin albumunde nihayet sona yaklasik:) Son kayitlar ve bir yandan mixler @canerguneysu @YALINonline @dbmuzik
yalinonline,@MaidinLove_: @YALINonline 'Maid in love' 14-17 haziranda Galatamoda da! Alverii ve elenmeyi seven herkesi bekliyoruzzzz geliyoruz:)
yalinonline,"RT @TaylanOzcanGNL: 24 Haziran snavlarn son gn, akamnda Kkiftlik Park'ta Snavdr Geer @YALINonline konseri. Snava giren her ..."
yalinonline,"RT @TaylanOzcanGNL: Bu gece YFC gecesi ""Bu gece 24'de Yalin ""kalpten dudaga"" @ozancolakoglu feat. @YALINonline harika bir yaz sarkisi ht ..."
yalinonline,Kalpten Dudaga oyle saf... http://t.co/se4VgM8u yarin radyolarda :)
yalinonline,Just posted a photo http://t.co/lytbwxrQ
yalinonline,Dun geceden ikinci kare :) http://t.co/l6FWBGCh
yalinonline,@NOdabasi ben de cok ozledim bi bulusmak lazim:)
yalinonline,Dun geceden http://t.co/6D8guT2G
yalinonline,Kurucesme hazir misinizzz? Ya sen @ozancolakoglu ?:)
yalinonline,@faruksorak bekliyoruz:)
yalinonline,Az once biten provalardan bir kare @ozancolakoglu http://t.co/uyfqA0ET
yalinonline,@fedige heyecanla bekliyoruuum!:)
yalinonline,@sibelarna yarin gel konsere dinle:)
yalinonline,http://t.co/wLfdcTdd
yalinonline,Burda  https://t.co/rDopWVa1
yalinonline,"""Kalpten Dudaga"" yarin konserde lazim olur sozleri :) @ozancolakoglu"
yalinonline,@ozancolakoglu @gorkie_ :0)
yalinonline,@ozancolakoglu vr mi vr:)
yalinonline,@ozancolakoglu e bende yok bu inceltmeler sapkalar :)
yalinonline,@BerkAgul @ozancolakoglu oldu oldu :) 140 tam say bak
yalinonline,"Yarin @ozancolakoglu album lansmani Kurucesme Arena'da yepyeni harika sarkilarla!!! ""Kalpten Dudaga"" ilk kez soyliycem,hemen gelsin vakti..."
yalinonline,RT @nurcanunar: Kalpten Dudaga icin son 2!! @ozancolakoglu @YALINonline nasill heycanli bir bekleyis bu!! :)
yalinonline,"""yazarim soylerim nasil bir son istersen,buzlarim cozulur gul yuzunu gostersen..."" @ozancolakoglu albumundeki ""kalpten dudaga"" dan bir kuple"
yalinonline,@graymeredith album malesef o tarihe yetisemiyor ama o tarihler de bir konser olacak Istanbul da
yalinonline,@ozancolakoglu yolda:)
yalinonline,"Suan itibariyle Instagram a dahil olmus bulunmaktayim,ama henuz bir paylasim yok"
yalinonline,Iyi ki dogmus @NOdabasi !!!
yalinonline,@denizerdem1973 @ozancolakoglu @taylanozcangnl  bir verebilsem o tarihi zaten...:)
yalinonline,@denizerdem1973 @ozancolakoglu @taylanozcangnl baslasiin!!
yalinonline,@denizerdem1973 @ozancolakoglu yoo full performans:)
yalinonline,@denizerdem1973 @ozancolakoglu valla calisiyoruz:)
yalinonline,@emirhankokcuuu @ozancolakoglu insallah :)
yalinonline,@faruksorak @ozancolakoglu  burdan bisey soylemiyim carsamba yemekte durum bilgisi verecegim:)
yalinonline,Fotoyu unuttum tabi:) http://t.co/REQC5LR1
yalinonline,"Studyodayiz @ozancolakoglu yla,onun albumundeki sarkimiz ""kalpten dudaga""
Bu gece artik biter mi biter;)"
yalinonline,Yonetime bak:)))) http://t.co/BZKcn4N4
yalinonline,Super bir konser!! Akbati ya gelen herkese tesekkurler:)
yalinonline,RT @bluejeandergi: Festivalimizde bugn saat 18:00'de @YALINonline sahnede! http://t.co/04Jg5o2E
yalinonline,@eceMen :)) harika olucak ben eminim
yalinonline,Yarin Akbati AVM konseri icin Istanbula dogru dusuyoruz yollara... Konser 18:30 da
yalinonline,Olmaz boyle gol!!!!:)
yalinonline,C'mon Chelsea!!:)
yalinonline,Tesekkurler Mersin en yakin zamanda gorusmek uzere;)
yalinonline,Odamdan Mersin :) http://t.co/gCl7PEOQ
yalinonline,Adana yukaridan...Mersin hazir misiniz??:) http://t.co/OeKTPwo2
yalinonline,Saat 21 de Mersin Cumhuriyet Meydaninda konser baslar:)19 Mayisimiz kutlu olsun!!!
yalinonline,"RT @inmersin: 19 Mays Genlik ve Spor Bayram Kutlamas 
@YALINonline Konseri Mersin Cumhuriyet Meydan"
yalinonline,"@senem_bedir ilk klip sarkisinin bas harfi ""K"" :)"
yalinonline,"RT @TaylanOzcanGNL: Yakndaki @YALINonline konserleri : 17 Mays stanbul ehir Universitesi, 19 Mays Mersin Meydan Konseri, 20 Mays  ..."
yalinonline,@ikeaykutogut tamam o zaman haber bekliyorum:))
yalinonline,@ikeaykutogut kesin bulusalim sen don de:)
yalinonline,"@ikeaykutogut sapkanin kenarindaki ""life is good"" detayi da muhim:)"
yalinonline,@denizerdem1973 :)))))))))
yalinonline,RT @KucukCiftlik: Yeni albmn ilk konseri ile 17 Haziran'da @YALINonline @KucukCiftlik Park'ta! Biletler satta ! http://t.co/Cy429wju
yalinonline,@GeErgen cook guzel oluyo:)))
yalinonline,Istanbul Ticaret Uni konserine son 1 saat :)
yalinonline,@Asli_K_Eksioglu sen de sen de:)
yalinonline,@fedige :)) oolleeyy
yalinonline,@ayseozyilmazel yolu acik sansi bol olsun:) #sugibigel
yalinonline,RT @ozancolakoglu: @medYALIN super gidiyor. En iyi @YALINonline albumu bence :)
yalinonline,"RT @ozancolakoglu: Tam liste
Tarkan 
Yalin 
Ferman

Ajda
Gulsen
Sertab
Goksel

Ve son bir surpriz"
yalinonline,60 bin kisiymisiz bu aksam!! tekrar tesekkurler Sakarya finallerde bol sans;)
yalinonline,Tesekkurler Sakaryaaa!!!:)
yalinonline,RT @nurcanunar: Ve konser baslar :) sakarya harika gorunuyorsunn http://t.co/HQeYtD9U
yalinonline,Sakarya!!! biz haziriz ya siz?? Aksam SAU de gorusmek uzere...
yalinonline,"@ayseozyilmazel ufak, bebek derken,koca kemigi yuttu seninki:)"
yalinonline,@faruksorak Omercim mutlu yillar!!!:))
yalinonline,"Sevgiyle,askla buyuyen cocuklar dunyanin gelecegidir,kutlu olsun 23 Nisan!!!"
yalinonline,"Selami Sahin Seffaf Oda da,ne guzel soyluyor..."
yalinonline,"@cngzerdem harikasin,bekliyorum:)"
yalinonline,Harika bir sarki ve video!! Paul Mccartney-My Valentine
yalinonline,@cngzerdem ne guzel bir sarki ve ne guzel bir video.
yalinonline,@emirhankokcuuu @asli_k_eksioglu  evet eveet:))
yalinonline,@duygutav harikaa harikkaaa bu video yu suan gordum hala guluyorum harikasiniz:))
yalinonline,@ikeaykutogut burdan da coook coook tesekkur ederim:))))
yalinonline,Mutlu yillar @ozancolakoglu :)
yalinonline,@EdwarDante: Yeni albumun sahne cizimleri tamamlandi... @YALINonline http://t.co/4DTFLhHM :))))
yalinonline,"@denizerdem1973 canim kardesim tesekkur ederim,iyi ki varsin:)"
yalinonline,@ayseozyilmazel :)) hadi hadii
yalinonline,@faruksorak yook gunundesin:) tesekkur ederim kardesim kolay gelsin:)))
yalinonline,Kral Grubu na guzel cicekleri icin tesekkurler  @gezegen_mehmet
yalinonline,@sehrazatmusic coook tesekkur ederim :)) cok selamlar ve sevgiler
yalinonline,@sseelliimm saol Selimcim :))))
yalinonline,@istanbulfm886 cooook tesekkurler:) sevgiler...
yalinonline,@PowerturkFM coook tesekkur ederim :) sevgiler..
yalinonline,@Super_FM harikasiniz :) sevgiler..
yalinonline,@onbul sana da mutlu yillar kardesim:)
yalinonline,@zeynepdoruk tesekkur ederim Zeynepciim:)
yalinonline,@Asli_K_Eksioglu :))) sen de iyi ki sen de...
yalinonline,@ozancolakoglu tesekkurler ozan :0)
yalinonline,@emirhankokcuuu emiranooo :)))
yalinonline,@sibelarna yakisikliya bak ya:)  tesekkur ederim Sibelcim
yalinonline,"@bernakurekci harikasin Bernaciim,coook tesekkur ederim:)))"
yalinonline,@yaseminsefik :0)
yalinonline,@julidekocoglu :)))))
yalinonline,@EdwarDante tesekkur ederim Taylancim :)))
yalinonline,@ufukergin :))) tesekkur ederimm
yalinonline,Tesekkur ederim tesekkur ederim :))))) YFC bitane !
yalinonline,Ve sonunda mikrofonun basinda :)))@ozancolakoglu http://t.co/S0gPZicF
yalinonline,@sibelarna :))))
yalinonline,Istanbul Doors un yeni yeri Gigi harika olmus!:)
yalinonline,Gelecege mektup yazmak istersen; http://t.co/cNLobjdD
yalinonline,:))) http://t.co/JC6Adftm
yalinonline,"Guzel yorumlariniza coook cook tesekkurler:) ozlemisim canli yayin durumunu, beraber sarki soylemeyi..."
yalinonline,@ikeaykutogut tesekkurler :))
yalinonline,@ebrutastan: Bu gece konugumuz @YALINonline :))) #beyazshow  :))
yalinonline,#8martdunyakadinlargunu! aile ici siddetin ve kadina kalkan ellerin her gun karsisindayiz.
yalinonline,"Eveett bu cuma Beyaz Show'dayim sarkili turkulu :) uzun zaman sonra ilk canli yayin,heyecan cok!"
yalinonline,@smuratdalkilic ohh :)
yalinonline,@eceMen @canbonomo :o)
yalinonline,Can'in sarkisinin melodisi duyuldugu anda mutlu ediyor bir kere...sansi bol olsun! @eceMen
yalinonline,"@fedige @emirhankokcuuu :) diz boyu papatyalar,anlayan anlar"
yalinonline,@emirhankokcuuu bir 14 subat gunumuydu ki o?:)
yalinonline,Keyifli sohbet icin cook tesekkurler :) @ikeaykutogut
yalinonline,"RT @zweeked: Hocam stres atmaksa olay,budur..
21.02.2012
Tarihte bile bir simetri var:)guzel gun oldu benim icin.."
yalinonline,@GeErgen o sarkiyi yazacagim zevkle:)
yalinonline,"Bende sevgili cok derken,8 senedir beni takip eden sarkilarimi benle soyleyenlerden bahsediyorum,sunu da aciklamak zorunda kaldim ya ...:)"
yalinonline,"Bende sevgili cok,bize bir gun yetmez :)"
yalinonline,"RT @nurcanunar: RT ; ""@Turkmax: Pazar akamn Yaln arklaryla geiren, Pazartesi Sendromu yaamyormu diyorlar :) O yzden 18.30'da ..."
yalinonline,"su ssli hrflri kyvrn be krdsm msj yzrkn,bu kdr mi dgrsz kelimeler..."
yalinonline,Aslanlara bak be! Helal olsun!!
yalinonline,RT @nurcanunar: Sende mesajn @YALINonline 'a iletmek istiyorsan  yapman gereken ; http://t.co/gL1OhH3k
yalinonline,zalimi izinsiz mizinsiz dumduz araklamis bi de 1 milyondan fazla hit almis :) http://t.co/RGjqQhRo
yalinonline,"Ve soyle devam eder; "" ok yaydan cikip yeniden onu vurdugunda..."""
yalinonline,"@baytug nisan insallah,gelmeyi cok isterim"
yalinonline,@kayaatice :)
yalinonline,@baytug :)
yalinonline,@baytug hadi:)
yalinonline,"""O bu yolu daha yuruyecek cok"" yeni albumde en favori sarkimin en sevdigim sozu,nisani bekleyin :)"
yalinonline,gec de oldu guc de oldu ama sonunda Istanbuuull! oh be
yalinonline,uzakta en favori gece! istanbula donmeden bir onceki...
yalinonline,"Yagmuru meshur,gri,cok bulutluydu bu sehir bir zamanlar http://t.co/uEnO7Q82"
yalinonline,@fedige @banukirisci :) oyle hissediyorsak dogrudur
yalinonline,@MKCherryBoom Heey! :)
yalinonline,Yalan Dunya cok iyiymis :)
yalinonline,"@fedige hic bir zaman bilemeyecegiz,ne guzel :)"
yalinonline,@BirglOzgkce :)
yalinonline,@fedige :) cok ozledim
yalinonline,@GeErgen barapbapbapbarababap
yalinonline,@ozancolakoglu :) :) :) pekii iii iii
yalinonline,@ozancolakoglu :)bi son tartissaydik?
yalinonline,"""@Simera_: @Yalinonline hem niye davetiye iftlere kii? onlar zaten mutluu, mutsuz tekleri mutlu etsen? Olma mi kii? :'(""tamam 2.sana :)"
yalinonline,"""@_hayalperisi_: @YALINonline Sevgilimden #2012de Daha fazla ak,sevgi,kahkaha.. daha az kskanlk,kavga,grlt istiyorum"" ilk davetiye"
yalinonline,"nefis bir sarki @gokselonline dan  ACIYOR ""kalbimin ortasina biraktin askini,batiyor"""
yalinonline,"ParkHyattist te foto cekimindeyim,favori otelim :)"
yalinonline,Twitter ortamina hosgelmis @gokselonline
yalinonline,"""@adinimervekoydu: @YALINonline #2012de sevgilim odun olsun beni stsn istiyorum""hahaha"
yalinonline,"2 cifte gidecek davetiye,basligimiz #2012de"
yalinonline,"Sevgiliden yeni yil talebini ""#2012de  .... Istiyorum"",olarak paylas yeni yila Halic Kongre de beraber girelim! ucuk talepler de okdir:)"
yalinonline,Is basinda bir @ozancolakoglu :) http://t.co/AzqyKpn5
yalinonline,@GeErgen olmaz miiii :)
yalinonline,@Asli_K_Eksioglu deniz ve mehtap var :)
yalinonline,"""@gizemkkballlar: @YALINonline Maroon 5-moves like jagger la bir cosa ortalk mesela :)"" olurr :)"
yalinonline,"Halic Kongre Merkezi Yilbasi Konseri icin cover fikirlerinizi yazsaniza bana,yaratici biseyler... :)"
yalinonline,Halic Kongre Merkezi Yilbasi konseri davetiyelerini hafta arasi elden cikartiyorum:)
yalinonline,@faruksorak @kenandogulu  ben varim :)
yalinonline,@kenandogulu cok sesli oluyodu az kalsin giris :)
yalinonline,@ipeksorak @kenandogulu  bi de guzel indi ki ucak bu firtina da :)
yalinonline,@kenandogulu  haha :) son duzlugu yurudum isyaaan
yalinonline,"Havaalanindan levente 2-3 saatte gelinen bir trafik,buna bir cozum olmali, bulunmali, bisey yani..."
yalinonline,"RT @GunerFuat: Sal gunu 22:00de Trt Fm'den, 22:30dan Trt Muzik'ten yayindayiz @YALINonline"
yalinonline,RT @GunerFuat: Bu hafta konugum Yaln... @YALINonline
yalinonline,"RT @KralPop: Perembe gn Kral Pop'ta gnn sanats @YALINonline ! sim, soyisim, telefon numaranz sanatci@kralpop.com.tr adresine  ..."
yalinonline,"Tren yolculugunu hicbirine degismem, muzigin kulaginda kendi kliplerini ceke ceke gidersin"
yalinonline,"@80THECITY: @YALINonline Odada saklananlar kutusundan cikan ilk.... http://t.co/J1Ngn0qQ 8 sene olmus nerdeyse,vaay be..."
yalinonline,@sebnemozberk @erenbkc  mutlaka izleyin mutlaka
yalinonline,"""Oh you, use your heart as a weapon
And it hurts like heaven"" gecenin kulaklarda kalan guzel sozlerinden..."
yalinonline,Isin sonu http://t.co/XG23QV8u
yalinonline,@selimdemir88 cook operim ne guzel soyledin
yalinonline,Ve coldplay sahnede http://t.co/4jTkjr5s
yalinonline,Uzun zaman sonra bu cuma yine bir coldplay konseri izleyecegim...paraaa paraa paradise
yalinonline,@bernakurekci yilbasinda ordayim evet haber vericem gelmeden :)
yalinonline,"Yilbasi konseri davetiyelerini nasil verecegimi onumuzdeki gunlerde paylasacagim,eglenceli bir yontem pesindeyim :)"
yalinonline,"Arada haberi olanlar var ama duyurmak lazim,yilbasi gecesi Halic Kongre Merkezi konseri! Burdan 2 cifte davetiye vermeyi planliyorum"
yalinonline,"Yeni album soranlara cevabim mart ortasi,bilemedin nisan :)"
yalinonline,@emirhankokcuuu guzel biseye vesile :)
yalinonline,@yaseminsefik mutlu yillar Yasemincim :)
yalinonline,@alialkan :)
yalinonline,Yarim saat sonra turkcellmuzik.com da konser baslar:)
yalinonline,RT @TURKCELL: Trkiyede bir ilk daha gerekleiyor! Yaln'n (@yalinonline) 15:00'te verecei interaktif canl konseri karmayn. http ...
yalinonline,@kahvek0kusu @nurcanunar  seninle iletisime gececek
yalinonline,"@kahvek0kusu ilgileniyorum bu konuyla,yapalim guzel bir surpriz"
yalinonline,Konseri studyodan izlemek icin http://t.co/2pkSs5YOdaki soruyu dogru cevaplamak lazimmis :)
yalinonline,Yarin 15-16 arasi http://t.co/oYzeIKvE dan canli yayinlanacak konserde bana mesajlarinizi ve istek sarkilarinizi da gonderebiliyorsunuz
yalinonline,@denizerdem1973 :) tamamdir
yalinonline,@denizerdem1973 yarin gorurum seni diye dusunuyorum ?:)
yalinonline,ozlemisim Istanbulu :)
yalinonline,"18 Kasim Cuma 15:00 da http://t.co/oYzeIKvE un acilis konserini yapiyorum,web sitesinden canli izleyebiliyorsunuz.Hem de akustik :)"
yalinonline,Atam izindeyiz!
yalinonline,RT @ufukergin: Ozan Dogulu feat. Yalin - DAHA Kral Pop Tv Top 20 ve pek cok radyonun listesinde suan 1 numara !
yalinonline,Mutlu ve hayirli bayramlar olsun hepimize...
yalinonline,@michaelkuyucu :) cok selamlar
yalinonline,"@yalinmeltem facebook sayfamizda olacak birazdan,dert etme :)"
yalinonline,@cerenness hepsini ben yahu :)
yalinonline,@HatiCeceli tabiki :) #iyikidogdunmustafaceceli
yalinonline,YFC! forumda sizin icin bir mesaj var :)
yalinonline,RT @nurcanunar: Bugn  her saat bir @YALINonline arks ve ark ncesinde sizin ses kaytlarnz 09:30'dan 02:00'a kadar Kral Pop'ta!
yalinonline,"Cumhuriyet Bayramimiz kutlu olsun,her karis topraginda guzel Turkiyemin!"
yalinonline,#CumhuriyetBayramiTorensizKutlanamaz
yalinonline,RT @AKUT_Dernegi: Ba yapabilmek iin AKUT'un tek SMS numaras 2930'dur. Ayrca http://t.co/FrXgHctC' linkinden de ba bilgilerimize ...
yalinonline,RT @AKUT_Dernegi: AKUT Ekipleri 6. vatandamz enkazdan canl olarak karmtr.
yalinonline,Allah tum Van halkinin yardimcisi olsun :(
yalinonline,"BGM den 2. video ""Daha"" http://t.co/dj9QPWpG
@DoguluOzan"
yalinonline,"http://t.co/jnSWkqdG   buyrun BGM den ""ki sen"" videosu,kaydedip yukleyene tesekkuler..."
yalinonline,"Ilk kez basima geliyor,ucagin icindeyiz ve 2 saat sonra kalkicaz anonsu..."
yalinonline,RT @nurcanunar: Anlatik Guzeldi Bostancilar :)  @YALINonline http://t.co/PQwtbiKW
yalinonline,Bu harika gece icin hepinize tesekkur ederim Bostanci!!!beraber yaslanmaya devam :)
yalinonline,@ipeksorak 9 Aralik burdaki konsere aldik biletimizi:) hadi gelin sizde
yalinonline,amma sevdim su sarkiyi... http://t.co/INyGVZfK
yalinonline,@cengizsemercio geliyorum sanirim:)
yalinonline,@ufukergin Iphone app leri cok kandiriyo beni :)
yalinonline,"Blackberry bu sabahtan beri avrupa,orta asya ve afrikada  kullanicilarina internet saglayamiyor,Iphone gozume iyice guzel gorunmeye basladi"
yalinonline,"15 ekim BGM konseri; ""Daha"" ilk kez canli canli ve ""anlat guzel mi oralar""...
az kaldi :)"
yalinonline,"@hakanyonat bi mevsime daha tahammulumuz yok,2 haftaya geliyorum ve ariyorum"
yalinonline,@hakanyonat aloo aloo buyrun benim:)
yalinonline,"TRT Muzik eski bir Rumeli Hisari Konserini gosteriyormus,umarim iyi gelmistir bu guzel cuma aksaminda :)"
yalinonline,http://t.co/39hgn61w  cok sevdim bu sarkiyi
yalinonline,"15 Ekim Bostanci Gosteri Merkezi Konseri biletleri bugun itibariyle Biletixte,buyrun bu da linki http://t.co/3dhSTHNr"
yalinonline,Yakinda bir Munih konseri!Tam tarihi yazicam onumuzdeki hafta
yalinonline,@julidekocoglu :) Istanbulum
yalinonline,@emirhankokcuuu Fikret abin mi?:)
yalinonline,@olcayozkan hadi :)
yalinonline,RT @ozsumeyye: buralarda ok gzeel skpp @YALINonline  :)) http://t.co/5auvKQm3
yalinonline,"Buralar da boyle,pek bi numara yok:) http://t.co/O0qZfaM8"
yalinonline,RT @Amaaansanki: @YALINonline buralar pek guzel:)) http://t.co/OamsK1Um
yalinonline,@kemalucak oh be:)
yalinonline,Anlatin guzel mi oralar? hatta fotografli falan harika olabilir:)
yalinonline,En son Kurucesme Arena konserinden fotograflar facebook.com/YALINonline a hafif rotarli da olsa eklendi :)
yalinonline,@ozerktugba tesekkur ederim:) cok sevgiler
yalinonline,Para-para-paradise
yalinonline,"Ivan Drago degil Rocky severiz,yuru be Nadal!"
yalinonline,"birleserek en buyuk guzellikleri yaratabilen insan,neden diger sikki secer ki...guzelliklere bir kucuk ornek : http://t.co/uLJ239d"
yalinonline,@nsrnyln biletixten de alabileceksiniz 15 gun sonra :)
yalinonline,"@yalinmeltem 1 msgda da yazsan izlerdim,lutfen ust uste atma bidaha.."
yalinonline,@eceMen tesekkur ederiz sevgili ecemen :)
yalinonline,@sinanguler bu aksam icin bol sans!!
yalinonline,Cok guzel bir bayram olsun hepimiz icin...
yalinonline,"""Daha"" ile ilgili guzel mesajlariniza sonsuz tesekkurler...:)"
yalinonline,@suatkavukluoglu @DoguluOzan  :) senden duymak oldukca mutlu etti..
yalinonline,RT @ufukergin: Ozan Dogulu feat. Yaln - DAHA pazar saat 10:00'da lk kez Kral Tv'de. Simdi izlemek isterseniz ... http://t.co/QCbWBvN
yalinonline,@SuSoley @SumeyyeBetulA  tum YFC ye bu harika video icin tesekkur ediyoruz ailecek :)
yalinonline,@gkcgd annemle ayni gun dogmussun :) mutlu yillar!!!
yalinonline,@GeErgen happy birthday en isikli anne!!!:)
yalinonline,@emirhankokcuuu tam da sevdigim gibi;parcali bulutlu...
yalinonline,@model_band :)
yalinonline,"Ucakta model grubunun albumunu dinledim,cok guzel is yapmislar..."
yalinonline,"""Daha"" klip cekiminden :) http://t.co/1684qzj"
yalinonline,@SumeyyeBetulA harika!! Cok tesekkur ederim :)
yalinonline,@edakaramanoglu mutlu yillar Eda!:)
yalinonline,RT @PeaceinNur: @YALINonline bir kere  #gretmenlereatamaistiyoruz demeniz neleri deitiebilir..
yalinonline,Soranlar icin KTU 18 Mayis http://t.co/ImVdWKr
yalinonline,RT @denizerdem1973: 1 ekim de universal music albumleri dunya ile ayni anda turkiyede de satisa basliyoruz.artik universal music turkiye ...
yalinonline,@Orxan_Ib :)
yalinonline,"""ask dedigin bir ayna,sende ne varsa onda.."" Ne guzel yazmis Nev..."
yalinonline,"""Daha"" bugun dusmus radyolara heheyytt!! @DoguluOzan"
yalinonline,"@GeErgen iyi geldi bu mesaj :) yarin icin bol sans bu arada,cinlasin Kurucesme!"
yalinonline,"etme, kavgasiz ayrilalim,calma bundan sonra ben tamamim."
yalinonline,"7 sene once zalimi ilk kez duydugum,beraber hep guzel isler yaptigim,canim radyo,bugun sarkilarimi boykot etmekle tehdit ediyormussun"
yalinonline,@emirhankokcuuu @ozancolakoglu  hahahah ozledik emiranooo
yalinonline,"Onca yazilan arasinda en begendigim...bir hayranindan;"" Dearest Amy,I'm glad u made it home,love and light to you Princess"""
yalinonline,"@SKOZANLI seneye daha buyuk alanda yine boyle coskulu ve guzel bir festival yasanir eminim,her sene daha iyiye gider suphen olmasin..."
yalinonline,Ingiliz polisi asiri kalabaliktan konsere izin vermiyormus :(
yalinonline,"@GeErgen en isikli anneden geldi mi iltifat,kalbe deger,iyi eder,sarkilarin yuzu guler :)"
yalinonline,24 temmuz pazar London Turkish Festival kapsaminda 18:35 te sahnedeyim :)
yalinonline,18:20 de @doguluozan la konser oncesi canli yayinda NTV deyim :)
yalinonline,"RT @kbradurmz: Yarn 18.30'da,Ntv'de Gece Gndz' Kurueme'den canl sunacak olan @DoguluOzan 'nn konuu @YALINonline"
yalinonline,@cihatugurel cok sevindim:)
yalinonline,RT @denizerdem1973: @YALINonline ANLAT GUZEL M ORALAR remiksi bu geceden itibaren turkiye'nin en buyuk gece ... http://tmi.me/cWFdo
yalinonline,"RT @ufukergin: Ozan Dogulu feat. Yalin  ""Daha"" Yepyeni ! 130 Bpm Allegro'da..."
yalinonline,this is also flying :) http://twitpic.com/5oa34p
yalinonline,Kurucesme 2011 den  http://twitpic.com/5o9w4q
yalinonline,"@bsryaln tabiki tabiki,tesekkur ederim:)"
yalinonline,"""Anlat guzel mi oralar"" videosu internette bugun yayinda,tesekkurlerin en buyugu @faruksorak a :)"
yalinonline,RT @CanTursan: Kurucesme Arena Prova goruntuler @YALINonline  http://www.youtube.com/watch?v=NNF1i3zKggs
yalinonline,RT @ozancolakoglu: Yalin anlat Guzel mi oralar ozinga mix teaser :) http://soundcloud.com/ozancolakoglu/yalin-ago-ozinga-mix @yalnonlne
yalinonline,@ozancolakoglu beni tease etmez bu orjinali varken elimde:)
yalinonline,Sevdiklerimin ayni ya da yakin gunlerde dogmus olmalarinin tesaduf olmadigini dusunuyorum
yalinonline,"Sabiha Gokceni kullanmak gerek artik sanirim,Ataturk Havalimani curcunasi ve rotarlariyla keyif kaciriyor."
yalinonline,RT @nurcanunar: Dinlmek ve download etmk iin http://t.co/to42Zib @YALINonline
yalinonline,Unutamayacagim bir gece daha...tesekkurler Istanbul! Harikaydiniz:)
yalinonline,@SuSoley geldim 5 dkya Arenalar:)
yalinonline,@zeynepdoruk sagol Zeynepcim:)
yalinonline,Anlatiyoruz nasil buralar...@faruksorak (haftaya yayinda):) http://twitpic.com/5iitml
yalinonline,@denizerdem1973  :) bekliyorum heyecanla
yalinonline,Sanirim bu sefer yagmur olayindan yirttik :) Persembe Kurucesme Arena'ya geleceklere simdiden iyi eglenceler...
yalinonline,Niye bilmiyorum ama Bafa Golundeyim:) http://twitpic.com/5fz6fh
yalinonline,"Kusadasi! Uzun zaman olmus gelmeyeli,9' da sahnedeyim :)"
yalinonline,RT @NielsenMusicTR: NIELSEN MUSIC Trkiye Resmi listesinde en hzl ykselen eser @YALINonline - ANLAT GZEL M ORALAR...
yalinonline,@CemreKmr ooh super:)
yalinonline,Yeni sarkiyla ilgili guzel yorumlariniz icin coook tesekkur ederim :)
yalinonline,@ozancolakoglu :) remix ellerinden oper
yalinonline,@ozancolakoglu buralar bugun pek bi guzel:)
yalinonline,"@MehlikaYILMAZ aldim cok begendim,tesekkur ederim"
yalinonline,@gonuldostufusun :) umarim begenmissindir
yalinonline,@suatkavukluoglu cok mutlu oluyorum :)
yalinonline,@yasmish heheyt:)
yalinonline,@denizerdem1973 tesekkurler kardesim sirketteki herkese tek tek sariliyorum:)
yalinonline,@dammos90 @pink_angel1806 :)
yalinonline,@suatkavukluoglu tesekkurler Suatcim:)
yalinonline,@ozancolakoglu olsun valla:)
yalinonline,E bitti sanki he :) @ozancolakoglu
yalinonline,"""Anlat guzel mi oralar"" ile ilgili yeni bilgiler ve intro www.yalinonline.com da :)"
yalinonline,"""Anlat guzel mi oralar"" bir gun daha gecikmeyle carsamba gunu radyolarda :)"
yalinonline,Es dosttan aldigim bi takim kagit katlama taktikleriyle oy kullanmaya gidiyorum:)
yalinonline,"Metropoliste ""anlat guzel mi oralar"" mastering oluyor!@stuarthawkes http://yfrog.com/edkjkij"
yalinonline,@ozancolakoglu :) belirsizlikler icinde
yalinonline,@denizerdem1973 :)  heyecan yukarilarda
yalinonline,Barca geldi http://yfrog.com/gy9w8ktij
yalinonline,Islanacak kalp cok ! :) http://web03.biletix.com/etkinlik/MKKR5/TURKIYE/tr
yalinonline,"""Anlat guzel mi oralar"" da sona yaklasirken,o ne kemanlarda @ozancolakoglu :)"
yalinonline,RT @ozancolakoglu: Mehmet akatay @YALINonline kayidinda wavedrum calarken:)  http://t.co/VyYhSoK
yalinonline,@edakaramanoglu ben seni bi sekilde mutlu edecegim sozum soz...
yalinonline,@edakaramanoglu evet malesef hep suclu ben olurum gunun sonunda islerini duzgun yapmayanlar yerine...
yalinonline,Yine olamadi Giresun :(...
yalinonline,RT @CanTursan: Bu aksam yapilmasi planlanan Yalin Giresun Konseri gerekli teknik donanimin organizasyon tarafindan saglanamamasi sebebiy ...
yalinonline,@pink_angel1806 @dammos90 su konusmalarinizin icine beni katmasaniz keske...
yalinonline,@YaseminYuruk 30 Haziran Kurucesme Arena:) hadii
yalinonline,22 de sahnedeymisim pardon :)
yalinonline,@DJ_FUNKY_C :) ya sendeki enerji? napicaz bu aksam sensiz
yalinonline,19 mayisi coskuyla kutlama zamanidir!Caddebostan sahilde  21 den sonra sahnedeyim :)
yalinonline,tesekkur ederim Trabzon bu guzel final icin!en yakin zamanda gorusmek uzere...:)
yalinonline,Ve Trabzoooon!!! http://yfrog.com/h4592zqvj
yalinonline,Trabzonda odadan goruntu budur. yesilini sevdigim :) http://twitpic.com/4zbnae
yalinonline,@kindofmehmet heheytt evet bekle bizi Trabzon...
yalinonline,Iste sahneden Konya :) http://www.youtube.com/user/JaanTursan#p/a/u/0/FkDOxkl-l4Q
yalinonline,Offf o nasil bir Konya...sahneden vdeo cektim yuklemeyi becermeyi umuyorum:) harikasiniz tekrar tesekkur ederim!!!
yalinonline,@seda_celikk yorgunluktandir! Superdiii super!!!
yalinonline,Konyaaaa!!! http://yfrog.com/gzr0xqij
yalinonline,Odamdan boyle guzel gorunuyosun Konya http://yfrog.com/h3aojbakj
yalinonline,"Eskiden bagaj cikmazdi,sene  2011 bu sefer yolcu cikmadi,ekibin bi kismi Istanbulda kalmis:)@CanTursan"
yalinonline,"@DJ_FUNKY_C duydum :( yetisirsiniz,senin enerjin lazim bize !"
yalinonline,@bbillgee :) iyi eglenceler simdiden
yalinonline,@CanTursan coook guzel buralar:) Ankara uzerinden arabayla guzel gelinir
yalinonline,Bu aksam Konya Selcuk Universitesi!Hava super ohh
yalinonline,"RT @Eti_Fest: I posted 15 photos on Facebook in the album ""Eskiehir Eti Fest"" http://fb.me/11yckHh9b"
yalinonline,Eti Fest bugun Istanbul Universitesi Avcilar kampusunde! 9 da sahnedeyim :)
yalinonline,@aboriginallss mumkun diil unutmam:)
yalinonline,Soguk ve yagmura ragmen harikaydin Eskisehir bu geceyi unutamam!:)
yalinonline,"Eskisehir!! aksam sahnedeyim,yagmuru biliyorum ama iptal yok..."
yalinonline,Eti Fest bugun Eskisehirde! Yoldayim...yagmur demeyin :)
yalinonline,@ozancolakoglu haahahahah keselim evet
yalinonline,@ozancolakoglu senin elin degince ....:)
yalinonline,@ozancolakoglu o diil de naaptin sen ya! eve geldigimden beri durduramiyorum cd yi :)
yalinonline,"""Anlat guzel mi oralar"" da durum budur,duyuramasam da gostereyim dedim:)@ozancolakoglu http://yfrog.com/h3hoolxj"
yalinonline,Filme bakarken uyuyakalirim yolda demistim ama Black Swan tabi gergin oldukca http://yfrog.com/gz9yckaj
yalinonline,@maxxonair :) kizmak yook asla!
yalinonline,Cok guzeldin be Hacettepe!
yalinonline,Eti Fest bugun Ankara ile basliyor!!!coook heyecanliyim:)
yalinonline,@kurabiyeotel ilk firsatta gelecegim :)
yalinonline,@saba_t  Matine 216 Fenerbahcede saat 23 ! hadiii
yalinonline,@denizerdem1973 :) anlat guzel mi oralar
yalinonline,@saba_t  benim benim:)
yalinonline,@bernakurekci ohhh sevindim :)
yalinonline,RT @fedige: @emirhankokcuuu @YALINonline Korku negatiflerin tab edildii karanlk odadr demiler biliyorsun.
yalinonline,Anlat guzel mi oralar
yalinonline,@Basakdzrfransez @emirhankokcuuu  tutturdu deri ceket diye :)
yalinonline,@Basakdzrfransez @emirhankokcuuu  iyi biriyle calisiyorum basakcim tanistiricam seni :)))
yalinonline,@emirhankokcuuu @fedige  :) haksiz mi bilemedim
yalinonline,@faruksorak eveet!! ve yakinda yanindayim yeni sarkiyla:)
yalinonline,@olcayozkan :)
yalinonline,Saba'nin kahkahalarini yakindan duymaya ve eslik etmeye CnnTurk e gidiyorum bu aksam 23:30...
yalinonline,@julidekocoglu heheyyyt:)
yalinonline,"@GeErgen hosbulduuum:) asil tesekkur benden,ne guzel buyudu sarki.."
yalinonline,@ozancolakoglu hosbuldum :)
yalinonline,"Istanbulum,trafigine bile tamamim suan"
yalinonline,Tarihler ve sehirler...http://www.etifest.com/
yalinonline,gelsin artik su mayis!
yalinonline,@CanTursan bikmadin di mi?
yalinonline,@yaseminsefik olur mu olur :)
yalinonline,"@yaseminsefik  ""senden sonra kelimeler uydurdugumu bilmiyorsun"" bu nasil?"
yalinonline,"@SumeyyeBetulA yeni gordum ozur dilerim,coook begendim:)"
yalinonline,@fedige isim dusunuyorum hala :)
yalinonline,"http://www.youtube.com/watch?v=N-mqhkuOF7s&feature=related 
ohh"
yalinonline,@NOdabasi :) olmusken en iyisi olsun derim
yalinonline,Sigaran kadar tutabilseydin elinde beni...
yalinonline,@elifbinay  oooo super haber!!:)
yalinonline,@yagmurtabakci :)
yalinonline,Jay Kay heheyy!! http://twitpic.com/4l8zyo
yalinonline,@Asli_K_Eksioglu ben de ben de!!! geliyorum ay sonu :)
yalinonline,"@emirhankokcuuu Giggs yillarini vermis ona laf yok da sahanin en iyisi Drogbayi cikartan Ancelotti yi napicaz,ya hakemi napicaz?:)"
yalinonline,"@emirhankokcuuu soyluyorum...:)  ""Lutfen kalbimi kirma cunku icinde sen varsin"""
yalinonline,"Okudugum bir kitaptan "" Omur bir soluktur o da sevdiginle aldigindir!"""
yalinonline,Ancelotti nin katlettigi bir mac daha http://twitpic.com/4hphkp
yalinonline,Uzun zaman sonra ilk Istanbul konseri 6 Mayis :) http://web03.biletix.com/etkinlik/MKMA9/TURKIYE/tr
yalinonline,@SinemBurhan :) super olmus!!!
yalinonline,@feraitinc caniiim tesekkur ederim:) coook ozledim
yalinonline,RT @julidekocoglu: @YALINonline dogum gunu kutlamalarina ofiste basladik :)) happy birthday Yalinnnn  @nurcanunar http://plixi.com/p/881 ...
yalinonline,@benguofficial coook tesekkurler :)
yalinonline,@dogulukenan heheytt cocuklarim da iyi okullarda okusun :)))coook tesekkur ederim :)
yalinonline,@fedige bu sefer fotoyla idare ediyoruz yani :)
yalinonline,@NOdabasi Cook tesekkurler Nihatcim :))
yalinonline,@Basakdzrfransez tesekkurler Basakcim :)
yalinonline,@GeErgen tesekkur ederim en isikli anne :)
yalinonline,@buseterimblog tesekkur ederim :)
yalinonline,bu baya komikmis :))) http://www.twitvid.com/BNTKO  tesekkurler Gozde!!
yalinonline,@yelchin :) cok tesekkur ederiiim!! Sevgiler benden de bolca...
yalinonline,@yaseminsefik heyoo tesekkur ederim :)
yalinonline,@ipeksorak Ipekcim tesekkurler :)
yalinonline,@mertekren Mertcim cook saol
yalinonline,"guzel mesajlari icin herkese tek tek tesekkur ederim,cok mutlu ettiniz..."
yalinonline,@ayseozyilmazel ayseee :) coook tesekkur ederim
yalinonline,YFC supersiniz!!:) http://www.dailymotion.com/video/xhvkfl_yalyn-a-doyum-gunu-videosu-yfc_music
yalinonline,@emirhankokcuuu thanks bro!
yalinonline,"dogum gunu mesajlariniz icin coook tesekkur ederim,boyle yaslanmak ta bi guzelmis :)"
yalinonline,@ayselziya coook tesekkur ederim :)
yalinonline,harikasiniz cok tesekkur ederim:) @MehlikaYilmaz http://www.twitvid.com/IQQG7 :) umarz beenirsin
yalinonline,"Mayista Eti Fest 'le universiteleri gezecegiz,umarim denk gelebiliriz  :)
sehirleri ve tarihleri yazacagim bir kac gune..."
yalinonline,@GeErgen ohh ne guzelmis:) donunce ordayim iyice animsatmaya...
yalinonline,@mokomurat yakindir:)
yalinonline,Agrisi gecsin istemedigimiz bir tek kalp olabilir mi?
yalinonline,Vestel reklami yeniden yayinda:)
yalinonline,@Asli_K_Eksioglu simdi burdan soylemesem diyorum:)
yalinonline,mayisa bir surprizim var..
yalinonline,@fedige e hanii?
yalinonline,@Asli_K_Eksioglu saol caniim
yalinonline,"Bu gece AKUT icin sahnedeyiz,Istanbulu cok ozlemisim..."
yalinonline,"Yagmuru kim dokuyor,unzile kac koyun ediyor,dayaktan uslanali hic birsey sormuyor... Sene 2011!"
yalinonline,"@fedige artik soz veremem ki kurtarmaz papatyalar,artik soylemem ki martilar inanmazlar...."
yalinonline,@burusvilis  he tamam o zaman
yalinonline,"Hakan Yildirim showu icin Paristeyiz,cok gurur duyulmali kendisiyle coook!!!"
yalinonline,Maroon 5 oleyy http://twitpic.com/416bsc
yalinonline,@emirhankokcuuu @CanTursan  http://www.dailymotion.com/video/xdwip8_grup-vitamin-zymba-gibi-delikanlysy_fun :)
yalinonline,@emirhankokcuuu bir takim planlarim var o sarkiyla ilgili:)
yalinonline,@ufukergin lafim guzelini anlayana :)
yalinonline,Bende sevgili cok! bize 1 gun yetmez...
yalinonline,@fedige ozlemek serbest ama di mi?:)
yalinonline,@CanTursan :)
yalinonline,@ipekedincgil :))))
yalinonline,"Gazetelerdeki ""Olu bulundu"" lafi hic olmamis! Basimiz sagolsun..."
yalinonline,@cerencesur cok cok tesekkur ederim!!!:)
yalinonline,@pink_angel1806 yeni sarkilar icin bu sessizlik :)
yalinonline,@DogruMerve subatta insallah
yalinonline,"@ipeksorak daha belli degil Ipekcim,haberlesiriz..."
yalinonline,@GeErgen asksin sen de demisiz ayni sarkida :)
yalinonline,@SuSoley olmus bu olmus:)
yalinonline,RT @SuSoley: @SuSoley: Su Soley -Yap Bi Numara :  http://soundcloud.com/susoley/yap-b-numara @YALINonline
yalinonline,@emirhankokcuuu ben de coook!
yalinonline,cook basarili...@radiofm34
yalinonline,Mutlu yillar herkese!!! Beklenti listesinin en tepesinde tabiki ASK...
yalinonline,@fedige valla pes dogru:)
yalinonline,@Ozgekopuzz yapilacak mutlaka...
yalinonline,"""Zalim""i izinsiz kullanma olayini abarttilar artik! http://www.youtube.com/watch?v=MBYWV-bAESk"
yalinonline,Kenan oleeyy http://twitpic.com/3g8zwi
yalinonline,Gogol Bordello oleyy http://twitpic.com/3g8qg2
yalinonline,@dilara_p komik oldu:)
yalinonline,@srnsever valla bilmiyorum
yalinonline,@srnsever cunku... (Yazdirildim)
yalinonline,Bu da film sonrasi http://twitpic.com/3dut0z
yalinonline,Film baslamadan once http://twitpic.com/3dunmr
yalinonline,"Film suan bitti,gozler de bitti,bogazda dugum...""Ask Tesadufleri Sever"""
yalinonline,@fedige bi foto isterim:)
yalinonline,@Edepsizbaski  soz :Aysel Gurel muzik:Onno Tunc
yalinonline,@yagmurtabakci :)
yalinonline,"Birkac saat sonra Omer Faruk Sorak'in yeni filmi ""ask tesadufleri sever"" in final halini izleyecegim! heyecanliyim,sansliyim :)"
yalinonline,"Unzile yi begenmenize cok mutlu oldum,umarim bizim de bir katkimiz olmustur bu guzel projeye...."
yalinonline,@fedige heheytt siz duydunuz onu:)
yalinonline,"Yeni yazilan bir sarkiyi acilen paylasma ihtiyaci,twitter in cazibesiyle de birlesince kafayi fena karistiriyormus,sabretmem lazim...:)"
yalinonline,@emirhankokcuuu :) burdan duyulmuyo!!
yalinonline,@ssumeyye sacma sapan yazilari gundemimize almayalim lutfen :)
yalinonline,@fedige o kadar ozledim ki.....
yalinonline,http://fizy.com/#s/1plo83   cumartesi gecesine baslamadan...
yalinonline,@hakangence :) mutlu oldum
yalinonline,@sulugoz89 bol sans:)
yalinonline,@OZLEMAKKAS subatta insallah
yalinonline,"@TwitPasa hangi sarki olursa olsun sevdigim,yazaninin ozel hayati,karakteri... hic ilgilenmiyorum,ayrica o meseleleri hic bilmiyorum."
yalinonline,Canimin yapraklari ne guzel sarkiydi...Ustaya selam olsun
yalinonline,@emirhankokcuuu 17 subat!!!
yalinonline,@gisemcan eveet:) hepsine cok selamlar....
yalinonline,@emirhankokcuuu  huuuu huu huuu
yalinonline,"Maroon 5  ""give a little more""  gunu guzellestirir :)"
yalinonline,"RT @elifbinay: Merak ediyorsan, hadi stiklal Caddesi'ne...Beyoglu'nda size Yalin'in bir suprizi var...@YALINonline"
yalinonline,Simdiden iyi bayramlar herkese! :)
yalinonline,@BurcuBaydur afiyet olsun :)
yalinonline,"Saygiyla,minnetle aniyoruz...Atam Izindeyiz!"
yalinonline,@yaseminsefik tesekkur ederiz :)
yalinonline,@essskrdr tesekkur ederim:)
yalinonline,@2ch3kol :)
yalinonline,'writing to reach you'-travis! ne ozlemisim sarkiyi...
yalinonline,Reklam yayindaymis ben de suan ogrendim guzel yorumlariniz icin tesekkurler...:)
yalinonline,"Filmin adini soranlar icin ""Prensesin Uykusu"""
yalinonline,Filmin en carpici cumlesi suana kadar.
yalinonline,"Uyandirmak icin bir masal anlatiyorum sana,dunyadaki tum masallarin aksine..."
yalinonline,"Cagan Irmak yeni filminin Londra galasini bu aksam yapiyor,heyecanla bu aksami beklemekteyim..."
yalinonline,Cumhuriyet Bayramimiz kutlu olsun!!! Bodrumlular! Aksam gorusmek uzere...:)
yalinonline,@elifbinay valla bekliyorum heyecanla
yalinonline,@ssumeyye sunu bir sorgulamasaniz artik ah bir sorgulamasaniz...
yalinonline,Bodrumda da yagmur hep bi yagmur...
yalinonline,"@yalinsibel belki bu hafta sonu,burdan mutlaka duyururum..."
yalinonline,@CerenCesur yanlis duyum:)
yalinonline,@buseterimblog bu yaza yetisecek diye umuyorum:) cok selamlar Busecim...
yalinonline,Dun geceden... http://twitpic.com/2ziucl
yalinonline,@ozaysendir cook tesekkur ederim:) cok sevgiler..
yalinonline,@Basakdizerfr bodruma gelmen lazim!!!
yalinonline,Hayatimin en guzel gunlerinden birini yasatan Kayseri ye sonsuz tesekkurler...
yalinonline,http://twitpic.com/2z9lg0 - Sahne oncesi Kayseri!!!
yalinonline,29 Ekim Bodrum konseri...ilk ben duyurmus olayim.
yalinonline,@hakangence :)
yalinonline,"@fedige evet ama soyle; olmazsa,olmaz! :)"
yalinonline,Komik arkadaslar valla:) @CanTursan
yalinonline,http://twitpic.com/2z7axe - Ekipten sahne fotografi istedim bu geldi :)
yalinonline,RT @Asli_K_Eksioglu: Yarin coke n music@kayseri!.yalin&duman! Heyecanliyimmm..
yalinonline,Filmin yayinlanmasina sanirim biraz daha var...
yalinonline,Vestel icin yine cekimdeyiz...:)
yalinonline,@elifbinay  :) kesinlikle
yalinonline,"Bu cumartesime Cohen  ""So Long,Marianne"" yle eslik ediyor.Ne sarki ama..."
yalinonline,"http://www.youtube.com/watch?v=P7IAFqEIJvs&feature=youtube_gdata_player
Cok iyi bir cover..."
yalinonline,@elifbinay cook meraktayim
yalinonline,@elifbinay umarim yetisir:)
yalinonline,@elifbinay ne zaman izleyebiliyoruz?
yalinonline,@burcukirma giriliyordur disaridan konsere bence:)
yalinonline,20 Ekim Kayseri Erciyes Universitesi...Soranlara ilk konser haberim budur :)
yalinonline,Bu ara en cok dinledigim http://fizy.com/#s/1m6mo3 @basakdizerfr
yalinonline,@elifbinay arkadaslarin?
yalinonline,Yeni albumu kaydetme amaciyla bu sefer Londra...@alpererinc gelene kadar hazirlik yapmak lazim
yalinonline,@alialkan :)
yalinonline,@simaybirinci kesinlikle ve kesinlikle gercek disi bir haberdir...
yalinonline,Back to basics...
yalinonline,@Basakdizerfr :) tamam
yalinonline,@fedige donsenize artikk lutfen
yalinonline,@emirhankokcuuu  haklisin yapmamiz lazim
yalinonline,@Basakdizerfr fizy calismiyo ki :)
yalinonline,"yeni video degil,detay veremiyorum henuz"
yalinonline,"3. cekim gunu...Ekim sonuna yayinda olacak,benim icin bir ilk..."
yalinonline,@GozdeKansu @mehmeturgut neyin pesindesiniz?:)
yalinonline,@mehmeturgut :)
yalinonline,"bu nasil trafik,yarim saatte 20 metre gidebildik,nisantasi besiktas civarina bulasmayin derim"
yalinonline,@ssumeyye cani sagolsun her kimse...
yalinonline,@CanTursan akil fikir ....
yalinonline,@sinanguler Yasattiginiz mutlulugun tarifi yok! Helal olsun tekrar tekrar...:)
yalinonline,Turkiye sizinle gurur duyuyor...
yalinonline,http://twitpic.com/2nu83z - Hadiii 12 dev adam!!!
yalinonline,12 DEV ADAM icin yine Sinan Erdeme....
yalinonline,RT @sinanguler: We are in the finals! What else there is to say! #Finaldeyiz! Daha ne diyim ki ben!
yalinonline,@mokomurat hayirli bayramlar Muratcim
yalinonline,Semiiiiiiiiiihhhhhh Erdeeeeeennn
yalinonline,Su topu degistirin
yalinonline,Haydii Finale !!!
yalinonline,Herkese iyi bayramlar! :)
yalinonline,@emirhankokcuuu :)
yalinonline,"Sinan,Kerem T,Kerem G,Hido,Omer O,Omer A,Semih,Baris,Cenk,Oguz,Ender,Ersaaan! Simdiden hepsinin ""Ellerine Saglik"""
yalinonline,http://twitpic.com/2ll85x - Hadiiii Turkiye!!!!
yalinonline,12 Dev Adam icin bagrinmaya Sinan Erdem'e...
yalinonline,"Bu aksam saat 20 de Kanal 24  ""Tikirti Gazetesi"" programinda sizden bahsettim...:)"
yalinonline,"@CanTursan  ""u"" harfini nerden buldun?"
yalinonline,Helal olsun 12 Devam Adam!!! Helal olsun Ersan!!!
yalinonline,"""The Decemberists-Culling of the fold"" tas gibi sarki..."
yalinonline,http://twitpic.com/2if6r0 - En buyuk askin dogum gunu!!!:)
yalinonline,@calikusu_0702 calisiyor kendisi
yalinonline,@eceMen  sosyal kelebek :)
yalinonline,@mehmeturgut eyvah!:)
yalinonline,@sehrazatmusic tamamdir
yalinonline,"@sehrazatmusic bayrama kadar burdayim,mutlaka gelecegim :)"
yalinonline,"""Sokma akil kapiya kadar"" ne guzel lafmis,bende laf bol dedi soyleyeni! hala guluyorum :)"
yalinonline,@fedige :)))) ah su papatyalar...
yalinonline,"Yeni yazilmis bir sarkinin getirdigi huzur ve mutluluk,tum diger zamanlarima fena halde haksizlik ediyor sanki..."
yalinonline,@fedige ruzgarimi aldigim gibi ordayim o zaman:)
yalinonline,@eceMen eceee ozledim sankii!!pro ya gelip bi 8 saat cikmasam olur mu?
yalinonline,@gozemtumer hadi :)
yalinonline,@handeinceoglu yakin sayilir:)
yalinonline,@IpekTurgay Ramazan sonrasi..:)
yalinonline,"@hakangence haftalarca beklersin aynen,bir de ask ki sesin de cikamaz:)"
yalinonline,"Macbook Pro  guzelsin, hossun da niye hemen bozulursun!:("
yalinonline,http://twitpic.com/2epvoz - Vathi
yalinonline,@CanTursan sensiz yurumez bu gemi
yalinonline,@t12des ollleey:)
yalinonline,@emirhankokcuuu @cantursan yakistiniz he
yalinonline,"Kurucesme sarkisini da ekledim yarinki playliste,senlendirecek mi bakalim gecemizi.."
yalinonline,"Suan itibariyle Bodrum bulutlandi,konser icin gerekli sartlar yavastan olusuyor..."
yalinonline,@OZLEMAKKAS :(
yalinonline,@eceMen burda da yapar mi diyosun
yalinonline,6 agustos cuma Bodrum Antik Tiyatro...yagmur isi bu sefer zor :)
yalinonline,@emirhankokcuuu harikaydi:) ben yine dustum yollara
yalinonline,@emirhankokcuuu eyvahhh:)
yalinonline,@emirhankokcuuu geliyoruz damadi havalara atmaya!:)
yalinonline,@Asli_K_Eksioglu mimoza gumusluk :)
yalinonline,"RT @eceMen: @yalinonline 'n bir Kurueme Arena konser gnnn nasl getiini merak edenler,  derhal bu haftaki Hello!'ya baksnlar! :)))"
yalinonline,@CanTursan gecmis olsun denizci...
yalinonline,@emirhankokcuuu Pro' nun ozenli ve muthis bir calismasi daha:)
yalinonline,http://www.safakyasasin.org/
yalinonline,Kurucesme 2010 dan bir kare http://twitpic.com/26h1mn
yalinonline,@emirhankokcuuu :)))
yalinonline,@Asli_K_Eksioglu tesekkurrlerr Asliiii:)
yalinonline,@fedige tesekkur ederizzzz:)
yalinonline,@IpekTurgay 7 agustos olacak sanirim:)
yalinonline,Yalinonline.com Halk oylamasi sonucu Altin Orumcek aldi!Oy gonderen herkese tesekkurler! Ve tabiki tebrikler Zadaca!:)
yalinonline,@eceMen cok baski var acil single olsun diye:) ama hic gucum yok kaydetmeye
yalinonline,@ssumeyye izlenmiyo bu malesef:(
yalinonline,Tesekkurler @deranguclu
yalinonline,Buyrun Kurucesme konseri icin yaptigim sarki...:) http://bit.ly/cQYIWp
yalinonline,"@OZLEMAKKAS yagmur umrumda degil,cikicam ben sahneye!:)"
yalinonline,@Asli_K_Eksioglu saol Asliiiii:)
yalinonline,"yine Thy yine rotar! 1 saat 15 dk ile basladik,hayirlisi..."
yalinonline,@fedige bugunku Humphrey tweeti bombmus!!:)
yalinonline,@emirhankokcuuu bodrum havaalaninda donus icin bekleyen tek mutlu insan sanirim benim:)
yalinonline,@GeErgen kesinliklee...
yalinonline,"Ctesi gunku Kurucesme Arena konserinin bu sefer ertelenme durumu yok,yagmura alistik artik,hazirliklar ona gore...:)"
yalinonline,"@MehlikaYilmaz bize bir bilgi gelmedi bu konuda,gercekten ben de cok uzgunum:("
yalinonline,"@GeErgen ama en guzeli dedik ya,adini koyduk ya,nazlaniyor biraz:)"
yalinonline,@GeErgen :) en guzeli demistim en guzeli olacak!
yalinonline,@GeErgen 4 sene gecmis uzerinden!klip ne kadar guzeldi:)
yalinonline,@gntkn UAV online!
yalinonline,@sehrazatmusic aynen oyle:)
yalinonline,"4 sene bekliyoruz su kupa keyfi icin,2 metre ofsayti da gor artik be Italyan!"
yalinonline,Unlemlere takilan arkadaslar icin noktali vers.
yalinonline,"Milliyet Cumartesi roportaji. @mehmettez
http://www.milliyet.com.tr/2010/06/26/cumartesi/"
yalinonline,Alinan biletler 10 temmuz icin de tabiki gecerli:)
yalinonline,Bu aksamki Kurucesme Arena konseri hava kosullari  nedeniyle 10 temmuz cumartesi gunune alindi!
yalinonline,RT @nprmusic: The Spin: Istanbul's Jam Is Yalin's 'Ah Be Kardesim' http://n.pr/b4TnCh
yalinonline,@mokomurat olmaz mi:) bekliyoruz:)
yalinonline,25 Haziran Cuma Kurucesme Arena konseri oncesi provalardan :) http://tweetphoto.com/28728311
yalinonline,"RT @sabahekler: Yaln: ""Benim sonsuz aka inancm yok,"" dedi. Bugn Cumartesi SABAH'ta - http://bit.ly/c5307a"
yalinonline,@KbraBcR vazgectim yazmaktan:)
yalinonline,@fedige en cok suruden ayri duranlari sevilir:)
yalinonline,@nurcanunar cok sevindim:)
yalinonline,@caglatopal :))) pek birsey anladigimi soyleyemem
yalinonline,"Yalinonline, Altin Orumcek Web Odullerinde finalde! www.yalinonline.com"
yalinonline,@ZumrutK ayni fikirdeyim ama su yagmur!:(
yalinonline,@Belma33 iptal degil!!
yalinonline,"True Blue ya dogru yoldayim,yagmasa olmazdi zaten:) 2230 sahne!"
yalinonline,Dun geceden aklimda kalan en etkili ve guzel konusma @yektakopan indi
yalinonline,"@mokomurat ayni fikirdeyim cok keyifliydi,tesekkur ederim:)"
yalinonline,5 haziran True Blue!!! http://www.biletix.com/event.htm?id=LLUNF
yalinonline,@Mervedogru iyi ki varsiniz!!!
yalinonline,@Nrcnisik tabiki yok!
yalinonline,@GeErgen tam da oyle olsun insallah!:)
yalinonline,Sizi ne cok severim ben!!!tum kalbimle!!!@fedige
yalinonline,"Ve Hurriyet Gazetesi,Dogan Grubu..Yillardir ozenle,boyle anlamli ve ozel kildiginiz icin kelebegi..."
yalinonline,Oy gonderen destekleyen herkese sonsuz tesekkurler ederim!YFC bitanesiniz!
yalinonline,Altin Kelebek icin yoldayim...dogdugumda 7.si duzenleniyormus:)tum odul alanlara simdiden tebrikler!!!
yalinonline,@mokomurat hadi insallah!!
yalinonline,@ssumeyye :)
yalinonline,"@habershow bu yazilar bana ait degildir,accountumda da bulunmamaktadir!"
yalinonline,"@biluny biletixte oyle bir bilgi yok,yani sorun yoktur:)"
yalinonline,@mokomurat walla hic haberim yok
yalinonline,"en sevdigim Lennon sarkisi bugun daha da anlamli! ""imagine"""
yalinonline,"Dun tanik oldugumuz insanlik sucunu,bir insan olarak,utanc icinde aktarmak zorunda kalacagim yillar sonra cocuklarima..."
yalinonline,@MehlikaYilmaz :) izlemistim
yalinonline,"@caglatopal ""keske"" olsun :)"
yalinonline,Samsun!!! http://twitpic.com/1rkvtc
yalinonline,@ozleem28 Temmuz ayinda gelecegiz!!!benim de fazla bir bilgim yok:(
yalinonline,yolculuk memlekete...Samsun! bu aksam cok ozel!
yalinonline,"@ssumeyye onu onlara sormak lazim,bu haber nerden nasil cikti hic bir fikrim yok :)"
yalinonline,@nazliyuksek :)
yalinonline,@akbass_eemine :(
yalinonline,"@umutaltun28 konserin nerde yapilacagina malesef ben karar veremiyorum,emin ol en az senin kadar uzgunum..."
yalinonline,@edakaramanoglu haftaya tekrar burdayiz hic merak etme:)
yalinonline,Sagnak yagmur yuzunden Giresun konseri belediyenin karariyla haftaya alindi!Zevkle yine geliriz....
yalinonline,Burasi Giresun!  http://twitpic.com/1q02m6
yalinonline,"48 saat icinde 5. ucus da bitti:) Trabzondan Giresuna dogru yoldayiz,oldukca yorgun ama mutlu..."
yalinonline,Ordu'nun guzelligi... http://twitpic.com/1pfjhp
yalinonline,Zonguldaktan guzel haberler bekliyoruz...
yalinonline,"Aksamki konser iptal edildi arkadaslar,detaylara cok hakim olmadigim icin bir onceki yazimi silmis bulunuyorum..."
yalinonline,Omer Faruk Sorak!!tebriklerrr:)
yalinonline,@edakaramanoglu hayir:)
yalinonline,oldukca zor bir inis ve Istanbul...
yalinonline,ucagi kacirip Izmirde kaldik!cok sevdigim guzel Izmir...
yalinonline,Izmir icin havaalanina dogru...dun gece GSU cok mutlu etti!
yalinonline,"@ozay_slmz  mutlaka bir cozum bulunacak,merak etme.."
yalinonline,"@zeymrt @sseelliimm  e yazar misin bu konuyu,baska cozum buluruz:)"
yalinonline,19 mayisi boyle afise ediyoruz... http://twitpic.com/1ngp18
yalinonline,@iremcinkilic ben de:)
yalinonline,@Fahriyee kasimdaa
yalinonline,Pazartesi aksamindan... http://twitpic.com/1nf4sv
yalinonline,@naliyim @sseelliimm le irtibata gecebilirsen cok sevinirim..
yalinonline,@GeErgen o zaman hemen dusunmeye baslamaliyim...:)
yalinonline,http://www.izlesene.com/video/facebook-UWQG3WDETF/1930783/&ref=facebook_title  bu arkadasi bulabilecek olan?
yalinonline,@fedige evet daha bi guzel oldu simdi:)
yalinonline,@fedige iki mi oldu?:(
yalinonline,@nihalerklnc yanlis bilgi :)
yalinonline,@emirhankokcuuu super haber!!:)
yalinonline,"Aksam Babylon a gelecekler icin, ""ki sen"", ""her sey sensin"" vs.. akustik!"
yalinonline,RT @erimozsen: Bu Pazartesi Babylon Sezon Finali'nde @YALINonline Babylon'da konuum oluyor! %100 canl ve sezon finaline zel! http://t ...
yalinonline,yine Alper yine studyo http://twitpic.com/1jmv11
yalinonline,Istanbulll!!
yalinonline,dun geceden 2.. http://twitpic.com/1j7m7e
yalinonline,dun geceden... http://twitpic.com/1j7m1w
yalinonline,RT @ozl3myildiz: RT @EbzT: @YALINonline doyamadik sarkilarina :-* http://tweetphoto.com/20168632
yalinonline,@edakaramanoglu :) cok basarili
yalinonline,"@mokomurat  Soyleyen icin de dinleyen icin de ozel ve buyulu bir yer Rumeli Hisari,yazik olmus..."
yalinonline,"Bu sehirde sarki soylemek icin daha guzel bir gun olamazdi!Cok sicak ve gunesli bir Londra,bir kac saat sonra prova icin O2 Islington a.."
yalinonline,Sonunda ulastik Londraya!sali gununu beklemedeyiz...konser baslama saati 2030
yalinonline,"RT @turkquake: @YALINonline:   YALIN: Sarkina, ben soyle bir klip cektim kendimce. Bir izleyebilirmisin? http://vimeo.com/10851924"
yalinonline,Nats.co.uk  bir guzel haber versin artik...
yalinonline,Londra konseri yeni tarih  27 nisan! Umarim gelebililiriz...
yalinonline,@ayseozyilmazel NY da kalinir:)
yalinonline,"@ayseozyilmazel yarin burdaymis bulutlar!istanbul da kapanabilir,kontrol et"
yalinonline,@ayseozyilmazel cok kotu oldu cok
yalinonline,"Londra konseri haftaya ertelenecek!,detaylar yarin..."
yalinonline,@ozl3myildiz kesinlikle gelecegim..:)
yalinonline,Sadece Londra degil Avrupanin buyuk bir bolumunde ucuslar yarin sabah da iptal:(
yalinonline,Eyjafjalljokull dagi 200 sene sonra faaliyete gecip butun tadimizi kacirdi!
yalinonline,"""mais le silence est souvent une faon d'aimer"""
yalinonline,@SinemBurhan bizim programimizda oyle bir konser gozukmuyor malesef:(
yalinonline,"""beni oldurdun"" sarkisinin videosu cok guzelmis,yonetmenini bilen?"
yalinonline,http://styleawards.elle.com.tr/ !!!
yalinonline,"Zurih cok mutlu etti bizi,herkese tesekkurler!!!Londra icin cok heyecanim var..."
yalinonline,Zurih!
yalinonline,@sibelarna Coook tesekkur ederim :)
yalinonline,Tekrar tekrar tesekkur ederim guzel mesajlariniza...:)
yalinonline,@yamurbalk :)
yalinonline,@ayselziya duyuldun:)
yalinonline,@nurcanunar :)
yalinonline,@GeErgen tesekkur ederim:)) Van da olsun:)
yalinonline,@mokomurat :) tesekkur ederim
yalinonline,6 senedir bir an bile beni terketmeyen YFC! iyi ki varsiniz!!!
yalinonline,Cok cok tesekkur ederim guzel mesajlariniza!!!:)))
yalinonline,"http://twitvid.com/2EEFD - @ilaydabirol Harikasiniz!!! beni cok mutlu ettiniz,iyi ki varsiniz!!!:))))))))))))))))))))"
yalinonline,@ilaydabirol suan izliyorum!!!supersiniz:)
yalinonline,@fedige :) En sevdigim
yalinonline,"en cok demo seviyoruz!,en cok kimselerin bilmedigi sevdigimiz sarkilari sahipleniyoruz."
yalinonline,@mussto o hep aklimda :)
yalinonline,"son albumdeki ""duyulurum"" u cok mu hafif gectik acaba,yoksa boyle mi guzel?"
yalinonline,"yeni albumde ne yapacagimizi bugun bulduk,1 seneden fazla zaman var,cok sarki yazmak lazim..."
yalinonline,RT @ayseozyilmazel: http://www.dailymotion.com/video/xclkjd_aye-zylmazel-iki-sakin_music
yalinonline,3 Nisan Zurih!!!  http://www.dilaila.com/
yalinonline,RT: @alkanunal @YALINonline Yaln yeni albm kapa alternatifin=) http://www.bobiler.org/monte.asp?m=162709
yalinonline,@evrimsumer tesekkur ederim:)
yalinonline,Puan kaybina tahammulumuz yok :)
yalinonline,RT @Don__Kisot: @YALINonline Yaln paso kendi reklamn yaposun. Az bi konu naslsnz iyimisiniz diye. Bu senin iin puan kayb sylim.
yalinonline,@olcayozkan bekliyoruz:)
yalinonline,Londra Konseri biletleri icin adres! http://www.o2academyislington.co.uk
yalinonline,@sozmuzikturkmen :)
yalinonline,Bu aksam Guldunya Konseri 2! Bas tacimiz kadinlarimiz icin...
yalinonline,"a heart that hurts,is a heart that works...Placebo-Bright Lights!"
yalinonline,"Izleyen,guzel fikir ve yorumlarini paylasan herkese tesekkurler."
yalinonline,@feraitinc evet evet bekliyoruz sizi de bekliyoruz...
yalinonline,@ayseozyilmazel evet:)
yalinonline,"CNNTURK e dogru...2 sarki tek gitarla,fikirleriniz?"
yalinonline,@mokomurat Cok selamlar sevgiler benden
yalinonline,"@Amoureuse_ Guldunya konserinde 3 sarki calicaz,1 de supriz duet var..."
yalinonline,"@zaferakbas Biraz once dinledim,Ferman a da soyledim fikirlerimi,intro melodisi dinleyeni hemen yakalayacak guzel bir sarki,basarilar..."
yalinonline,"@mokomurat tesekkur ederim,hep beraber insallah..."
yalinonline,@mokomurat Eskisehir konseri Saba Tumer canli yayini ne guzeldi...
yalinonline,Persembe 23:30 CNNTURK Saba Tumer!!!Guldunya konseri icin...
yalinonline,bizi birbirimize baglayan bizi uzak koyan
yalinonline,@AhmetKaranis haberim oldugu anda yazicam burdan
yalinonline,"@sozmuzikturkmen asla sarkin budur denmez,bunlar iyi hayaller,umitler,hepsi bu..."
yalinonline,"@GeErgen Askin Sen ne guzel  denk gelmisti,tam olmasi gerektigi gibi...hersey onceden ayarlanmis gibi.."
yalinonline,"@GeErgen bir telefon calacak hic merhaba bile demeden sarki duyulucak ve mutlu olucaz karsilikli,ondan sonrasi hep bahar..:)"
yalinonline,@GeErgen olmali mutlaka! en guzeli hem de...:)
yalinonline,"Yazdigin sarkilar bana huzur veriyor diyen cok var,ben huzurlu biri hic olamamisken...Deniyorum ama o baska"
yalinonline,"Lost 1.sezon 2. bolumde butun konseptle ilgili tuyoyu vermis alsinda,Locke un tavlayi anlatmak icin soyledikleri vs..."
yalinonline,@akbass_eemine tesekkur ederim gurur duyuyorum
yalinonline,@HusamAri tesekkurler
yalinonline,@ipeksorak Asil size tebrikler! eminim bu sene daha cok odul gelir:)
yalinonline,Hergun baska isimler donusumlu yazilacakmis hottickets a...tesekkurler @sibelarna
yalinonline,Guldunya Konseri diye listelenmesi daha dogru olurdu diger isimler adina da...
yalinonline,Guldunya Konserinin biletix listesindeki acilimi hic olmamis...
yalinonline,@cherrytreerec congrats :)
yalinonline,"@mryoz cok sasirdim ve cok sevindim,iyi ki geldin konsere..."
yalinonline,"8 Mart ""Guldunya Konseri 2""http://www.biletix.com/event.htm?id=LKGUL"
yalinonline,@ufukergin yapicaz o isi mutlaka..:)
yalinonline,"@GeErgen :)))) sarki icin albumle ilgili bilgilenmeliyim,albumun en iyisini yazmaliyim!"
yalinonline,Biletler ve saat ile ilgili detaylari ogrenince yazacagim...:)
yalinonline,18 Nisan Londra  O2 Islington!!!
yalinonline,@ayseozyilmazel bekliyoruz:) yarima yetisirsin...
yalinonline,"The world today doesn't make sense, so why should I paint pictures that do?...Pablo Picasso"
yalinonline,@OZLEMAKKAS  Mutlu oluyorum duydukca bunu...
yalinonline,"@emreerdem gercekten cok begendim,tesekkurler!!!:)"
yalinonline,@jadabalaban :)) duyurularda detayli aciklandi...
yalinonline,@Amoureuse_ malesef:(
yalinonline,@mehlikayilmaz supermis!
yalinonline,@akifkertugay aynenn:)
yalinonline,@mehmeturgut  sevgilini de al gel  :)
yalinonline,http://twitpic.com/128bvn - Boyle de afise ediyoruz...
yalinonline,@GeErgen cozeriz hic sorun degil :)
yalinonline,"@GeErgen ""Asksin Sen"" soylense beraber ne de guzel olur..."
yalinonline,"@emirhankokcu filmin orjinalini acil seyretmek lazim ""stanno tutti bene"""
yalinonline,@caglatopal o konuda birsey yapmamiz mumkun degil:(
yalinonline,@NurcanUnar :)))
yalinonline,@GeErgen :))) sozum soz! W da Ctesi en isikli anneyi bekler!!!
yalinonline,biletler ve diger detaylar yarin biletixte!
yalinonline,@kaanvolkan :)))
yalinonline,Biletix ten az sayida bilet alinabilecek bugun aksamustunden itibaren...
yalinonline,13 Subat cumartesi gecesi W hotel akustik konser!!!Sevgililer gunu munasebetiyle:)
yalinonline,Babam Ve Oglum tadinda Everybody's Fine...finaldeki Paul Mccartney sarkisi harika!
yalinonline,@buboocat mutlu oldum..:)
yalinonline,@ersinduzen :)))
yalinonline,@ersinduzen 1-2 saate dahil olurum:)
yalinonline,@TMF_PINAR duzelttim tesekkur...:)
yalinonline,@yektakopan 2 gundur farkindayim bu videonun ve cok basarili oldugunu dusunuyorum :)
yalinonline,"""I'm sorry you had to see me like that!"" 5 sezondur dizide duydugum en iyi laf olabilir..."
yalinonline,bir an once -1 olmayi istedigim geleneksel Istanbul trafik bulusmasi...
yalinonline,@CRN_ceren ulastirabilirsin tabiki...:)
yalinonline,"bazilari hic gitmemis gibidir...bazi cabalar onlarin 10'da 1 i bile olabilmek icindir...""sahibinden ihtiyactan"" ne guzel bir album ismidir!"
yalinonline,@dfname tesekkur ederim:)
yalinonline,@mehmeturgut :)) sapkani begendin mi?
yalinonline,"http://www.youtube.com/watch?v=dcGw7Bup7Dk cok basarili :) @mehmeturgut gormen lazim ,Omer'e gostermen lazim:)"
yalinonline,@cgrofficial  henuz hayir ama mutlaka olur..
yalinonline,@mokomurat :)
yalinonline,@SinemBurhan bir daha oku bence:)
yalinonline,RT @mehmeturgut: BABA BANA YALIN'I BOYAR MISIN?http://www.facebook.com/album.php?aid=151348&id=701477616&ref=mf
yalinonline,"surekli sac ektiren unluler listesindeyim!:) aile de sactan yana saglamdir,ben dahil!!etmeyin yahu...:)"
yalinonline,@dogan90 Tsi 15 te dogrudur.
yalinonline,"RT @feraitinc: ""en"" lere pheyle bakarm.  En vatansever, en demokrat, en dindar, en namuslu filan. kiraz bol duyduum yere kk sepe ..."
yalinonline,durumlarin ve olaylarin kaderi var sanki insanlar yerine...
yalinonline,@mehlikayilmaz :)))) alin diyo sanki
yalinonline,@nazliekiz cok isteriz...
yalinonline,"NY i love you cok basarili,Istanbula da cok yakisir ayni proje..."
yalinonline,@cherrytreerec listening to CherrytreeRadio!
yalinonline,@brntpl cok isterim...
yalinonline,@nwdsgn bunun gibi 4-5 tane daha var degisik ulkelerde:)
yalinonline,fikirler icin tesekkurler....
yalinonline,"@ayselziya zorlama is olmasin,sen bulursan daha degerli..."
yalinonline,@ipekturgay duyuluruma da olmasin video :)
yalinonline,@Belma33 elimden geleni yapiyorum....
yalinonline,@dilaraattalay :))
yalinonline,@pelkur  neden olmasin :)
yalinonline,"Kesinlikle videosu olmasin istiyorum...(""terazi"" diyenlere)"
yalinonline,@mehmeturgut ki sen...
yalinonline,@mehmeturgut son konustugumuzda o konu tamamdi???
yalinonline,@arzuos :)))) kostumde sknt olur
yalinonline,@DENIZonline guzelmis
yalinonline,@pocagulay ayni fikirdeyim..
yalinonline,@emirhankokcu 100 puan :)
yalinonline,@mehmeturgut sen sec:)
yalinonline,Sarkiyla ilgili oncelikle :)
yalinonline,Bir sonraki video icin fikri olan???
yalinonline,@mehlikayilmaz cok cok iyi :)
yalinonline,@alialkan :)
yalinonline,@emirhankokcu :) iyi yolculuklar...
yalinonline,@ersinduzen ben varim:) lahmacun sushi farketmez...
yalinonline,@ersinduzen super resim:)
yalinonline,@srnsever Beklerizz:)
yalinonline,@srnsever gunaydindaki haberden bahsediyorumm:)
yalinonline,Attigim her gole bir lahmacun :) @srnsever
yalinonline,Great works are often born on a street corner or in a restaurant's revolving door.Albert Camus
yalinonline,All great deeds and all great thoughts have a ridiculous beginning.
yalinonline,@BerkAgul :)
yalinonline,@ecemen suandan itibaren aldim ben de kapsama alanina
yalinonline,"taksiyle alana dogru...cdden kus sesi dinliyoruz,taksici arkadas boyle seviyo..."
yalinonline,"''Ben Bugun"" u kaydederken en cok dinledigimiz ve hala daha loopta dinledigim tek sarki ""jenny wren"""
yalinonline,@NurcanUnar :)
yalinonline,"@aslbck  deniyorum biseyler,sacmaliyo da olabilirim :)akil gidip gelmeye pek meyilli"
yalinonline,"ornek: ""ayrica bunun seninle ne ilgisi var""...Candan Ercetin-Bahar (Alper Erince de helal tabiki...:))"
yalinonline,"@esrarici oyunbozan olucak o,kurtarir mi bilmem ama...:)"
yalinonline,@SimayMazmanoglu olur tabi olmaz mi?:)
yalinonline,"bir cumle,bir kelime bazen asik edebiliyor insani bir sarkiya..."
yalinonline,@kaanvolkan cuma konusalim mutlaka..
yalinonline,@alialkan evett
yalinonline,"@omeraltiok dinleyemedim ama dinleyecegim mutlaka,tesekkur ederim..."
yalinonline,"Londrada yogun kar beklentisi var,yarinki ucagi etkilemese diyorum..."
yalinonline,@Begum_Kutuk Turkiyede niye vizyonda degil ki? Londrada izledim..
yalinonline,"""Nine"" cidden guzeldi, Marion Cotillard ve Fergie nin performanslari cok etkileyici..."
yalinonline,@Belma33 bu ay degil ama belki onumuzdeki ay:)
yalinonline,@feraitinc geriye sayim...?
yalinonline,@ufukergin gelisi gibi guzel olsun :)
yalinonline,@azizfirat bu sene sanmiyorum:)
yalinonline,@uTkujns tesekkur ederim...
yalinonline,sun is in the sky oh why oh why ? would i wanna be anywhere else...
yalinonline,"@emirhankokcu kardesten ote dostlarimla,sirtim yere gelmez..:) mutlu yillar Emirhanooo"
yalinonline,@alialkan iyi senelerrrr
yalinonline,"@GeErgen bir tane secebildim sonunda,hafta sonu kavusucaz kendisiyle...:)"
yalinonline,Mutlu yillar herkese...:)
yalinonline,"@ayselziya yakinda yenilenmis haliyle,kullanima hazir olacak..."
yalinonline,"@Belma33 tarihler belli oldugunda Yalinonline.com a yazilacak,ordan takip edebilirsin...:)"
yalinonline,"2 gun internetsiz kalmaya dayanamaz olmusum,hic mutlu degilim bu durumdan..."
yalinonline,@missturkja benden de cok selamlar:)
yalinonline,londraya dogru...
yalinonline,"@GeErgen ben aklima,kalbime koydum bi kere...:)"
yalinonline,@GeErgen 2010 Gulben Ergen albumunun en iyi sarkisi benden olmali demek isterim...
yalinonline,"@GeErgen  En Isikli Anne,gurur duyuyorum o sarkinin varligindan,soylenisinden,klibinden...:)"
yalinonline,@CansuBoguslu  :) sikma canini artik
yalinonline,2004 senesi...bir AVMde karsilastigim  teyzeden ogluna: 'oglum bak zalim abin....' :)
yalinonline,@esrarici unutulmazz
yalinonline,@feraitinc siz bizden daha guzel...cok ozlemisim :)
yalinonline,"Sahne nin benimle bir ilgisi yok arkadaslar,evimin onunde oldugu dogrudur :) eglencelidir  ayrica suan..."
yalinonline,@ufukergin onda yanlis yok o keyifli bence :)
yalinonline,http://twitpic.com/us5ih - Fotograftaki yanlisi bulunuz...:)
yalinonline,@UnsalSueroglu :) mutlu oldum...
yalinonline,bursaaa!!! tesekkur ederiim hepinize...
yalinonline,"http://twitpic.com/u6bt4 - Bursa yolu,Safak Karaman ve ekibiyle cekim yaparak gidiyoruz...@jadabalaban, Emir ve Hakan hep beraber"
yalinonline,"@alkanunal hallolucak,merak etme :)"
yalinonline,@kaanvolkan hosbuldum:)
yalinonline,"istanbulum!!!,ozledigim..."
yalinonline,"@Amoureuse_ ucak istanbulda donunce baslayacagim,tekrar tesekkur ederim:)"
yalinonline,@Yasminaa89  sirf size bakacagim peki :)
yalinonline,"@fedige ""ayrica bunun seninle ne ilgisi var?"" i begeniyorum:)"
yalinonline,"Canim THY barcalama beni,yarin rotarsiz ucur yurda emi..."
yalinonline,"sevdin mi bir sarki,soguyana kadar dinlemekten kendini alamamak ne fena! teknolojinin muzige yaramadigi bir durum..."
yalinonline,@nwdsgn sayende...tesekkurler!!!
yalinonline,@emirhankokcu  19 u prova oncesi tartisiriz 1 mi? 1.5 mi? ...:)
yalinonline,@ayseozyilmazel  yuru beee!!!:)
yalinonline,"@pink_angel1806 , @Scugnizzi ve  @alkanunal a gidecek biletler...sevdikleri sarkilari benimle paylasan herkese tesekkurler!"
yalinonline,"Paul Mccartney var X factor de,Jenny Wren soyler mi ki?"
yalinonline,http://twitpic.com/t819c - Euro 2008 deki kiyagini unutamayiz...:)
yalinonline,Cheryl Cole feat Will.i.am- 3 Words..cok begenmeye basladim sanirim bu sarkiyi
yalinonline,cumartesi Chelsea-Everton! 4 sene sonra Stamford Bridge...
yalinonline,@Scugnizzi guzelmis! Anna vissi-Dodeka hic fena degildir...
yalinonline,"Sarkilara devam!haftaya carsamba bilet sahibine gidecek...Super tavsiyeler var!keyifle dinliyorum,tesekkur ederim..."
yalinonline,"twitter in,herkesin birbirinin library sine sarki ekleyebilecegi bir uygulamasi olsa keske...yasal bir sekilde tabiki :)"
yalinonline,@ysukan search e yalinonline yazinca gorebilirsin hepsini...
yalinonline,100 den fazla tavsiye var!!!dinleyecek bir suru sarki...tesekkur ederim hepinize :)
yalinonline,@eceMen neden olmasin:)
yalinonline,@annascott31  hic muhim degil...
yalinonline,"herkesin kimse bilmesin duymasin istedigi bir gizli dinledigi vardir,tam da ondan bahsediyorum..."
yalinonline,daha once hic duymadigimi dusundugunuz guzel bir sarki(yerli/yabanci)...en guzelini tavsiye eden 2 cifte 19 aralik Bursa konseri bileti!
yalinonline,http://twitpic.com/s986e - Benjamin Kitten
yalinonline,yeni video ile  ilgili guzel yorumlariniz icin tesekkurler...
yalinonline,"yaranmak lafi bile cop olmali,insan neyse,kimse o..."
yalinonline,@ozguralaz cok mutlu oldum :)
yalinonline,goremeyenler bir 10 dk sonra tekrar denesin lutfen...
yalinonline,ki sen in videosunu suandan itibaren www.yalinonline.com dan izleyebilirsiniz!!!:)
yalinonline,@ecemenn objektif bakiyoruz di mi?:)
yalinonline,@jadabalaban 140 harfe sigdirsana bi butun ekibi :)
yalinonline,"""ki sen"" aksam ustu ilk kez www.yalinonline.com da yayinda!!!Hakan Yonat ,Kala Film ve emek veren herkese sonsuz tesekkurler..."
yalinonline,"""ki sen"" video Persembe en gec cuma yayinda olacak!!!son isleri yapiliyor suan..."
yalinonline,"""A man should look as if he had bought his clothes with intelligence,put them on with care and then forgotten all about them"""
yalinonline,""" F*ck you"" yu Bush a yazmis...:)"
yalinonline,http://twitpic.com/rcs55 - Sevenleri icin gelsin :)
yalinonline,Lily Allen izlemeye gidiyoruz  bu aksam Brixton a...
yalinonline,"@fedige  Sali gunu izliycez,birlikte:)"
yalinonline,"@suculaslan cok klip seven biri degilim,zamanin sartlarina uyma durumu,senin hayal ettigini yikmayi hic istemem..."
yalinonline,@billursaatci tutsun diye...:)
yalinonline,@GeErgen 1-1 mi olduk?:)
yalinonline,@ufukergin ilginc biseylerin pesindeyim :) guzel olacak!
yalinonline,@GeErgen Hakan Yonat...Londraya gelip haber etmemek??:)
yalinonline,http://twitpic.com/r7jtw - bir kare daha...
yalinonline,"http://twitpic.com/r7jop - ""ki sen"" video dan bir kare"
yalinonline,@zaferakbas :)
yalinonline,iyi bayramlar herkese...
yalinonline,www.yalinonline.com un yeni tasarimina mutlaka bir goz atin...
yalinonline,@ayseozyilmazel kesinlikle...
yalinonline,Turk Turku dunyanin heryerinde tanir ve bulur...:)
yalinonline,tamamen tesaduf eseri denk geldigim ve dun gece gidecegim yere para kabul etmeden ulastiran Kibrisli Turk sofor arkadasa burdan bir tesekkur
yalinonline,"cunku ayrilik da sevdaya dahil,cunku ayrilanlar hala sevgili..."
yalinonline,@sibelarna  yok yok soz :)
yalinonline,@olcayozkan aralik 11 e kadar
yalinonline,Back to London..
yalinonline,"""sana surekli bos koltuklara soyledi haberi yaparlar,sen de surekli en iyi yerlerde biletli konser!""dedi bir dost,dedim balik yagi birebir:)"
yalinonline,"kotu niyetin, kotu sozun sana geri doneceginden hic mi korkmazsin? o yogun sis senin yureginde,ama iste anlayamazsin..."
yalinonline,"her guzel gecen konser,sonraki sabahina, sadece iyilik ve guzellikle,herseyden arinmis uyandirir...tesekkur ederim"
yalinonline,"cok iyi rotarlarla,sonunda Istanbuull"
yalinonline,"canim THY rotarsiz ucmaz,ucamaaz...."
yalinonline,"@aysglvrl,@SinemBurhan biletleri aldilar :) guzel fikirleri icin herkese tesekkurler..."
yalinonline,persembeye kadar devam sarkilara...90 lar oncesinin pesindeyim.
yalinonline,@olcayozkan evet ctesi bekleriz :)
yalinonline,@orayegin soylerim bi ara :)
yalinonline,@orayegin onu mutlaka calicaz
yalinonline,Eskilerden Turkce sarki...akla suana kadar gelmemis en guzelini bulan 2 cifte  21 Kasim Bostanci Gosteri Merkezi konserine bilet!Tesekkurler
yalinonline,"@kaanvolkan suan londra,aralikta da burda olabilirim,haberleselim..."
yalinonline,"@kaanvolkan cok iyiyim,yerimde duramiyorum :)"
yalinonline,"en sevdigim bir dost, nasilsina cevap olarak hic ""ehhh"" demedi!sirf bu yuzden bile daha da cok sevilmeli...."
yalinonline,kucucuk bir gunesle bu havada keyifle hemen tshirt e dusen ingilizler...nasil oluyor  bu is?
yalinonline,"@emirhankokcu emiranooo,dusur yolunu buralara.."
yalinonline,"bu gece ""boujis""! cok ozlenen eski dostlarla..."
yalinonline,"londra soguk,tabiki yagmurlu...en cok da karmasasini sevdigimi farkettim."
yalinonline,"""sabaha dogru"" tam isabet!24 saat sonra iyi sabahlar film sokagi! benimle 1 tam gun deviren tum ekibe sonsuz  tesekkurler..."
yalinonline,http://twitpic.com/oqylk - cok iyiymis :-
yalinonline,http://twitpic.com/oqqdz - sabaha giden yolun basi
yalinonline,@yelchin mutlu oldum cok :-)
yalinonline,"""iki sakini olmaliydi bu evin,iki de sevdalari..bi sarildilarmi butun esyalari ayaklanmali..."""
yalinonline,@yelchin ben de takipteyim :-)
yalinonline,"""You're not a wave, you're part of the ocean"" Morrie Schwartz...Filmi tv icin yapilmis olsa da hayal kirikligina ugratmiyor..."
yalinonline,"birilerine sarilmak, opmek,elini tutmaktan urken herkesin isini kolaylastiran bi  domuz gribi..."
yalinonline,"MTV rop yaptik,2 hafta sonra yayinda..."
yalinonline,"@olcayozkan sevdigim her sarkinin rengi,kokusu,sehri vardir..."
yalinonline,"Eski albumlerden sarki bakiyoruz yeni playliste koymak icin,unuttugumuz hic sahnede calmadigimiz belki de..."
yalinonline,Bir Azeri sarkidir gidiyor 3 gundur...Bir konserde paylasilmasi mumkundur...
yalinonline,"RT @fedige  ""Beni sadece sevgi ilgilendirir ve sadece sevdigim seylerle iliski halindeyim"" Chagal."
yalinonline,"Londra oncesi Istanbulda son hafta...Konserler icin yurda donus onun disinda yeni yila kadar orasi,biraz sarki yazmalii..."
yalinonline,bu aksam 20:15 TRT fm canli telefon baglantisi...
yalinonline,"bu eve hapsolma durumundan en cok gitar memnun,son zamanlarda pek uzak dusmusuz..."
yalinonline,kipkirmizi bir burunla...
yalinonline,su meshur grip salginini es gecmeyelim dedi bunye...
yalinonline,http://twitpic.com/m4cjx -
yalinonline,"Dun aksam icin ""Keske"" nin sozlerini yine karistirdin diyorlar,eyvah diyorum artik bu is hatadan cikip yerlesik duzene gecmistir..."
yalinonline,"sevginin arasina mekan mesafe girmez demisti biri,bugunlere hazirlik yapiyormus..."
yalinonline,"""ki sen"" videosu 10 gun icinde cekilecek,yayin tarihi kasim 3. haftayi bulabilir...bu video islerinde hep geriliyoruz..."
yalinonline,haftaya konser tarihlerini (yurtdisi-yurtici) tam da buraya yaziim diyorum...
yalinonline,"En sevdigim birisine birseyler danistim,sinir birseysin baskasina sor dedi:),yok baskasim dedim uzgunum sizin icin..."
yalinonline,"cocuktum,cocuktun,kalbinin acikligi yuzun gibiydi..."
yalinonline,RT  @julidekocoglu http://twitpic.com/l989r - Yalin Kurueme Arena 2009
yalinonline,http://twitpic.com/l92l9 - harbiye 2009 dan...
yalinonline,@olcayozkan    o zaman iyi seneler diyelim simdiden....
yalinonline,"@ufukergin cunku, tam emin olup karar veremedik bir turlu :)"
yalinonline,TV8 16 ekim cuma yayinlanacak!yeni album&eski albumler karisik 8 live perf.
yalinonline,Londra ve diger sehirler icin calismalar devam ediyor...:)
yalinonline,24 aralik Zurih...
yalinonline,"@djkadircetin ""ki sen"" videosu yolda..."
yalinonline,"@orayegin  :) hayir,henuz oyle bi problem yok..."
yalinonline,Bir TV cekimi icin hazirlik...canli 7 ya da 8 sarki soyliycez...
yalinonline,listening to cherrytree radio!
yalinonline,"Entourage severler mutlaka izlesin,youtubeda da var,Matt Damon rocks!!! http://www.onexone.org/entourage.php"
yalinonline,Entourage sezon finali cok basarili...
yalinonline,@olcayozkan  :) yol aliyoruz gibi hissediyorum
yalinonline,@olcayozkan henuz alternatifimiz pek yok :)
yalinonline,Yeni projeye isim arayisi...
yalinonline,biz de takipteyiz...:) RT@olcayozkan hogeldin... ite kesinlikle takip etmemiz gereken biri...
yalinonline,Orayin ctesi baslayacak yeni programini merakla beklemekteyim...
yalinonline,when you came in the air went out.
yalinonline,"2.video ""ki sen"",  kasimda...."
yalinonline,Mehmet Turgut ses versin fotograflari gondersin :)
yalinonline,Seinfeld den blackberry&iphone! mutlaka izleyin ...girebiliyosaniz youtube vs...
yalinonline,Istanbulum sonbahara hala direniyor...
yalinonline,"bu cuma ya da en gec ptesi istanbul icin biletler satisa cikacak,bi garip degisik bi durum,heyecanlandiran yeni bi proje!!"
yalinonline,airport express apple in yaptigi en iyi seylerden biri olabilir...
yalinonline,@pozitivist aynen biz de -)
yalinonline,"""ki sen"" akustik...
http://bit.ly/gBzVp"
yalinonline,Kasim ayinda baslayacak yeni projenin biletleri yakinda biletixte...Mehmetin Turkmenistana gitmeden resimleri emaillemesini bekliyoruz:)
yalinonline,"2.videoda degisiklik yok,hala ""ki sen"",yakinda.."
yalinonline,"HARBIYE 2009 
http://bit.ly/OiPSx"
yalinonline,http://bit.ly/2pxCwM
yalinonline,www.myspace.com/yalinonline
yalinonline,"19 Eyll 2009 Cumartesi gn saat 14:35'de TRT1 de yaynlanan 
Zirvedekiler programnda..."
yalinonline,www.yalinonline.com yenilendi...
